"Date","L1-Category","L2-Category","Segment","L1-Region","L2-Region","Value","Value 2","Count","Rate"
"2015-01-01","Furniture","Bookcases","Consumer","Central","France","1106.09","-1154.71","8","-1"
"2015-01-01","Furniture","Bookcases","Consumer","North","United Kingdom","854.49","290.43","7","0.3399"
"2015-01-01","Furniture","Bookcases","Corporate","Central","France","155.36","36.23","1","0.2332"
"2015-01-01","Furniture","Bookcases","Corporate","Central","Germany","551.61","165.36","5","0.2998"
"2015-01-01","Furniture","Bookcases","Home Office","Central","France","652.32","7.2","2","0.011"
"2015-01-01","Furniture","Bookcases","Home Office","South","Italy","825.36","338.34","2","0.4099"
"2015-01-01","Furniture","Chairs","Consumer","North","United Kingdom","1384.29","13.77","3","0.0099"
"2015-01-01","Furniture","Chairs","Consumer","South","Italy","142.18","-151.76","4","-1"
"2015-01-01","Furniture","Chairs","Home Office","North","United Kingdom","290.1","69.6","5","0.2399"
"2015-01-01","Furniture","Furnishings","Consumer","Central","France","501.81","35.64","11","0.071"
"2015-01-01","Furniture","Furnishings","Corporate","Central","Germany","20.13","4.02","1","0.1997"
"2015-01-01","Furniture","Tables","Consumer","South","Spain","267.98","-341.74","2","-1"
"2015-01-01","Office Supplies","Appliances","Corporate","Central","Germany","248.94","2.76","1","0.0111"
"2015-01-01","Office Supplies","Art","Consumer","Central","Austria","54.9","9.87","1","0.1798"
"2015-01-01","Office Supplies","Art","Consumer","Central","France","1096.44","119.58","35","0.1091"
"2015-01-01","Office Supplies","Art","Consumer","Central","Netherlands","5.03","-0.1","1","-0.0209"
"2015-01-01","Office Supplies","Art","Consumer","North","Sweden","30.9","-13.65","5","-0.4417"
"2015-01-01","Office Supplies","Art","Consumer","North","United Kingdom","102.72","19.5","2","0.1898"
"2015-01-01","Office Supplies","Art","Corporate","Central","France","299.97","50.82","11","0.1694"
"2015-01-01","Office Supplies","Art","Corporate","Central","Germany","256.8","48.75","5","0.1898"
"2015-01-01","Office Supplies","Art","Corporate","North","United Kingdom","26.64","-21.9","2","-0.8221"
"2015-01-01","Office Supplies","Art","Home Office","Central","France","296.67","97.08","7","0.3272"
"2015-01-01","Office Supplies","Art","Home Office","South","Italy","81.54","16.53","2","0.2027"
"2015-01-01","Office Supplies","Binders","Consumer","Central","France","177.84","5.31","15","0.0299"
"2015-01-01","Office Supplies","Binders","Consumer","Central","Netherlands","9.04","-3.46","3","-0.3831"
"2015-01-01","Office Supplies","Binders","Consumer","North","Denmark","25.54","-10.76","1","-0.421"
"2015-01-01","Office Supplies","Binders","Consumer","North","Norway","64.38","25.53","5","0.3966"
"2015-01-01","Office Supplies","Binders","Consumer","South","Italy","22.05","6.75","3","0.3061"
"2015-01-01","Office Supplies","Binders","Corporate","Central","France","202.2","22.2","4","0.1098"
"2015-01-01","Office Supplies","Binders","Corporate","Central","Germany","161.07","14.19","13","0.0881"
"2015-01-01","Office Supplies","Binders","Home Office","Central","Belgium","11.58","3.12","2","0.2694"
"2015-01-01","Office Supplies","Binders","Home Office","South","Italy","145.26","43.56","3","0.2999"
"2015-01-01","Office Supplies","Envelopes","Consumer","Central","France","11.7","-8.01","3","-0.6846"
"2015-01-01","Office Supplies","Envelopes","Corporate","South","Italy","48.42","21.24","3","0.4387"
"2015-01-01","Office Supplies","Fasteners","Consumer","South","Italy","41.16","2.88","4","0.07"
"2015-01-01","Office Supplies","Fasteners","Corporate","Central","France","33.39","2.25","3","0.0674"
"2015-01-01","Office Supplies","Fasteners","Corporate","South","Spain","108.24","33.36","8","0.3082"
"2015-01-01","Office Supplies","Labels","Consumer","Central","Netherlands","21.9","-12.3","4","-0.5616"
"2015-01-01","Office Supplies","Labels","Consumer","South","Italy","54","7.5","5","0.1389"
"2015-01-01","Office Supplies","Labels","Consumer","South","Spain","71.85","15.63","8","0.2175"
"2015-01-01","Office Supplies","Labels","Corporate","Central","Germany","20.7","7.44","2","0.3594"
"2015-01-01","Office Supplies","Labels","Home Office","North","Denmark","17.06","-7.52","3","-0.4406"
"2015-01-01","Office Supplies","Paper","Consumer","Central","France","59.58","21.42","2","0.3595"
"2015-01-01","Office Supplies","Paper","Consumer","Central","Netherlands","49.8","-37.86","2","-0.7602"
"2015-01-01","Office Supplies","Paper","Consumer","North","United Kingdom","33.93","-6.15","2","-0.1813"
"2015-01-01","Office Supplies","Paper","Consumer","South","Italy","55.17","2.7","3","0.0489"
"2015-01-01","Office Supplies","Paper","Corporate","Central","Germany","169.5","25.35","5","0.1496"
"2015-01-01","Office Supplies","Paper","Home Office","Central","Austria","224.07","102.96","11","0.4595"
"2015-01-01","Office Supplies","Paper","Home Office","North","Sweden","44.86","-26.06","3","-0.5807"
"2015-01-01","Office Supplies","Storage","Consumer","Central","Austria","97.02","31.02","2","0.3197"
"2015-01-01","Office Supplies","Storage","Consumer","Central","France","221.24","4.61","8","0.0208"
"2015-01-01","Office Supplies","Storage","Consumer","Central","Netherlands","198.42","-130.98","2","-0.6601"
"2015-01-01","Office Supplies","Storage","Corporate","Central","France","941.3","237.92","16","0.2528"
"2015-01-01","Office Supplies","Storage","Corporate","North","United Kingdom","222.98","-42.32","5","-0.1898"
"2015-01-01","Office Supplies","Storage","Home Office","Central","Belgium","666","119.85","5","0.18"
"2015-01-01","Office Supplies","Storage","Home Office","South","Italy","936.45","67.14","10","0.0717"
"2015-01-01","Office Supplies","Supplies","Consumer","Central","France","345.33","162.27","9","0.4699"
"2015-01-01","Office Supplies","Supplies","Corporate","Central","Germany","54.6","2.16","2","0.0396"
"2015-01-01","Technology","Accessories","Consumer","Central","Germany","495.42","232.8","2","0.4699"
"2015-01-01","Technology","Accessories","Consumer","North","Norway","88.2","18.45","3","0.2092"
"2015-01-01","Technology","Copiers","Corporate","Central","Germany","1117.92","63.66","4","0.0569"
"2015-01-01","Technology","Copiers","Corporate","South","Portugal","570.28","-216.76","3","-0.3801"
"2015-01-01","Technology","Machines","Corporate","Central","Germany","522.06","20.88","2","0.04"
"2015-01-01","Technology","Machines","Home Office","Central","Austria","485.73","77.67","3","0.1599"
"2015-01-01","Technology","Phones","Corporate","Central","France","64.64","24.32","1","0.3763"
"2015-01-01","Technology","Phones","Home Office","Central","Austria","439.56","65.88","6","0.1499"
"2015-02-01","Furniture","Bookcases","Consumer","Central","Netherlands","874.68","-577.32","4","-0.66"
"2015-02-01","Furniture","Bookcases","Consumer","South","Spain","729.48","240.72","2","0.33"
"2015-02-01","Furniture","Bookcases","Corporate","Central","Belgium","2076","103.8","5","0.05"
"2015-02-01","Furniture","Bookcases","Corporate","Central","Switzerland","780.3","117","2","0.1499"
"2015-02-01","Furniture","Bookcases","Corporate","South","Spain","821.52","353.22","2","0.43"
"2015-02-01","Furniture","Bookcases","Home Office","South","Spain","367.56","14.67","3","0.0399"
"2015-02-01","Furniture","Chairs","Consumer","South","Spain","266.5","23.26","4","0.0873"
"2015-02-01","Furniture","Chairs","Corporate","Central","France","4544.1","1868.13","11","0.4111"
"2015-02-01","Furniture","Chairs","Corporate","North","United Kingdom","268.81","23.89","2","0.0889"
"2015-02-01","Furniture","Chairs","Corporate","South","Italy","47.35","-60.41","2","-1"
"2015-02-01","Furniture","Chairs","Corporate","South","Spain","727.54","-81.86","2","-0.1125"
"2015-02-01","Furniture","Furnishings","Consumer","Central","Netherlands","533.38","-0.14","6","-0.0003"
"2015-02-01","Furniture","Furnishings","Consumer","South","Italy","102.78","29.76","2","0.2896"
"2015-02-01","Furniture","Furnishings","Corporate","Central","Netherlands","266.83","89.98","3","0.3372"
"2015-02-01","Furniture","Furnishings","Corporate","South","Spain","127.26","19.08","3","0.1499"
"2015-02-01","Furniture","Tables","Consumer","Central","Netherlands","272.67","-499.98","3","-1"
"2015-02-01","Furniture","Tables","Consumer","South","Italy","1003.02","-942.9","4","-0.9401"
"2015-02-01","Office Supplies","Appliances","Corporate","Central","France","277.26","-0.03","1","-0.0001"
"2015-02-01","Office Supplies","Art","Consumer","Central","France","111.84","4.44","4","0.0397"
"2015-02-01","Office Supplies","Art","Consumer","Central","Germany","133.35","5.25","5","0.0394"
"2015-02-01","Office Supplies","Art","Consumer","South","Italy","241.92","98.82","6","0.4085"
"2015-02-01","Office Supplies","Art","Consumer","South","Spain","199.35","13.77","6","0.0691"
"2015-02-01","Office Supplies","Art","Corporate","Central","France","267.75","55.92","13","0.2089"
"2015-02-01","Office Supplies","Art","Corporate","Central","Switzerland","18.93","7.56","1","0.3994"
"2015-02-01","Office Supplies","Art","Corporate","South","Spain","63.24","12.12","3","0.1917"
"2015-02-01","Office Supplies","Art","Home Office","Central","France","30.24","10.86","2","0.3591"
"2015-02-01","Office Supplies","Art","Home Office","Central","Germany","123.9","39.6","5","0.3196"
"2015-02-01","Office Supplies","Art","Home Office","North","Sweden","90.63","-61.65","6","-0.6802"
"2015-02-01","Office Supplies","Art","Home Office","South","Spain","92.64","24.06","2","0.2597"
"2015-02-01","Office Supplies","Binders","Consumer","Central","France","83.7","17.22","10","0.2057"
"2015-02-01","Office Supplies","Binders","Consumer","Central","Germany","113.1","35.52","12","0.3141"
"2015-02-01","Office Supplies","Binders","Consumer","South","Italy","126.75","28.56","10","0.2253"
"2015-02-01","Office Supplies","Binders","Corporate","Central","Belgium","308.7","77.04","6","0.2496"
"2015-02-01","Office Supplies","Binders","Corporate","Central","France","159.75","59.1","5","0.37"
"2015-02-01","Office Supplies","Binders","Home Office","Central","Germany","26.32","-14.32","5","-0.5442"
"2015-02-01","Office Supplies","Binders","Home Office","South","Spain","84.78","17.73","3","0.2091"
"2015-02-01","Office Supplies","Envelopes","Consumer","Central","France","50.16","24","4","0.4785"
"2015-02-01","Office Supplies","Envelopes","Corporate","Central","France","21.39","0","1","0"
"2015-02-01","Office Supplies","Envelopes","Corporate","Central","Netherlands","54.78","-18.66","4","-0.3406"
"2015-02-01","Office Supplies","Fasteners","Consumer","Central","Germany","116.73","31.56","12","0.2704"
"2015-02-01","Office Supplies","Fasteners","Consumer","Central","Switzerland","21.18","5.88","2","0.2776"
"2015-02-01","Office Supplies","Fasteners","Consumer","South","Italy","109.62","21.78","6","0.1987"
"2015-02-01","Office Supplies","Fasteners","Corporate","Central","France","34.56","13.77","3","0.3984"
"2015-02-01","Office Supplies","Fasteners","Home Office","South","Spain","47.88","4.77","3","0.0996"
"2015-02-01","Office Supplies","Labels","Corporate","Central","France","31.41","10.62","3","0.3381"
"2015-02-01","Office Supplies","Labels","Corporate","South","Italy","18.45","3.69","3","0.2"
"2015-02-01","Office Supplies","Labels","Home Office","Central","France","27.36","5.94","3","0.2171"
"2015-02-01","Office Supplies","Paper","Consumer","Central","France","45.98","-41.48","5","-0.9021"
"2015-02-01","Office Supplies","Paper","Corporate","Central","France","61.56","0","4","0"
"2015-02-01","Office Supplies","Paper","Corporate","Central","Germany","13.18","-7.94","1","-0.6018"
"2015-02-01","Office Supplies","Storage","Consumer","Central","France","148.88","14.87","3","0.0999"
"2015-02-01","Office Supplies","Storage","Consumer","Central","Switzerland","32.4","8.37","3","0.2583"
"2015-02-01","Office Supplies","Storage","Consumer","South","Italy","29.09","-13.09","1","-0.4501"
"2015-02-01","Office Supplies","Storage","Consumer","South","Spain","9.23","1.61","1","0.1748"
"2015-02-01","Office Supplies","Storage","Corporate","Central","Germany","248.02","8.26","2","0.0333"
"2015-02-01","Office Supplies","Storage","Corporate","Central","Netherlands","91.12","-1.84","3","-0.0202"
"2015-02-01","Office Supplies","Storage","Home Office","Central","Germany","214.61","-220.03","4","-1"
"2015-02-01","Office Supplies","Storage","Home Office","South","Spain","59.62","-2.66","4","-0.0447"
"2015-02-01","Office Supplies","Supplies","Corporate","South","Spain","37.8","18.12","1","0.4794"
"2015-02-01","Technology","Accessories","Consumer","Central","France","44.13","-7.95","2","-0.1801"
"2015-02-01","Technology","Copiers","Consumer","Central","France","549.93","-235.77","6","-0.4287"
"2015-02-01","Technology","Copiers","Corporate","Central","Belgium","524.58","57.66","2","0.1099"
"2015-02-01","Technology","Copiers","Corporate","Central","Germany","465.08","140.12","2","0.3013"
"2015-02-01","Technology","Machines","Consumer","Central","France","630.7","-38.89","10","-0.0617"
"2015-02-01","Technology","Machines","Consumer","South","Italy","506.65","34.21","4","0.0675"
"2015-02-01","Technology","Phones","Consumer","Central","Netherlands","119.61","-40.68","3","-0.3401"
"2015-02-01","Technology","Phones","Consumer","North","Ireland","184.95","-92.52","3","-0.5002"
"2015-02-01","Technology","Phones","Consumer","North","United Kingdom","161.51","43.01","2","0.2663"
"2015-02-01","Technology","Phones","Corporate","Central","France","388.49","74.21","3","0.191"
"2015-02-01","Technology","Phones","Corporate","Central","Germany","583.92","-58.56","8","-0.1003"
"2015-02-01","Technology","Phones","Corporate","South","Spain","587.41","104.41","1","0.1777"
"2015-03-01","Furniture","Bookcases","Consumer","South","Italy","287.94","20.1","2","0.0698"
"2015-03-01","Furniture","Bookcases","Corporate","North","United Kingdom","1314.45","341.73","3","0.26"
"2015-03-01","Furniture","Chairs","Consumer","North","United Kingdom","328.18","55.33","5","0.1686"
"2015-03-01","Furniture","Chairs","Corporate","Central","Germany","729.14","-56.72","5","-0.0778"
"2015-03-01","Furniture","Chairs","Corporate","North","United Kingdom","704.55","288.75","5","0.4098"
"2015-03-01","Furniture","Furnishings","Consumer","Central","Germany","170.04","27.12","4","0.1595"
"2015-03-01","Furniture","Furnishings","Consumer","North","Norway","131.58","9.18","3","0.0698"
"2015-03-01","Furniture","Furnishings","Home Office","Central","Germany","769.65","84.63","7","0.11"
"2015-03-01","Office Supplies","Appliances","Consumer","Central","Germany","3434.15","1409.69","14","0.4105"
"2015-03-01","Office Supplies","Art","Consumer","Central","France","287.01","80.22","9","0.2795"
"2015-03-01","Office Supplies","Art","Consumer","Central","Germany","42.84","19.62","3","0.458"
"2015-03-01","Office Supplies","Art","Consumer","North","Finland","194.64","91.44","4","0.4698"
"2015-03-01","Office Supplies","Art","Consumer","North","United Kingdom","39.58","1.87","3","0.0473"
"2015-03-01","Office Supplies","Art","Consumer","South","Spain","96.57","36.63","3","0.3793"
"2015-03-01","Office Supplies","Art","Corporate","Central","Switzerland","26.4","0.48","2","0.0182"
"2015-03-01","Office Supplies","Art","Corporate","North","United Kingdom","231.72","45.27","7","0.1954"
"2015-03-01","Office Supplies","Art","Home Office","Central","Germany","146.52","0","12","0"
"2015-03-01","Office Supplies","Art","Home Office","North","United Kingdom","266.3","16.61","7","0.0624"
"2015-03-01","Office Supplies","Binders","Consumer","Central","Germany","39.96","16.38","3","0.4099"
"2015-03-01","Office Supplies","Binders","Consumer","Central","Switzerland","92.43","25.83","3","0.2795"
"2015-03-01","Office Supplies","Binders","Consumer","North","United Kingdom","47.74","19.06","4","0.3992"
"2015-03-01","Office Supplies","Binders","Consumer","South","Italy","17.82","3.18","2","0.1785"
"2015-03-01","Office Supplies","Binders","Corporate","Central","Germany","228.91","27.76","9","0.1213"
"2015-03-01","Office Supplies","Binders","Home Office","Central","France","664.29","115.41","16","0.1737"
"2015-03-01","Office Supplies","Envelopes","Consumer","South","Spain","93.84","20.64","2","0.2199"
"2015-03-01","Office Supplies","Envelopes","Corporate","Central","Switzerland","166.8","6.6","4","0.0396"
"2015-03-01","Office Supplies","Fasteners","Consumer","Central","Germany","238.36","38.44","15","0.1613"
"2015-03-01","Office Supplies","Fasteners","Consumer","North","United Kingdom","23.98","8.26","2","0.3443"
"2015-03-01","Office Supplies","Fasteners","Consumer","South","Italy","57.6","28.8","3","0.5"
"2015-03-01","Office Supplies","Fasteners","Corporate","North","United Kingdom","28.14","10.38","2","0.3689"
"2015-03-01","Office Supplies","Fasteners","Corporate","South","Italy","93.3","44.7","5","0.4791"
"2015-03-01","Office Supplies","Fasteners","Home Office","Central","France","56.52","4.5","3","0.0796"
"2015-03-01","Office Supplies","Fasteners","Home Office","North","United Kingdom","6.86","-4.28","1","-0.6236"
"2015-03-01","Office Supplies","Labels","Consumer","Central","France","20.58","4.08","2","0.1983"
"2015-03-01","Office Supplies","Labels","Consumer","Central","Netherlands","17.01","-11.61","3","-0.6825"
"2015-03-01","Office Supplies","Labels","Consumer","South","Italy","47.25","6.93","7","0.1467"
"2015-03-01","Office Supplies","Labels","Corporate","Central","France","13.95","3.87","3","0.2774"
"2015-03-01","Office Supplies","Labels","Corporate","Central","Germany","21.15","6.75","3","0.3191"
"2015-03-01","Office Supplies","Labels","Home Office","Central","Germany","8.07","-5.85","2","-0.7249"
"2015-03-01","Office Supplies","Paper","Consumer","Central","Germany","89.94","26.94","2","0.2995"
"2015-03-01","Office Supplies","Paper","Home Office","Central","Germany","193.32","7.68","4","0.0397"
"2015-03-01","Office Supplies","Storage","Consumer","Central","France","738.32","127.22","8","0.1723"
"2015-03-01","Office Supplies","Storage","Consumer","Central","Germany","450.24","22.2","12","0.0493"
"2015-03-01","Office Supplies","Storage","Consumer","North","Norway","49.68","2.97","3","0.0598"
"2015-03-01","Office Supplies","Storage","Consumer","South","Spain","104.49","26.64","5","0.255"
"2015-03-01","Office Supplies","Storage","Corporate","Central","Germany","131.49","10.44","10","0.0794"
"2015-03-01","Office Supplies","Storage","Corporate","Central","Switzerland","272.76","57.24","2","0.2099"
"2015-03-01","Office Supplies","Storage","Home Office","Central","France","272.05","31.09","4","0.1143"
"2015-03-01","Office Supplies","Storage","Home Office","Central","Germany","102.44","35.24","2","0.344"
"2015-03-01","Office Supplies","Supplies","Consumer","Central","Germany","231.3","64.74","8","0.2799"
"2015-03-01","Office Supplies","Supplies","Consumer","South","Italy","104.67","41.85","3","0.3998"
"2015-03-01","Office Supplies","Supplies","Corporate","South","Italy","83.4","9.96","2","0.1194"
"2015-03-01","Technology","Accessories","Corporate","Central","Germany","370.98","43.74","3","0.1179"
"2015-03-01","Technology","Copiers","Consumer","Central","Germany","380.7","-335.16","6","-0.8804"
"2015-03-01","Technology","Copiers","Consumer","South","Spain","125.85","59.13","1","0.4698"
"2015-03-01","Technology","Copiers","Corporate","Central","Germany","284.76","14.22","2","0.0499"
"2015-03-01","Technology","Machines","Corporate","Central","Netherlands","747.3","-89.7","5","-0.12"
"2015-03-01","Technology","Machines","Home Office","Central","Germany","46.53","12.54","1","0.2695"
"2015-03-01","Technology","Phones","Consumer","Central","Germany","639","44.73","1","0.07"
"2015-03-01","Technology","Phones","Consumer","Central","Netherlands","84.02","-55.46","1","-0.6601"
"2015-03-01","Technology","Phones","Consumer","South","Italy","81.76","13.6","2","0.1663"
"2015-03-01","Technology","Phones","Corporate","Central","Germany","389.61","15.57","3","0.04"
"2015-03-01","Technology","Phones","Home Office","Central","France","245.51","2.87","2","0.0117"
"2015-03-01","Technology","Phones","Home Office","Central","Germany","520.11","202.77","3","0.3899"
"2015-04-01","Furniture","Bookcases","Consumer","North","United Kingdom","2624.04","446.04","6","0.17"
"2015-04-01","Furniture","Bookcases","Corporate","South","Spain","718.95","21.45","5","0.0298"
"2015-04-01","Furniture","Chairs","Consumer","Central","France","2520.69","803.07","11","0.3186"
"2015-04-01","Furniture","Chairs","Corporate","Central","France","507.28","174.64","4","0.3443"
"2015-04-01","Furniture","Chairs","Corporate","South","Italy","45.07","-33.83","2","-0.7505"
"2015-04-01","Furniture","Chairs","Home Office","South","Spain","65.78","18.89","1","0.2872"
"2015-04-01","Furniture","Furnishings","Consumer","Central","Germany","256.95","74.4","5","0.2896"
"2015-04-01","Furniture","Furnishings","Consumer","Central","Switzerland","110.28","37.44","2","0.3395"
"2015-04-01","Furniture","Furnishings","Consumer","North","United Kingdom","154.39","-4.49","4","-0.0291"
"2015-04-01","Furniture","Furnishings","Corporate","North","Sweden","40.01","-44.05","2","-1"
"2015-04-01","Furniture","Furnishings","Corporate","South","Italy","63.84","7.56","4","0.1184"
"2015-04-01","Furniture","Tables","Home Office","South","Spain","381.96","-181.44","3","-0.475"
"2015-04-01","Office Supplies","Appliances","Consumer","Central","Switzerland","584.22","233.52","7","0.3997"
"2015-04-01","Office Supplies","Appliances","Corporate","Central","France","1889.06","482.68","7","0.2555"
"2015-04-01","Office Supplies","Appliances","Corporate","Central","Germany","537.52","220.84","7","0.4108"
"2015-04-01","Office Supplies","Appliances","Corporate","South","Spain","333.84","133.44","4","0.3997"
"2015-04-01","Office Supplies","Art","Consumer","Central","Belgium","189.93","52.11","4","0.2744"
"2015-04-01","Office Supplies","Art","Consumer","Central","France","206.79","52.02","8","0.2516"
"2015-04-01","Office Supplies","Art","Consumer","Central","Germany","44.22","7.92","2","0.1791"
"2015-04-01","Office Supplies","Art","Consumer","Central","Netherlands","39.15","-18.81","3","-0.4805"
"2015-04-01","Office Supplies","Art","Consumer","Central","Switzerland","20.64","9.06","2","0.439"
"2015-04-01","Office Supplies","Art","Consumer","North","United Kingdom","399.87","68.46","20","0.1712"
"2015-04-01","Office Supplies","Art","Consumer","South","Italy","157.95","69.48","3","0.4399"
"2015-04-01","Office Supplies","Art","Corporate","Central","France","128.64","27.78","8","0.216"
"2015-04-01","Office Supplies","Art","Corporate","Central","Germany","119.07","38.07","9","0.3197"
"2015-04-01","Office Supplies","Art","Corporate","South","Italy","257.85","107.61","9","0.4173"
"2015-04-01","Office Supplies","Art","Corporate","South","Portugal","205.44","-127.44","8","-0.6203"
"2015-04-01","Office Supplies","Art","Home Office","Central","France","384.3","69.09","7","0.1798"
"2015-04-01","Office Supplies","Art","Home Office","South","Spain","150.99","43.11","7","0.2855"
"2015-04-01","Office Supplies","Binders","Consumer","Central","France","205.65","9.33","16","0.0454"
"2015-04-01","Office Supplies","Binders","Consumer","South","Italy","440.82","49.77","9","0.1129"
"2015-04-01","Office Supplies","Binders","Consumer","South","Spain","38.7","9.9","6","0.2558"
"2015-04-01","Office Supplies","Binders","Corporate","Central","France","521.7","140.16","12","0.2687"
"2015-04-01","Office Supplies","Binders","Corporate","Central","Germany","30.6","1.2","5","0.0392"
"2015-04-01","Office Supplies","Binders","Corporate","South","Italy","24","0.96","2","0.04"
"2015-04-01","Office Supplies","Binders","Home Office","Central","France","77.28","7.02","4","0.0908"
"2015-04-01","Office Supplies","Binders","Home Office","South","Spain","45.06","5.76","4","0.1278"
"2015-04-01","Office Supplies","Envelopes","Corporate","Central","Germany","47.58","5.7","2","0.1198"
"2015-04-01","Office Supplies","Envelopes","Corporate","Central","Netherlands","52.5","-35.7","5","-0.68"
"2015-04-01","Office Supplies","Envelopes","Corporate","South","Portugal","16.95","-4.77","2","-0.2814"
"2015-04-01","Office Supplies","Envelopes","Home Office","South","Spain","122.7","53.85","5","0.4389"
"2015-04-01","Office Supplies","Fasteners","Consumer","Central","France","24.72","4.92","2","0.199"
"2015-04-01","Office Supplies","Fasteners","Corporate","Central","France","85.95","32.55","5","0.3787"
"2015-04-01","Office Supplies","Fasteners","Corporate","South","Italy","38.82","17.82","2","0.459"
"2015-04-01","Office Supplies","Labels","Consumer","Central","France","45.45","6.84","5","0.1505"
"2015-04-01","Office Supplies","Labels","Consumer","Central","Germany","64.26","24.84","9","0.3866"
"2015-04-01","Office Supplies","Labels","Consumer","Central","Switzerland","14.58","0.72","2","0.0494"
"2015-04-01","Office Supplies","Labels","Consumer","North","United Kingdom","58.5","28.17","6","0.4815"
"2015-04-01","Office Supplies","Labels","Corporate","Central","France","17.52","2.76","2","0.1575"
"2015-04-01","Office Supplies","Labels","Corporate","Central","Germany","64.8","32.4","6","0.5"
"2015-04-01","Office Supplies","Paper","Consumer","Central","France","47.4","17.04","2","0.3595"
"2015-04-01","Office Supplies","Paper","Consumer","North","United Kingdom","186.36","89.4","4","0.4797"
"2015-04-01","Office Supplies","Paper","Corporate","Central","Netherlands","16.8","-6.72","2","-0.4"
"2015-04-01","Office Supplies","Paper","Corporate","South","Italy","241.65","9.6","5","0.0397"
"2015-04-01","Office Supplies","Storage","Consumer","Central","France","255.2","15.02","9","0.0589"
"2015-04-01","Office Supplies","Storage","Consumer","Central","Germany","935.28","83.04","8","0.0888"
"2015-04-01","Office Supplies","Storage","Consumer","North","United Kingdom","979.62","205.92","10","0.2102"
"2015-04-01","Office Supplies","Storage","Corporate","Central","Germany","542.16","191.61","13","0.3534"
"2015-04-01","Office Supplies","Storage","Corporate","South","Italy","532.51","-274.13","8","-0.5148"
"2015-04-01","Office Supplies","Storage","Home Office","South","Spain","1523.66","-50.98","8","-0.0335"
"2015-04-01","Office Supplies","Supplies","Consumer","Central","France","81.18","19.44","3","0.2395"
"2015-04-01","Office Supplies","Supplies","Consumer","North","United Kingdom","90.12","43.2","4","0.4794"
"2015-04-01","Office Supplies","Supplies","Corporate","Central","France","65.79","14.4","3","0.2189"
"2015-04-01","Office Supplies","Supplies","Corporate","Central","Germany","256.23","89.07","9","0.3476"
"2015-04-01","Technology","Accessories","Consumer","Central","France","293.58","108.57","7","0.3698"
"2015-04-01","Technology","Accessories","Consumer","South","Italy","123.12","50.4","3","0.4094"
"2015-04-01","Technology","Accessories","Corporate","South","Italy","311.76","12.24","12","0.0393"
"2015-04-01","Technology","Accessories","Home Office","Central","France","1232.1","98.55","5","0.08"
"2015-04-01","Technology","Copiers","Consumer","Central","Germany","785.34","86.31","3","0.1099"
"2015-04-01","Technology","Machines","Consumer","North","United Kingdom","859.38","41.34","5","0.0481"
"2015-04-01","Technology","Machines","Corporate","Central","France","2016.85","-0.05","9","0"
"2015-04-01","Technology","Phones","Consumer","Central","France","683.58","-24.27","11","-0.0355"
"2015-04-01","Technology","Phones","Consumer","Central","Germany","306.24","9.18","2","0.03"
"2015-04-01","Technology","Phones","Consumer","North","Ireland","238.46","-0.1","7","-0.0004"
"2015-04-01","Technology","Phones","Consumer","North","United Kingdom","692.85","228.6","5","0.3299"
"2015-04-01","Technology","Phones","Consumer","South","Spain","443.99","88.79","4","0.2"
"2015-04-01","Technology","Phones","Corporate","Central","France","645.28","75.88","5","0.1176"
"2015-04-01","Technology","Phones","Corporate","North","Sweden","73.2","-11.76","2","-0.1607"
"2015-04-01","Technology","Phones","Corporate","South","Italy","496.58","-289.84","6","-0.5837"
"2015-05-01","Furniture","Bookcases","Consumer","Central","Germany","713.12","39.56","4","0.0555"
"2015-05-01","Furniture","Bookcases","Consumer","Central","Netherlands","704.34","-115.08","8","-0.1634"
"2015-05-01","Furniture","Bookcases","Consumer","North","United Kingdom","607.72","189.04","4","0.3111"
"2015-05-01","Furniture","Bookcases","Corporate","Central","Germany","1112.7","259.59","3","0.2333"
"2015-05-01","Furniture","Chairs","Consumer","Central","Austria","1058.58","105.84","6","0.1"
"2015-05-01","Furniture","Furnishings","Consumer","Central","Austria","87.3","27.06","2","0.31"
"2015-05-01","Furniture","Furnishings","Consumer","Central","France","151.38","2.97","3","0.0196"
"2015-05-01","Furniture","Furnishings","Consumer","North","United Kingdom","92.42","7.91","3","0.0856"
"2015-05-01","Furniture","Furnishings","Corporate","South","Italy","75.78","30.24","3","0.399"
"2015-05-01","Furniture","Furnishings","Corporate","South","Portugal","169.92","-81.63","3","-0.4804"
"2015-05-01","Furniture","Furnishings","Home Office","Central","Germany","422.64","91.29","11","0.216"
"2015-05-01","Furniture","Tables","Consumer","Central","France","2228.64","-754.41","7","-0.3385"
"2015-05-01","Furniture","Tables","Consumer","Central","Germany","827.27","-394.57","4","-0.477"
"2015-05-01","Furniture","Tables","Home Office","Central","France","627.28","-135.14","2","-0.2154"
"2015-05-01","Office Supplies","Appliances","Consumer","Central","France","1388.88","154.23","5","0.111"
"2015-05-01","Office Supplies","Appliances","Consumer","Central","Germany","324","-25.2","6","-0.0778"
"2015-05-01","Office Supplies","Appliances","Consumer","Central","Netherlands","55.65","-7.83","2","-0.1407"
"2015-05-01","Office Supplies","Appliances","Consumer","North","Ireland","115.06","-39.2","3","-0.3406"
"2015-05-01","Office Supplies","Art","Consumer","Central","France","93.24","18.99","6","0.2037"
"2015-05-01","Office Supplies","Art","Consumer","Central","Germany","515.43","201.39","15","0.3907"
"2015-05-01","Office Supplies","Art","Consumer","North","Sweden","25.83","-7.77","2","-0.3008"
"2015-05-01","Office Supplies","Art","Consumer","North","United Kingdom","359.59","25.99","16","0.0723"
"2015-05-01","Office Supplies","Art","Corporate","Central","Germany","86.34","17.97","5","0.2081"
"2015-05-01","Office Supplies","Art","Corporate","North","Sweden","43.83","-32.49","3","-0.7413"
"2015-05-01","Office Supplies","Art","Corporate","South","Italy","192.87","70.56","5","0.3658"
"2015-05-01","Office Supplies","Art","Corporate","South","Spain","457.11","59.4","9","0.1299"
"2015-05-01","Office Supplies","Art","Home Office","Central","France","648.48","168.42","14","0.2597"
"2015-05-01","Office Supplies","Art","Home Office","Central","Germany","195.63","60.93","7","0.3115"
"2015-05-01","Office Supplies","Binders","Consumer","Central","Germany","210.29","50.48","13","0.2401"
"2015-05-01","Office Supplies","Binders","Consumer","Central","Netherlands","4.53","-0.03","2","-0.0066"
"2015-05-01","Office Supplies","Binders","Consumer","North","United Kingdom","122.98","4.04","5","0.0328"
"2015-05-01","Office Supplies","Binders","Consumer","South","Italy","34.65","8.28","3","0.239"
"2015-05-01","Office Supplies","Binders","Corporate","South","Italy","71.1","4.95","11","0.0696"
"2015-05-01","Office Supplies","Binders","Home Office","Central","Netherlands","171.36","-48.09","7","-0.2806"
"2015-05-01","Office Supplies","Envelopes","Consumer","South","Spain","82.38","19.74","2","0.2396"
"2015-05-01","Office Supplies","Envelopes","Corporate","North","Sweden","45.7","-38.44","11","-0.8412"
"2015-05-01","Office Supplies","Envelopes","Home Office","Central","France","94.05","15.9","5","0.1691"
"2015-05-01","Office Supplies","Envelopes","Home Office","Central","Germany","70.2","4.14","3","0.059"
"2015-05-01","Office Supplies","Fasteners","Consumer","Central","Germany","99.54","32.76","6","0.3291"
"2015-05-01","Office Supplies","Fasteners","Consumer","Central","Netherlands","52.65","-9.63","7","-0.1829"
"2015-05-01","Office Supplies","Fasteners","Consumer","North","United Kingdom","34.47","0.27","3","0.0078"
"2015-05-01","Office Supplies","Fasteners","Corporate","Central","Germany","50.87","-1.15","3","-0.0226"
"2015-05-01","Office Supplies","Labels","Corporate","Central","France","14.04","5.04","2","0.359"
"2015-05-01","Office Supplies","Labels","Home Office","Central","Germany","60.84","20.88","7","0.3432"
"2015-05-01","Office Supplies","Paper","Consumer","South","Italy","62.34","14.28","2","0.2291"
"2015-05-01","Office Supplies","Paper","Corporate","Central","France","49.02","11.22","2","0.2289"
"2015-05-01","Office Supplies","Paper","Corporate","Central","Netherlands","52.5","-17.94","4","-0.3417"
"2015-05-01","Office Supplies","Paper","Corporate","North","Sweden","39.06","-17.22","4","-0.4409"
"2015-05-01","Office Supplies","Paper","Corporate","South","Spain","253.26","86.1","9","0.34"
"2015-05-01","Office Supplies","Paper","Home Office","Central","Germany","55.98","16.74","2","0.299"
"2015-05-01","Office Supplies","Storage","Consumer","Central","Austria","964.53","125.37","7","0.13"
"2015-05-01","Office Supplies","Storage","Consumer","Central","Netherlands","271.38","-183.36","11","-0.6757"
"2015-05-01","Office Supplies","Storage","Consumer","North","United Kingdom","254.93","45.29","2","0.1777"
"2015-05-01","Office Supplies","Storage","Consumer","South","Italy","43.2","-20.16","3","-0.4667"
"2015-05-01","Office Supplies","Storage","Corporate","Central","Germany","534.44","231.59","3","0.4333"
"2015-05-01","Office Supplies","Storage","Corporate","North","Sweden","609.66","-231.84","6","-0.3803"
"2015-05-01","Office Supplies","Storage","Corporate","North","United Kingdom","2904.96","186.66","16","0.0643"
"2015-05-01","Office Supplies","Storage","Corporate","South","Italy","255.74","-102.37","3","-0.4003"
"2015-05-01","Office Supplies","Storage","Corporate","South","Spain","1074.06","214.74","6","0.1999"
"2015-05-01","Office Supplies","Storage","Home Office","Central","Germany","53.14","3.46","3","0.065"
"2015-05-01","Office Supplies","Supplies","Consumer","Central","Netherlands","34.5","-18.66","2","-0.5409"
"2015-05-01","Office Supplies","Supplies","Corporate","North","United Kingdom","163.98","6.48","6","0.0395"
"2015-05-01","Office Supplies","Supplies","Home Office","Central","France","138.6","0","4","0"
"2015-05-01","Technology","Accessories","Consumer","North","United Kingdom","54.18","12.42","2","0.2292"
"2015-05-01","Technology","Accessories","Corporate","South","Italy","1723.26","609.18","10","0.3535"
"2015-05-01","Technology","Copiers","Consumer","Central","Germany","379.08","26.52","2","0.07"
"2015-05-01","Technology","Copiers","Corporate","Central","Austria","1429.74","577.14","6","0.4037"
"2015-05-01","Technology","Machines","Consumer","Central","France","292","86.8","4","0.2973"
"2015-05-01","Technology","Machines","Consumer","Central","Germany","531.03","87.6","5","0.165"
"2015-05-01","Technology","Machines","Consumer","North","United Kingdom","1413.45","502.5","5","0.3555"
"2015-05-01","Technology","Machines","Corporate","Central","Germany","98.88","28.62","2","0.2894"
"2015-05-01","Technology","Machines","Corporate","South","Spain","469.85","-31.33","2","-0.0667"
"2015-05-01","Technology","Phones","Consumer","Central","France","193.93","72.97","3","0.3763"
"2015-05-01","Technology","Phones","Consumer","South","Italy","78.16","-46.94","2","-0.6006"
"2015-05-01","Technology","Phones","Consumer","South","Spain","224.15","34.85","2","0.1555"
"2015-05-01","Technology","Phones","Corporate","Central","Germany","532.77","111.72","7","0.2097"
"2015-05-01","Technology","Phones","Corporate","South","Italy","600.59","-370.51","6","-0.6169"
"2015-05-01","Technology","Phones","Home Office","Central","Germany","65.13","2.58","1","0.0396"
"2015-06-01","Furniture","Bookcases","Consumer","Central","Austria","2394.45","529.32","7","0.2211"
"2015-06-01","Furniture","Bookcases","Consumer","Central","France","704.05","312.91","2","0.4444"
"2015-06-01","Furniture","Bookcases","Consumer","South","Spain","1814.25","653.1","5","0.36"
"2015-06-01","Furniture","Bookcases","Corporate","Central","France","701.89","221.05","6","0.3149"
"2015-06-01","Furniture","Bookcases","Corporate","Central","Germany","754","142.12","6","0.1885"
"2015-06-01","Furniture","Bookcases","Corporate","North","Ireland","1029.38","-247.12","5","-0.2401"
"2015-06-01","Furniture","Bookcases","Corporate","North","United Kingdom","1047.62","348.65","7","0.3328"
"2015-06-01","Furniture","Bookcases","Corporate","South","Spain","246.9","34.56","2","0.14"
"2015-06-01","Furniture","Bookcases","Home Office","Central","Germany","1063.92","239.7","6","0.2253"
"2015-06-01","Furniture","Chairs","Consumer","Central","France","1696.25","734.93","4","0.4333"
"2015-06-01","Furniture","Chairs","Consumer","Central","Germany","807.73","197.35","6","0.2443"
"2015-06-01","Furniture","Chairs","Consumer","North","Sweden","714.15","-142.83","3","-0.2"
"2015-06-01","Furniture","Chairs","Consumer","South","Spain","146.74","-14.72","2","-0.1003"
"2015-06-01","Furniture","Chairs","Corporate","Central","Germany","1721.87","104.09","10","0.0605"
"2015-06-01","Furniture","Chairs","Corporate","North","Denmark","86.54","-77.9","3","-0.9002"
"2015-06-01","Furniture","Chairs","Home Office","Central","France","126.82","43.66","1","0.3443"
"2015-06-01","Furniture","Furnishings","Consumer","Central","Germany","103.68","-45.72","4","-0.441"
"2015-06-01","Furniture","Furnishings","Consumer","North","United Kingdom","174.72","-31.26","4","-0.1789"
"2015-06-01","Furniture","Furnishings","Corporate","Central","Germany","288.68","48.11","3","0.1667"
"2015-06-01","Furniture","Furnishings","Corporate","Central","Netherlands","100.92","4.92","5","0.0488"
"2015-06-01","Furniture","Furnishings","Corporate","North","United Kingdom","144.06","-37.14","4","-0.2578"
"2015-06-01","Furniture","Furnishings","Home Office","North","United Kingdom","105.52","-7.6","3","-0.0721"
"2015-06-01","Furniture","Tables","Home Office","North","United Kingdom","1266.03","323.46","3","0.2555"
"2015-06-01","Office Supplies","Appliances","Consumer","Central","Austria","60","1.8","1","0.03"
"2015-06-01","Office Supplies","Appliances","Consumer","Central","Belgium","152.28","44.16","2","0.29"
"2015-06-01","Office Supplies","Appliances","Consumer","Central","France","837.86","-27.94","3","-0.0333"
"2015-06-01","Office Supplies","Appliances","Consumer","North","United Kingdom","225.4","75.04","4","0.3329"
"2015-06-01","Office Supplies","Appliances","Consumer","South","Italy","561.3","33.66","2","0.06"
"2015-06-01","Office Supplies","Appliances","Corporate","Central","France","121.93","-8.15","2","-0.0668"
"2015-06-01","Office Supplies","Appliances","Corporate","Central","Germany","228.82","50.8","3","0.222"
"2015-06-01","Office Supplies","Appliances","Corporate","Central","Netherlands","125.46","-105.39","3","-0.84"
"2015-06-01","Office Supplies","Appliances","Corporate","North","United Kingdom","2052.54","410.46","4","0.2"
"2015-06-01","Office Supplies","Appliances","Home Office","Central","Germany","511.62","227.37","1","0.4444"
"2015-06-01","Office Supplies","Art","Consumer","Central","Austria","44.1","7.92","2","0.1796"
"2015-06-01","Office Supplies","Art","Consumer","Central","France","435.78","119.97","11","0.2753"
"2015-06-01","Office Supplies","Art","Consumer","Central","Germany","599.88","127.5","12","0.2125"
"2015-06-01","Office Supplies","Art","Consumer","South","Italy","152.19","48.69","3","0.3199"
"2015-06-01","Office Supplies","Art","Consumer","South","Spain","214.74","73.56","11","0.3426"
"2015-06-01","Office Supplies","Art","Corporate","Central","France","655.26","202.77","24","0.3094"
"2015-06-01","Office Supplies","Art","Corporate","Central","Germany","179.55","74.37","10","0.4142"
"2015-06-01","Office Supplies","Art","Corporate","North","United Kingdom","50.76","16.74","2","0.3298"
"2015-06-01","Office Supplies","Art","Corporate","South","Italy","132.3","23.76","6","0.1796"
"2015-06-01","Office Supplies","Art","Home Office","Central","Germany","38.28","8.4","2","0.2194"
"2015-06-01","Office Supplies","Art","Home Office","North","United Kingdom","146.4","7.2","5","0.0492"
"2015-06-01","Office Supplies","Binders","Consumer","Central","France","328.68","77.22","11","0.2349"
"2015-06-01","Office Supplies","Binders","Consumer","Central","Germany","39.33","2.7","3","0.0686"
"2015-06-01","Office Supplies","Binders","Consumer","North","United Kingdom","75.63","26.25","10","0.3471"
"2015-06-01","Office Supplies","Binders","Consumer","South","Spain","45.72","20.52","6","0.4488"
"2015-06-01","Office Supplies","Binders","Corporate","Central","Austria","196.92","78.72","4","0.3998"
"2015-06-01","Office Supplies","Binders","Corporate","Central","France","193.68","60.66","12","0.3132"
"2015-06-01","Office Supplies","Binders","Corporate","Central","Germany","91.23","29.94","8","0.3282"
"2015-06-01","Office Supplies","Binders","Corporate","Central","Netherlands","49.77","-21.93","2","-0.4406"
"2015-06-01","Office Supplies","Binders","Corporate","North","Ireland","27.99","-9.57","2","-0.3419"
"2015-06-01","Office Supplies","Binders","Corporate","North","United Kingdom","22.14","6.84","2","0.3089"
"2015-06-01","Office Supplies","Binders","Corporate","South","Italy","111.18","13.62","10","0.1225"
"2015-06-01","Office Supplies","Binders","Home Office","North","United Kingdom","63.24","25.92","2","0.4099"
"2015-06-01","Office Supplies","Binders","Home Office","South","Italy","151.02","9","3","0.0596"
"2015-06-01","Office Supplies","Binders","Home Office","South","Spain","135.75","46.14","5","0.3399"
"2015-06-01","Office Supplies","Envelopes","Consumer","Central","France","554.22","149.55","20","0.2698"
"2015-06-01","Office Supplies","Envelopes","Consumer","North","United Kingdom","78.75","35.4","5","0.4495"
"2015-06-01","Office Supplies","Envelopes","Corporate","Central","Germany","80.1","3.96","2","0.0494"
"2015-06-01","Office Supplies","Envelopes","Corporate","North","Ireland","25.23","-5.58","1","-0.2212"
"2015-06-01","Office Supplies","Envelopes","Corporate","North","United Kingdom","117.6","57.6","4","0.4898"
"2015-06-01","Office Supplies","Envelopes","Corporate","South","Italy","17.04","8.16","2","0.4789"
"2015-06-01","Office Supplies","Envelopes","Home Office","Central","France","91.56","14.64","4","0.1599"
"2015-06-01","Office Supplies","Envelopes","Home Office","Central","Germany","36.88","3.22","2","0.0874"
"2015-06-01","Office Supplies","Fasteners","Consumer","Central","Germany","112.32","24.48","8","0.2179"
"2015-06-01","Office Supplies","Fasteners","Corporate","Central","Austria","49.26","13.62","4","0.2765"
"2015-06-01","Office Supplies","Fasteners","Corporate","Central","Belgium","200.88","25.92","12","0.129"
"2015-06-01","Office Supplies","Fasteners","Corporate","Central","France","58.23","26.73","3","0.459"
"2015-06-01","Office Supplies","Fasteners","Corporate","North","Sweden","17.95","-17.32","3","-0.9649"
"2015-06-01","Office Supplies","Fasteners","Corporate","South","Italy","57.6","28.8","3","0.5"
"2015-06-01","Office Supplies","Labels","Consumer","Central","France","16.5","2.28","2","0.1382"
"2015-06-01","Office Supplies","Labels","Consumer","Central","Germany","13.68","4.77","1","0.3487"
"2015-06-01","Office Supplies","Labels","Corporate","Central","Germany","31.68","5.94","3","0.1875"
"2015-06-01","Office Supplies","Labels","Home Office","North","United Kingdom","119.46","15.51","11","0.1298"
"2015-06-01","Office Supplies","Paper","Consumer","Central","Germany","330.66","109.77","12","0.332"
"2015-06-01","Office Supplies","Paper","Consumer","North","United Kingdom","467.91","106.77","13","0.2282"
"2015-06-01","Office Supplies","Paper","Consumer","South","Italy","111.84","54.72","4","0.4893"
"2015-06-01","Office Supplies","Paper","Corporate","Central","France","447.54","77.49","15","0.1731"
"2015-06-01","Office Supplies","Paper","Corporate","Central","Netherlands","90.18","-0.06","4","-0.0007"
"2015-06-01","Office Supplies","Paper","Corporate","North","United Kingdom","57.02","3.74","3","0.0657"
"2015-06-01","Office Supplies","Paper","Home Office","Central","Germany","214.83","60.06","11","0.2796"
"2015-06-01","Office Supplies","Storage","Consumer","Central","Germany","36.94","6.46","4","0.1748"
"2015-06-01","Office Supplies","Storage","Consumer","Central","Netherlands","204.63","-90.09","2","-0.4403"
"2015-06-01","Office Supplies","Storage","Consumer","North","Ireland","134.61","-8.13","2","-0.0604"
"2015-06-01","Office Supplies","Storage","Consumer","North","Sweden","123.75","-99.93","6","-0.8075"
"2015-06-01","Office Supplies","Storage","Consumer","North","United Kingdom","99.25","9.91","2","0.0999"
"2015-06-01","Office Supplies","Storage","Consumer","South","Italy","396.76","-74.18","7","-0.187"
"2015-06-01","Office Supplies","Storage","Consumer","South","Spain","306.45","61.53","7","0.2008"
"2015-06-01","Office Supplies","Storage","Corporate","Central","Belgium","73.35","0","3","0"
"2015-06-01","Office Supplies","Storage","Corporate","Central","France","203.65","-25.31","8","-0.1243"
"2015-06-01","Office Supplies","Storage","Corporate","Central","Germany","412.96","120.26","10","0.2912"
"2015-06-01","Office Supplies","Storage","Corporate","North","United Kingdom","635.07","219.51","13","0.3456"
"2015-06-01","Office Supplies","Storage","Corporate","South","Italy","546.41","-115.33","6","-0.2111"
"2015-06-01","Office Supplies","Storage","Home Office","Central","France","599.4","53.25","5","0.0888"
"2015-06-01","Office Supplies","Storage","Home Office","Central","Germany","80.35","0.88","3","0.011"
"2015-06-01","Office Supplies","Storage","Home Office","North","United Kingdom","241.43","24.11","2","0.0999"
"2015-06-01","Office Supplies","Storage","Home Office","South","Italy","164.81","-109.87","2","-0.6667"
"2015-06-01","Office Supplies","Supplies","Consumer","Central","Austria","50.46","13.08","2","0.2592"
"2015-06-01","Office Supplies","Supplies","Consumer","Central","France","554.04","144","12","0.2599"
"2015-06-01","Office Supplies","Supplies","Consumer","North","United Kingdom","139.94","18.46","7","0.132"
"2015-06-01","Office Supplies","Supplies","Corporate","Central","France","255.87","12","11","0.0469"
"2015-06-01","Office Supplies","Supplies","Corporate","Central","Netherlands","144.99","-52.38","9","-0.3613"
"2015-06-01","Office Supplies","Supplies","Home Office","Central","France","206.4","24.75","5","0.1199"
"2015-06-01","Technology","Accessories","Consumer","Central","Germany","976.08","292.8","4","0.3"
"2015-06-01","Technology","Accessories","Consumer","North","Sweden","738.63","-177.39","6","-0.2402"
"2015-06-01","Technology","Accessories","Consumer","North","United Kingdom","404.76","8.04","4","0.0199"
"2015-06-01","Technology","Accessories","Corporate","Central","France","112.62","56.31","1","0.5"
"2015-06-01","Technology","Accessories","Corporate","Central","Germany","112.83","-12.54","3","-0.1111"
"2015-06-01","Technology","Accessories","Corporate","Central","Netherlands","388.12","-357.08","3","-0.92"
"2015-06-01","Technology","Accessories","Corporate","North","United Kingdom","1255.2","243.66","18","0.1941"
"2015-06-01","Technology","Accessories","Home Office","Central","Germany","388.12","-357.08","3","-0.92"
"2015-06-01","Technology","Copiers","Consumer","Central","France","667.54","-31.49","3","-0.0472"
"2015-06-01","Technology","Copiers","Consumer","South","Italy","1214.58","45","7","0.037"
"2015-06-01","Technology","Copiers","Consumer","South","Spain","709.71","174.03","5","0.2452"
"2015-06-01","Technology","Copiers","Corporate","Central","Germany","859.65","-0.03","3","0"
"2015-06-01","Technology","Copiers","Home Office","South","Italy","1239.99","146.07","7","0.1178"
"2015-06-01","Technology","Machines","Consumer","North","United Kingdom","628.44","6.24","2","0.0099"
"2015-06-01","Technology","Machines","Consumer","South","Spain","410.67","-36.72","9","-0.0894"
"2015-06-01","Technology","Machines","Corporate","Central","France","1557.54","40.2","8","0.0258"
"2015-06-01","Technology","Machines","Corporate","Central","Netherlands","243.27","-175.23","6","-0.7203"
"2015-06-01","Technology","Machines","Home Office","North","United Kingdom","605.1","266.1","5","0.4398"
"2015-06-01","Technology","Phones","Consumer","Central","Belgium","956.88","315.72","12","0.3299"
"2015-06-01","Technology","Phones","Consumer","Central","France","970.5","-63.45","13","-0.0654"
"2015-06-01","Technology","Phones","Consumer","Central","Germany","672.48","87.36","4","0.1299"
"2015-06-01","Technology","Phones","Consumer","North","United Kingdom","636.06","273.48","1","0.43"
"2015-06-01","Technology","Phones","Consumer","South","Spain","321.46","110.62","3","0.3441"
"2015-06-01","Technology","Phones","Corporate","Central","France","434.06","129.86","6","0.2992"
"2015-06-01","Technology","Phones","Corporate","Central","Germany","353.76","141.48","4","0.3999"
"2015-06-01","Technology","Phones","Corporate","North","United Kingdom","1272.12","546.96","2","0.43"
"2015-06-01","Technology","Phones","Corporate","South","Italy","520.38","-95.52","5","-0.1836"
"2015-06-01","Technology","Phones","Home Office","Central","Germany","323.32","122.02","5","0.3774"
"2015-06-01","Technology","Phones","Home Office","North","United Kingdom","73.05","23.37","1","0.3199"
"2015-07-01","Furniture","Bookcases","Consumer","Central","France","332.02","55.27","3","0.1665"
"2015-07-01","Furniture","Bookcases","Consumer","Central","Netherlands","73.65","-63.36","1","-0.8603"
"2015-07-01","Furniture","Chairs","Consumer","Central","Germany","164.46","-69.99","5","-0.4256"
"2015-07-01","Furniture","Chairs","Home Office","Central","France","623.16","69.21","5","0.1111"
"2015-07-01","Furniture","Furnishings","Consumer","Central","Austria","102.78","29.76","2","0.2896"
"2015-07-01","Furniture","Furnishings","Consumer","Central","Germany","63","7.56","2","0.12"
"2015-07-01","Furniture","Furnishings","Consumer","North","Ireland","90.06","-87.84","5","-0.9753"
"2015-07-01","Furniture","Furnishings","Consumer","North","United Kingdom","106.09","-22.79","3","-0.2148"
"2015-07-01","Furniture","Furnishings","Corporate","Central","France","174.6","54.12","4","0.31"
"2015-07-01","Furniture","Furnishings","Corporate","Central","Germany","116.22","20.88","2","0.1797"
"2015-07-01","Furniture","Furnishings","Corporate","South","Spain","350.88","24.48","8","0.0698"
"2015-07-01","Office Supplies","Appliances","Consumer","Central","Austria","1057.38","412.32","2","0.3899"
"2015-07-01","Office Supplies","Art","Consumer","Central","France","64.38","24.42","2","0.3793"
"2015-07-01","Office Supplies","Art","Consumer","Central","Germany","47.74","-3.16","4","-0.0663"
"2015-07-01","Office Supplies","Art","Consumer","North","Ireland","86.5","-55.76","5","-0.6445"
"2015-07-01","Office Supplies","Art","Consumer","North","United Kingdom","34.02","14.28","2","0.4198"
"2015-07-01","Office Supplies","Art","Corporate","Central","Germany","60.48","21.72","4","0.3591"
"2015-07-01","Office Supplies","Art","Home Office","North","United Kingdom","23.88","-3.84","4","-0.1608"
"2015-07-01","Office Supplies","Binders","Consumer","Central","Austria","29.04","10.08","4","0.3471"
"2015-07-01","Office Supplies","Binders","Consumer","Central","Germany","19.66","-16.96","3","-0.8627"
"2015-07-01","Office Supplies","Binders","Consumer","North","Ireland","127.72","-53.78","5","-0.421"
"2015-07-01","Office Supplies","Binders","Consumer","South","Italy","191.31","24.78","7","0.1295"
"2015-07-01","Office Supplies","Binders","Consumer","South","Portugal","39.6","-33.3","5","-0.8409"
"2015-07-01","Office Supplies","Binders","Corporate","Central","Belgium","62.04","1.8","4","0.029"
"2015-07-01","Office Supplies","Binders","Corporate","Central","Germany","56.52","11.82","2","0.2091"
"2015-07-01","Office Supplies","Binders","Corporate","South","Spain","9.6","4.38","2","0.4562"
"2015-07-01","Office Supplies","Binders","Home Office","North","United Kingdom","11.61","1.08","3","0.093"
"2015-07-01","Office Supplies","Envelopes","Consumer","North","United Kingdom","78.75","35.4","5","0.4495"
"2015-07-01","Office Supplies","Envelopes","Consumer","South","Portugal","22.56","-4.98","1","-0.2207"
"2015-07-01","Office Supplies","Fasteners","Consumer","North","United Kingdom","33.66","10.08","2","0.2995"
"2015-07-01","Office Supplies","Fasteners","Corporate","North","United Kingdom","55.2","-44.16","8","-0.8"
"2015-07-01","Office Supplies","Fasteners","Corporate","South","Italy","28.08","1.68","2","0.0598"
"2015-07-01","Office Supplies","Labels","Consumer","North","United Kingdom","10.8","5.4","1","0.5"
"2015-07-01","Office Supplies","Labels","Corporate","Central","Germany","116.1","24.3","9","0.2093"
"2015-07-01","Office Supplies","Labels","Corporate","South","Italy","42.84","10.62","6","0.2479"
"2015-07-01","Office Supplies","Paper","Consumer","Central","Germany","135.54","40.59","3","0.2995"
"2015-07-01","Office Supplies","Paper","Consumer","North","United Kingdom","94.08","14.07","7","0.1496"
"2015-07-01","Office Supplies","Paper","Corporate","Central","France","249","29.85","5","0.1199"
"2015-07-01","Office Supplies","Storage","Consumer","Central","France","1259.33","-90.16","14","-0.0716"
"2015-07-01","Office Supplies","Storage","Consumer","Central","Germany","27.7","4.84","3","0.1748"
"2015-07-01","Office Supplies","Storage","Consumer","North","United Kingdom","575.04","98.46","8","0.1712"
"2015-07-01","Office Supplies","Storage","Corporate","Central","Belgium","424.2","161.16","2","0.3799"
"2015-07-01","Office Supplies","Storage","Corporate","Central","Germany","191.94","29.13","6","0.1518"
"2015-07-01","Office Supplies","Storage","Corporate","South","Italy","450.79","-75.17","12","-0.1667"
"2015-07-01","Office Supplies","Storage","Home Office","Central","Germany","76.41","31.41","5","0.4111"
"2015-07-01","Office Supplies","Storage","Home Office","North","United Kingdom","61.22","-46.72","7","-0.7633"
"2015-07-01","Office Supplies","Supplies","Corporate","Central","Belgium","66.87","20.7","3","0.3096"
"2015-07-01","Office Supplies","Supplies","Corporate","North","Finland","301.53","111.9","7","0.3711"
"2015-07-01","Technology","Accessories","Consumer","Central","Germany","414.9","66.3","5","0.1598"
"2015-07-01","Technology","Accessories","Consumer","South","Italy","81","9.72","2","0.12"
"2015-07-01","Technology","Copiers","Consumer","Central","Austria","523.86","5.22","2","0.01"
"2015-07-01","Technology","Copiers","Home Office","North","United Kingdom","1508.04","331.68","4","0.2199"
"2015-07-01","Technology","Machines","Consumer","North","United Kingdom","956.34","-95.7","4","-0.1001"
"2015-07-01","Technology","Machines","Corporate","Central","Germany","939.54","242.7","11","0.2583"
"2015-07-01","Technology","Machines","Home Office","North","United Kingdom","1207.08","36.12","4","0.0299"
"2015-07-01","Technology","Phones","Consumer","Central","France","1621.95","534.21","3","0.3294"
"2015-07-01","Technology","Phones","Consumer","North","United Kingdom","737.91","-8.37","6","-0.0113"
"2015-07-01","Technology","Phones","Consumer","South","Italy","194.47","-58.37","4","-0.3001"
"2015-07-01","Technology","Phones","Corporate","Central","France","993.53","198.68","7","0.2"
"2015-07-01","Technology","Phones","Corporate","Central","Germany","546.96","54.6","4","0.0998"
"2015-07-01","Technology","Phones","Corporate","South","Italy","173.3","-69.34","2","-0.4001"
"2015-08-01","Furniture","Bookcases","Consumer","Central","France","835.7","200.72","7","0.2402"
"2015-08-01","Furniture","Bookcases","Consumer","Central","Germany","469.23","78.18","3","0.1666"
"2015-08-01","Furniture","Bookcases","Consumer","Central","Netherlands","1648.44","-626.52","8","-0.3801"
"2015-08-01","Furniture","Bookcases","Consumer","North","United Kingdom","743.55","108.54","5","0.146"
"2015-08-01","Furniture","Bookcases","Consumer","South","Italy","630.15","132.3","5","0.21"
"2015-08-01","Furniture","Bookcases","Consumer","South","Spain","513.81","92.43","3","0.1799"
"2015-08-01","Furniture","Chairs","Consumer","Central","Austria","391.86","31.32","3","0.0799"
"2015-08-01","Furniture","Chairs","Consumer","Central","France","2743.31","679.43","9","0.2477"
"2015-08-01","Furniture","Chairs","Consumer","Central","Germany","1501.29","326.88","12","0.2177"
"2015-08-01","Furniture","Chairs","Consumer","South","Spain","259.25","-55.09","2","-0.2125"
"2015-08-01","Furniture","Chairs","Corporate","Central","France","861.84","66.96","12","0.0777"
"2015-08-01","Furniture","Chairs","Corporate","North","Finland","267.36","29.4","2","0.11"
"2015-08-01","Furniture","Chairs","Corporate","North","United Kingdom","387","46.44","3","0.12"
"2015-08-01","Furniture","Chairs","Corporate","South","Italy","744","-353.4","4","-0.475"
"2015-08-01","Furniture","Furnishings","Consumer","Central","France","295.71","17.7","9","0.0599"
"2015-08-01","Furniture","Furnishings","Consumer","Central","Germany","85.14","15.3","2","0.1797"
"2015-08-01","Furniture","Furnishings","Consumer","Central","Netherlands","174.6","24","5","0.1375"
"2015-08-01","Furniture","Furnishings","Consumer","Central","Switzerland","264.9","2.55","5","0.0096"
"2015-08-01","Furniture","Furnishings","Consumer","North","United Kingdom","18.91","-34.07","2","-1"
"2015-08-01","Furniture","Furnishings","Consumer","South","Italy","75.96","9","4","0.1185"
"2015-08-01","Furniture","Furnishings","Consumer","South","Spain","56.58","24.87","1","0.4396"
"2015-08-01","Furniture","Furnishings","Corporate","Central","Austria","37.86","11.34","2","0.2995"
"2015-08-01","Furniture","Furnishings","Corporate","North","Ireland","86.52","-106.02","2","-1"
"2015-08-01","Furniture","Furnishings","Corporate","South","Spain","51.3","12.24","3","0.2386"
"2015-08-01","Furniture","Furnishings","Home Office","South","Italy","48.93","4.38","1","0.0895"
"2015-08-01","Furniture","Furnishings","Home Office","South","Spain","260.7","14.76","6","0.0566"
"2015-08-01","Office Supplies","Appliances","Consumer","Central","France","2223.99","321.24","5","0.1444"
"2015-08-01","Office Supplies","Appliances","Consumer","Central","Netherlands","139.8","-25.2","4","-0.1803"
"2015-08-01","Office Supplies","Appliances","Consumer","North","United Kingdom","622.14","18.66","2","0.03"
"2015-08-01","Office Supplies","Appliances","Consumer","South","Italy","113.88","34.14","2","0.2998"
"2015-08-01","Office Supplies","Appliances","Corporate","North","Finland","275.16","8.16","4","0.0297"
"2015-08-01","Office Supplies","Appliances","Corporate","South","Italy","140.94","23.94","2","0.1699"
"2015-08-01","Office Supplies","Art","Consumer","Central","Austria","59.7","13.68","2","0.2291"
"2015-08-01","Office Supplies","Art","Consumer","Central","France","218.64","60.09","9","0.2748"
"2015-08-01","Office Supplies","Art","Consumer","Central","Germany","466.3","57.73","21","0.1238"
"2015-08-01","Office Supplies","Art","Consumer","Central","Netherlands","481.26","-115.32","20","-0.2396"
"2015-08-01","Office Supplies","Art","Consumer","Central","Switzerland","35.7","2.82","2","0.079"
"2015-08-01","Office Supplies","Art","Consumer","North","United Kingdom","197.34","37.8","10","0.1916"
"2015-08-01","Office Supplies","Art","Consumer","South","Italy","303.21","16.59","11","0.0547"
"2015-08-01","Office Supplies","Art","Consumer","South","Spain","54.9","9.87","1","0.1798"
"2015-08-01","Office Supplies","Art","Corporate","Central","Austria","50.25","24.6","5","0.4896"
"2015-08-01","Office Supplies","Art","Corporate","Central","France","597.06","108.93","11","0.1824"
"2015-08-01","Office Supplies","Art","Corporate","Central","Germany","52.65","23.16","1","0.4399"
"2015-08-01","Office Supplies","Art","Corporate","North","United Kingdom","239.55","46.83","7","0.1955"
"2015-08-01","Office Supplies","Art","Corporate","South","Spain","66.33","11.88","3","0.1791"
"2015-08-01","Office Supplies","Art","Home Office","Central","Germany","247.8","98.46","6","0.3973"
"2015-08-01","Office Supplies","Art","Home Office","South","Spain","99.84","32.94","2","0.3299"
"2015-08-01","Office Supplies","Binders","Consumer","Central","France","354.06","115.89","18","0.3273"
"2015-08-01","Office Supplies","Binders","Consumer","Central","Germany","131.25","45.03","11","0.3431"
"2015-08-01","Office Supplies","Binders","Consumer","Central","Netherlands","197.14","-77.5","17","-0.3931"
"2015-08-01","Office Supplies","Binders","Consumer","North","United Kingdom","394.92","120.06","9","0.304"
"2015-08-01","Office Supplies","Binders","Consumer","South","Italy","155.34","27.9","3","0.1796"
"2015-08-01","Office Supplies","Binders","Consumer","South","Spain","90.18","28.83","10","0.3197"
"2015-08-01","Office Supplies","Binders","Corporate","Central","Belgium","49.95","13.95","3","0.2793"
"2015-08-01","Office Supplies","Binders","Corporate","North","United Kingdom","97.17","27.03","7","0.2782"
"2015-08-01","Office Supplies","Binders","Corporate","South","Italy","69.15","25.5","5","0.3688"
"2015-08-01","Office Supplies","Binders","Home Office","Central","France","37.08","16.65","3","0.449"
"2015-08-01","Office Supplies","Binders","Home Office","North","United Kingdom","172.59","39.54","7","0.2291"
"2015-08-01","Office Supplies","Binders","Home Office","South","Italy","31.32","12.84","4","0.41"
"2015-08-01","Office Supplies","Envelopes","Consumer","Central","Germany","58.1","21.86","4","0.3763"
"2015-08-01","Office Supplies","Envelopes","Consumer","Central","Netherlands","10.01","-5.03","1","-0.5022"
"2015-08-01","Office Supplies","Envelopes","Consumer","North","United Kingdom","189.72","68.28","4","0.3599"
"2015-08-01","Office Supplies","Envelopes","Consumer","South","Italy","103.95","2.07","3","0.0199"
"2015-08-01","Office Supplies","Envelopes","Corporate","Central","France","58.8","28.8","2","0.4898"
"2015-08-01","Office Supplies","Envelopes","Corporate","North","United Kingdom","502.92","165.66","11","0.3294"
"2015-08-01","Office Supplies","Envelopes","Home Office","South","Italy","47.25","21.24","3","0.4495"
"2015-08-01","Office Supplies","Fasteners","Consumer","Central","Germany","43.5","13.32","3","0.3062"
"2015-08-01","Office Supplies","Fasteners","Consumer","North","United Kingdom","16.71","4.17","1","0.2496"
"2015-08-01","Office Supplies","Fasteners","Home Office","Central","Germany","80.43","0.63","7","0.0078"
"2015-08-01","Office Supplies","Fasteners","Home Office","North","United Kingdom","25.11","9.99","2","0.3978"
"2015-08-01","Office Supplies","Fasteners","Home Office","South","Italy","39.78","17.88","2","0.4495"
"2015-08-01","Office Supplies","Labels","Consumer","Central","France","88.05","35.7","9","0.4055"
"2015-08-01","Office Supplies","Labels","Consumer","Central","Germany","25.62","7.14","2","0.2787"
"2015-08-01","Office Supplies","Labels","Consumer","North","United Kingdom","50.13","15.3","5","0.3052"
"2015-08-01","Office Supplies","Labels","Consumer","South","Italy","32.28","4.44","4","0.1375"
"2015-08-01","Office Supplies","Labels","Corporate","North","Finland","9.12","3.24","2","0.3553"
"2015-08-01","Office Supplies","Labels","Corporate","North","United Kingdom","27.81","12.78","3","0.4595"
"2015-08-01","Office Supplies","Labels","Home Office","Central","France","38.88","8.58","4","0.2207"
"2015-08-01","Office Supplies","Paper","Consumer","Central","Austria","235.05","7.05","5","0.03"
"2015-08-01","Office Supplies","Paper","Consumer","Central","Germany","254.13","99.87","8","0.393"
"2015-08-01","Office Supplies","Paper","Consumer","South","Spain","67.86","7.44","2","0.1096"
"2015-08-01","Office Supplies","Paper","Home Office","Central","France","66.48","10.56","4","0.1588"
"2015-08-01","Office Supplies","Storage","Consumer","Central","France","2603.5","264.61","28","0.1016"
"2015-08-01","Office Supplies","Storage","Consumer","Central","Germany","1159","224.56","21","0.1938"
"2015-08-01","Office Supplies","Storage","Consumer","Central","Switzerland","29.52","4.95","3","0.1677"
"2015-08-01","Office Supplies","Storage","Consumer","North","United Kingdom","454.95","54.18","9","0.1191"
"2015-08-01","Office Supplies","Storage","Consumer","South","Italy","410.45","-34.33","11","-0.0836"
"2015-08-01","Office Supplies","Storage","Consumer","South","Spain","106.97","8.27","7","0.0773"
"2015-08-01","Office Supplies","Storage","Corporate","North","United Kingdom","316.32","29.88","4","0.0945"
"2015-08-01","Office Supplies","Storage","Corporate","South","Italy","705.53","-52.9","21","-0.075"
"2015-08-01","Office Supplies","Storage","Home Office","Central","Germany","142.88","11.36","3","0.0795"
"2015-08-01","Office Supplies","Storage","Home Office","South","Italy","162.76","-39.8","7","-0.2446"
"2015-08-01","Office Supplies","Supplies","Consumer","Central","France","337.47","105.96","12","0.314"
"2015-08-01","Office Supplies","Supplies","Consumer","Central","Germany","115.33","35.23","5","0.3054"
"2015-08-01","Office Supplies","Supplies","Consumer","North","United Kingdom","134.37","45.63","3","0.3396"
"2015-08-01","Office Supplies","Supplies","Consumer","South","Italy","80.1","33.57","3","0.4191"
"2015-08-01","Office Supplies","Supplies","Corporate","Central","Belgium","160.2","67.14","6","0.4191"
"2015-08-01","Office Supplies","Supplies","Corporate","Central","France","213.63","67.65","7","0.3167"
"2015-08-01","Office Supplies","Supplies","Corporate","Central","Germany","75.9","1.5","5","0.0198"
"2015-08-01","Office Supplies","Supplies","Corporate","South","Italy","175.92","38.64","4","0.2196"
"2015-08-01","Office Supplies","Supplies","Home Office","North","Ireland","84.6","-59.28","4","-0.7007"
"2015-08-01","Technology","Accessories","Consumer","North","United Kingdom","370.98","-311.67","3","-0.8401"
"2015-08-01","Technology","Accessories","Consumer","South","Italy","741.96","59.31","3","0.0799"
"2015-08-01","Technology","Accessories","Corporate","Central","Germany","280.26","44.82","6","0.1599"
"2015-08-01","Technology","Accessories","Home Office","Central","Germany","217.2","21.6","5","0.0994"
"2015-08-01","Technology","Accessories","Home Office","North","United Kingdom","176.49","19.35","3","0.1096"
"2015-08-01","Technology","Copiers","Consumer","Central","France","1568.84","184.52","7","0.1176"
"2015-08-01","Technology","Copiers","Consumer","Central","Germany","2329.71","625.11","11","0.2683"
"2015-08-01","Technology","Copiers","Consumer","Central","Netherlands","654.45","-510.6","5","-0.7802"
"2015-08-01","Technology","Copiers","Corporate","Central","France","538.2","-19.02","2","-0.0353"
"2015-08-01","Technology","Copiers","Home Office","Central","Germany","639.66","159.9","2","0.25"
"2015-08-01","Technology","Copiers","Home Office","North","Ireland","220.95","-220.95","3","-1"
"2015-08-01","Technology","Machines","Consumer","Central","France","931.77","-26.28","9","-0.0282"
"2015-08-01","Technology","Machines","Consumer","North","United Kingdom","597","184.95","5","0.3098"
"2015-08-01","Technology","Machines","Consumer","South","Italy","48.1","-20.06","2","-0.4172"
"2015-08-01","Technology","Machines","Home Office","North","United Kingdom","72.14","3.98","2","0.0552"
"2015-08-01","Technology","Phones","Consumer","Central","Germany","1291.47","218.82","13","0.1694"
"2015-08-01","Technology","Phones","Consumer","Central","Switzerland","204.21","30.6","3","0.1498"
"2015-08-01","Technology","Phones","Consumer","North","United Kingdom","6858.7","2058.46","21","0.3001"
"2015-08-01","Technology","Phones","Consumer","South","Italy","182.2","-45.56","2","-0.2501"
"2015-08-01","Technology","Phones","Corporate","Central","France","388.16","27.26","6","0.0702"
"2015-08-01","Technology","Phones","Corporate","North","United Kingdom","4601.71","1461.13","9","0.3175"
"2015-08-01","Technology","Phones","Corporate","South","Italy","763.38","-190.17","10","-0.2491"
"2015-09-01","Furniture","Bookcases","Consumer","Central","France","1076","23.9","6","0.0222"
"2015-09-01","Furniture","Bookcases","Consumer","Central","Germany","654.1","247.06","2","0.3777"
"2015-09-01","Furniture","Bookcases","Consumer","North","United Kingdom","517.86","160.47","3","0.3099"
"2015-09-01","Furniture","Bookcases","Corporate","Central","Austria","285.66","82.8","2","0.2899"
"2015-09-01","Furniture","Bookcases","Corporate","Central","France","514.19","108.47","4","0.211"
"2015-09-01","Furniture","Bookcases","Corporate","Central","Germany","784.78","270.28","2","0.3444"
"2015-09-01","Furniture","Bookcases","Home Office","Central","France","1181.55","498.81","3","0.4222"
"2015-09-01","Furniture","Bookcases","Home Office","Central","Germany","410.35","155.02","3","0.3778"
"2015-09-01","Furniture","Bookcases","Home Office","South","Spain","854.49","290.43","7","0.3399"
"2015-09-01","Furniture","Chairs","Consumer","Central","France","2510.65","433.51","14","0.1727"
"2015-09-01","Furniture","Chairs","Consumer","Central","Germany","177.98","-5.98","4","-0.0336"
"2015-09-01","Furniture","Chairs","Corporate","Central","Austria","391.86","120.96","6","0.3087"
"2015-09-01","Furniture","Chairs","Corporate","Central","France","319.84","81.7","2","0.2554"
"2015-09-01","Furniture","Chairs","Corporate","Central","Germany","307.4","99.04","5","0.3222"
"2015-09-01","Furniture","Furnishings","Consumer","Central","France","40.26","8.04","2","0.1997"
"2015-09-01","Furniture","Furnishings","Consumer","Central","Germany","87.9","3.48","2","0.0396"
"2015-09-01","Furniture","Furnishings","Consumer","Central","Netherlands","53.42","16.61","3","0.311"
"2015-09-01","Furniture","Furnishings","Consumer","South","Spain","749.07","179.76","7","0.24"
"2015-09-01","Furniture","Furnishings","Corporate","Central","Austria","87.6","27.12","2","0.3096"
"2015-09-01","Furniture","Furnishings","Corporate","Central","Germany","56.52","25.38","3","0.449"
"2015-09-01","Furniture","Furnishings","Corporate","South","Italy","117","36.15","5","0.309"
"2015-09-01","Furniture","Furnishings","Corporate","South","Spain","311.4","68.4","6","0.2197"
"2015-09-01","Furniture","Furnishings","Home Office","Central","Germany","75.87","10.62","3","0.14"
"2015-09-01","Furniture","Furnishings","Home Office","South","Italy","325.8","107.46","3","0.3298"
"2015-09-01","Furniture","Tables","Consumer","Central","Germany","616","142.16","3","0.2308"
"2015-09-01","Furniture","Tables","Consumer","North","United Kingdom","1674.45","686.4","5","0.4099"
"2015-09-01","Office Supplies","Appliances","Consumer","Central","Belgium","4195.2","839.04","8","0.2"
"2015-09-01","Office Supplies","Appliances","Consumer","Central","France","1838.21","232.67","8","0.1266"
"2015-09-01","Office Supplies","Appliances","Consumer","Central","Germany","4228.46","619.13","12","0.1464"
"2015-09-01","Office Supplies","Appliances","Consumer","Central","Netherlands","173.85","-38.25","5","-0.22"
"2015-09-01","Office Supplies","Appliances","Consumer","North","United Kingdom","1119.36","246.24","2","0.22"
"2015-09-01","Office Supplies","Appliances","Corporate","Central","France","507.49","-0.05","2","-0.0001"
"2015-09-01","Office Supplies","Appliances","Corporate","South","Spain","6517.08","2476.44","12","0.38"
"2015-09-01","Office Supplies","Appliances","Home Office","Central","France","1253.07","236.67","5","0.1889"
"2015-09-01","Office Supplies","Appliances","Home Office","South","Spain","438.27","175.14","7","0.3996"
"2015-09-01","Office Supplies","Art","Consumer","Central","Austria","68.22","15.66","6","0.2296"
"2015-09-01","Office Supplies","Art","Consumer","Central","France","390.42","87.51","13","0.2241"
"2015-09-01","Office Supplies","Art","Consumer","Central","Germany","1389.43","314.98","35","0.2267"
"2015-09-01","Office Supplies","Art","Consumer","North","Denmark","24.72","-10.92","4","-0.4417"
"2015-09-01","Office Supplies","Art","Consumer","North","Sweden","51.36","-31.86","2","-0.6203"
"2015-09-01","Office Supplies","Art","Consumer","North","United Kingdom","548.91","110.04","22","0.2005"
"2015-09-01","Office Supplies","Art","Consumer","South","Italy","250.8","77.1","10","0.3074"
"2015-09-01","Office Supplies","Art","Corporate","Central","Austria","137.25","63.09","3","0.4597"
"2015-09-01","Office Supplies","Art","Corporate","Central","France","44.91","16.11","3","0.3587"
"2015-09-01","Office Supplies","Art","Corporate","Central","Germany","365.94","103.23","17","0.2821"
"2015-09-01","Office Supplies","Art","Corporate","South","Italy","154.26","56.43","7","0.3658"
"2015-09-01","Office Supplies","Art","Home Office","Central","France","107.28","26.82","2","0.25"
"2015-09-01","Office Supplies","Art","Home Office","North","United Kingdom","141.81","61.17","5","0.4314"
"2015-09-01","Office Supplies","Art","Home Office","South","Italy","377.49","68.04","15","0.1802"
"2015-09-01","Office Supplies","Art","Home Office","South","Spain","89.55","20.52","3","0.2291"
"2015-09-01","Office Supplies","Binders","Consumer","Central","Austria","147.96","16.2","3","0.1095"
"2015-09-01","Office Supplies","Binders","Consumer","Central","France","97.68","11.7","2","0.1198"
"2015-09-01","Office Supplies","Binders","Consumer","Central","Germany","365.64","44.7","20","0.1223"
"2015-09-01","Office Supplies","Binders","Consumer","North","Ireland","51.27","-15.39","2","-0.3002"
"2015-09-01","Office Supplies","Binders","Consumer","North","United Kingdom","147.69","59.04","3","0.3998"
"2015-09-01","Office Supplies","Binders","Consumer","South","Italy","85.59","20.07","9","0.2345"
"2015-09-01","Office Supplies","Binders","Corporate","Central","France","272.49","105.78","11","0.3882"
"2015-09-01","Office Supplies","Binders","Corporate","Central","Germany","43.83","14.4","3","0.3285"
"2015-09-01","Office Supplies","Binders","Corporate","Central","Netherlands","13.32","-2.4","2","-0.1802"
"2015-09-01","Office Supplies","Binders","Corporate","South","Italy","152.64","70.2","3","0.4599"
"2015-09-01","Office Supplies","Binders","Corporate","South","Spain","62.4","19.23","5","0.3082"
"2015-09-01","Office Supplies","Binders","Home Office","Central","France","21.36","8.64","4","0.4045"
"2015-09-01","Office Supplies","Binders","Home Office","Central","Germany","389.46","37.2","11","0.0955"
"2015-09-01","Office Supplies","Binders","Home Office","South","Italy","36.42","13.26","4","0.3641"
"2015-09-01","Office Supplies","Envelopes","Consumer","Central","France","104.04","28.08","6","0.2699"
"2015-09-01","Office Supplies","Envelopes","Consumer","Central","Germany","36.08","10.46","4","0.2899"
"2015-09-01","Office Supplies","Envelopes","Consumer","North","United Kingdom","149.49","14.94","3","0.0999"
"2015-09-01","Office Supplies","Envelopes","Consumer","South","Italy","404.52","177.84","15","0.4396"
"2015-09-01","Office Supplies","Envelopes","Corporate","Central","France","13.44","4.95","1","0.3683"
"2015-09-01","Office Supplies","Fasteners","Consumer","Central","Germany","50.28","15.48","4","0.3079"
"2015-09-01","Office Supplies","Fasteners","Consumer","North","United Kingdom","94.8","1.8","5","0.019"
"2015-09-01","Office Supplies","Fasteners","Corporate","Central","France","27.72","6.6","2","0.2381"
"2015-09-01","Office Supplies","Fasteners","Home Office","Central","France","76.05","19.8","5","0.2604"
"2015-09-01","Office Supplies","Fasteners","Home Office","South","Italy","16.62","6.96","2","0.4188"
"2015-09-01","Office Supplies","Fasteners","Home Office","South","Spain","28.14","10.38","2","0.3689"
"2015-09-01","Office Supplies","Labels","Consumer","Central","France","36","5.04","4","0.14"
"2015-09-01","Office Supplies","Labels","Corporate","Central","France","21.42","5.31","3","0.2479"
"2015-09-01","Office Supplies","Labels","Corporate","Central","Germany","21.42","8.28","3","0.3866"
"2015-09-01","Office Supplies","Labels","Home Office","Central","France","198.63","68.79","17","0.3463"
"2015-09-01","Office Supplies","Labels","Home Office","North","Norway","26.64","10.92","4","0.4099"
"2015-09-01","Office Supplies","Labels","Home Office","South","Italy","54","7.5","5","0.1389"
"2015-09-01","Office Supplies","Paper","Consumer","Central","Germany","172.94","36.32","7","0.21"
"2015-09-01","Office Supplies","Paper","Consumer","North","United Kingdom","88.35","8.7","5","0.0985"
"2015-09-01","Office Supplies","Paper","Corporate","Central","Austria","45","1.8","2","0.04"
"2015-09-01","Office Supplies","Paper","Home Office","Central","France","61.44","24.54","2","0.3994"
"2015-09-01","Office Supplies","Paper","Home Office","South","Spain","30.51","0.3","1","0.0098"
"2015-09-01","Office Supplies","Storage","Consumer","Central","France","50.62","20.2","3","0.3991"
"2015-09-01","Office Supplies","Storage","Consumer","Central","Germany","3199.11","541.83","36","0.1694"
"2015-09-01","Office Supplies","Storage","Consumer","North","Denmark","81.99","-73.8","3","-0.9001"
"2015-09-01","Office Supplies","Storage","Consumer","North","United Kingdom","822.96","40.53","9","0.0492"
"2015-09-01","Office Supplies","Storage","Consumer","South","Italy","304.7","-193.06","4","-0.6336"
"2015-09-01","Office Supplies","Storage","Corporate","Central","France","59.62","-2.66","4","-0.0447"
"2015-09-01","Office Supplies","Storage","Corporate","Central","Germany","157.68","-4.29","8","-0.0272"
"2015-09-01","Office Supplies","Storage","Corporate","North","Norway","243","119.04","4","0.4899"
"2015-09-01","Office Supplies","Storage","Corporate","North","United Kingdom","21.54","0","2","0"
"2015-09-01","Office Supplies","Storage","Corporate","South","Spain","457.33","76.09","9","0.1664"
"2015-09-01","Office Supplies","Storage","Home Office","Central","France","259.25","-24.31","4","-0.0938"
"2015-09-01","Office Supplies","Storage","Home Office","North","Norway","92.16","11.04","4","0.1198"
"2015-09-01","Office Supplies","Storage","Home Office","North","United Kingdom","617.9","205.84","5","0.3331"
"2015-09-01","Office Supplies","Storage","Home Office","South","Italy","436.73","-211.69","8","-0.4847"
"2015-09-01","Office Supplies","Supplies","Consumer","Central","Austria","23.16","7.62","2","0.329"
"2015-09-01","Office Supplies","Supplies","Consumer","Central","France","89.58","30.42","2","0.3396"
"2015-09-01","Office Supplies","Supplies","Consumer","Central","Germany","96.66","30.87","3","0.3194"
"2015-09-01","Office Supplies","Supplies","Consumer","North","United Kingdom","34.74","11.43","3","0.329"
"2015-09-01","Office Supplies","Supplies","Corporate","Central","Germany","95.64","21","4","0.2196"
"2015-09-01","Office Supplies","Supplies","Corporate","North","Ireland","60","-37.2","4","-0.62"
"2015-09-01","Office Supplies","Supplies","Corporate","North","Sweden","122.12","-24.46","7","-0.2003"
"2015-09-01","Office Supplies","Supplies","Corporate","North","United Kingdom","250.8","54.96","8","0.2191"
"2015-09-01","Office Supplies","Supplies","Home Office","Central","France","666.96","326.76","14","0.4899"
"2015-09-01","Office Supplies","Supplies","Home Office","Central","Germany","90","17.1","3","0.19"
"2015-09-01","Office Supplies","Supplies","Home Office","North","Norway","38.13","10.29","1","0.2699"
"2015-09-01","Technology","Accessories","Consumer","Central","Netherlands","540.18","-355.62","13","-0.6583"
"2015-09-01","Technology","Accessories","Consumer","North","United Kingdom","310.82","117.44","6","0.3778"
"2015-09-01","Technology","Accessories","Corporate","Central","France","410.16","153.78","6","0.3749"
"2015-09-01","Technology","Accessories","Corporate","Central","Germany","1292.7","232.65","5","0.18"
"2015-09-01","Technology","Accessories","Corporate","North","United Kingdom","210.78","18.9","3","0.0897"
"2015-09-01","Technology","Accessories","Home Office","Central","France","81.42","39.06","2","0.4797"
"2015-09-01","Technology","Accessories","Home Office","South","Italy","665.55","66.42","9","0.0998"
"2015-09-01","Technology","Copiers","Consumer","Central","France","965.05","-68.15","3","-0.0706"
"2015-09-01","Technology","Copiers","Consumer","Central","Germany","4589.82","522.6","14","0.1139"
"2015-09-01","Technology","Copiers","Consumer","North","Sweden","145.5","-128.04","2","-0.88"
"2015-09-01","Technology","Copiers","Consumer","North","United Kingdom","3391.92","589.2","11","0.1737"
"2015-09-01","Technology","Copiers","Corporate","Central","Austria","1592.7","652.95","5","0.41"
"2015-09-01","Technology","Copiers","Corporate","Central","France","999.09","70.41","4","0.0705"
"2015-09-01","Technology","Machines","Consumer","Central","Germany","976.71","200.4","8","0.2052"
"2015-09-01","Technology","Machines","Consumer","North","United Kingdom","1305.81","165.48","5","0.1267"
"2015-09-01","Technology","Phones","Consumer","Central","France","1107.52","325.72","2","0.2941"
"2015-09-01","Technology","Phones","Consumer","Central","Germany","300.36","70.11","3","0.2334"
"2015-09-01","Technology","Phones","Consumer","North","United Kingdom","565.32","56.52","4","0.1"
"2015-09-01","Technology","Phones","Consumer","South","Italy","201.82","-104.3","2","-0.5168"
"2015-09-01","Technology","Phones","Consumer","South","Spain","300.56","73.46","2","0.2444"
"2015-09-01","Technology","Phones","Corporate","Central","France","612.08","59.3","6","0.0969"
"2015-09-01","Technology","Phones","Corporate","South","Spain","776.79","129.36","7","0.1665"
"2015-09-01","Technology","Phones","Home Office","Central","France","709.66","141.92","5","0.2"
"2015-10-01","Furniture","Bookcases","Consumer","Central","France","393.48","-157.47","5","-0.4002"
"2015-10-01","Furniture","Bookcases","Consumer","North","United Kingdom","2117.82","441.69","7","0.2086"
"2015-10-01","Furniture","Bookcases","Consumer","South","Italy","242.1","101.64","2","0.4198"
"2015-10-01","Furniture","Bookcases","Consumer","South","Spain","723.72","253.26","2","0.3499"
"2015-10-01","Furniture","Bookcases","Home Office","North","Sweden","123.06","-29.58","2","-0.2404"
"2015-10-01","Furniture","Bookcases","Home Office","North","United Kingdom","590.22","259.65","3","0.4399"
"2015-10-01","Furniture","Chairs","Consumer","Central","France","311.39","-278.02","11","-0.8928"
"2015-10-01","Furniture","Chairs","Consumer","Central","Germany","750.2","233.3","5","0.311"
"2015-10-01","Furniture","Chairs","Consumer","South","Spain","1838.52","160.77","5","0.0874"
"2015-10-01","Furniture","Chairs","Home Office","South","Italy","258","-309.6","5","-1"
"2015-10-01","Furniture","Furnishings","Consumer","Central","France","150.33","49.98","5","0.3325"
"2015-10-01","Furniture","Furnishings","Corporate","Central","Austria","56.52","15.81","1","0.2797"
"2015-10-01","Furniture","Furnishings","Corporate","North","Finland","292.68","14.58","6","0.0498"
"2015-10-01","Furniture","Furnishings","Home Office","Central","France","292.68","146.34","6","0.5"
"2015-10-01","Furniture","Furnishings","Home Office","Central","Germany","217.89","-9.81","5","-0.045"
"2015-10-01","Office Supplies","Appliances","Consumer","Central","France","155.28","-10.41","3","-0.0671"
"2015-10-01","Office Supplies","Appliances","Home Office","Central","France","145.83","19.29","3","0.1323"
"2015-10-01","Office Supplies","Art","Consumer","Central","Germany","419.52","2.25","16","0.0054"
"2015-10-01","Office Supplies","Art","Consumer","North","United Kingdom","22.47","0","1","0"
"2015-10-01","Office Supplies","Art","Corporate","Central","Germany","157.86","29.97","3","0.1899"
"2015-10-01","Office Supplies","Art","Corporate","North","Finland","247.5","81.6","5","0.3297"
"2015-10-01","Office Supplies","Art","Home Office","Central","France","85.05","35.7","5","0.4198"
"2015-10-01","Office Supplies","Art","Home Office","Central","Germany","277.57","56.53","8","0.2036"
"2015-10-01","Office Supplies","Art","Home Office","Central","Netherlands","118.89","-26.55","7","-0.2233"
"2015-10-01","Office Supplies","Binders","Consumer","Central","France","146.99","47.9","23","0.3258"
"2015-10-01","Office Supplies","Binders","Consumer","Central","Germany","102.44","27.26","7","0.2661"
"2015-10-01","Office Supplies","Binders","Consumer","South","Italy","92.01","25.38","8","0.2758"
"2015-10-01","Office Supplies","Binders","Corporate","Central","France","77.03","-33.98","5","-0.4411"
"2015-10-01","Office Supplies","Binders","Corporate","Central","Germany","13.32","1.14","2","0.0856"
"2015-10-01","Office Supplies","Binders","Home Office","Central","France","144","64.8","5","0.45"
"2015-10-01","Office Supplies","Binders","Home Office","Central","Germany","281.92","58.39","11","0.2071"
"2015-10-01","Office Supplies","Binders","Home Office","North","Sweden","4.8","-0.42","2","-0.0875"
"2015-10-01","Office Supplies","Binders","Home Office","North","United Kingdom","30.96","8.64","2","0.2791"
"2015-10-01","Office Supplies","Binders","Home Office","South","Spain","99.54","27.84","2","0.2797"
"2015-10-01","Office Supplies","Envelopes","Consumer","North","United Kingdom","33.9","12.18","2","0.3593"
"2015-10-01","Office Supplies","Envelopes","Corporate","North","United Kingdom","52.2","18.72","4","0.3586"
"2015-10-01","Office Supplies","Fasteners","Consumer","Central","Germany","117","46.8","6","0.4"
"2015-10-01","Office Supplies","Fasteners","Corporate","South","Spain","25.92","11.64","2","0.4491"
"2015-10-01","Office Supplies","Labels","Consumer","Central","France","51.6","15.9","5","0.3081"
"2015-10-01","Office Supplies","Labels","Consumer","Central","Germany","30.13","3.94","3","0.1308"
"2015-10-01","Office Supplies","Labels","Consumer","South","Italy","38.88","0.36","6","0.0093"
"2015-10-01","Office Supplies","Labels","Corporate","Central","Austria","70.08","11.04","8","0.1575"
"2015-10-01","Office Supplies","Labels","Home Office","South","Spain","43.65","13.5","5","0.3093"
"2015-10-01","Office Supplies","Paper","Corporate","Central","Germany","35.34","3.48","2","0.0985"
"2015-10-01","Office Supplies","Paper","Corporate","Central","Netherlands","14.9","-4.18","1","-0.281"
"2015-10-01","Office Supplies","Paper","Corporate","North","Finland","117.18","32.76","6","0.2796"
"2015-10-01","Office Supplies","Paper","Corporate","North","United Kingdom","135.72","14.88","4","0.1096"
"2015-10-01","Office Supplies","Paper","Home Office","Central","France","13.47","2.28","1","0.1693"
"2015-10-01","Office Supplies","Paper","Home Office","Central","Netherlands","35.55","-9.99","3","-0.281"
"2015-10-01","Office Supplies","Storage","Consumer","Central","Germany","1344.36","-50.1","19","-0.0373"
"2015-10-01","Office Supplies","Storage","Consumer","South","Italy","290.14","-135.65","9","-0.4675"
"2015-10-01","Office Supplies","Storage","Consumer","South","Spain","38.66","11.54","4","0.2986"
"2015-10-01","Office Supplies","Storage","Corporate","Central","Germany","1097.98","-4.58","8","-0.0042"
"2015-10-01","Office Supplies","Storage","Corporate","Central","Netherlands","151.88","-3.08","5","-0.0202"
"2015-10-01","Office Supplies","Storage","Corporate","South","Spain","47.52","21.12","2","0.4444"
"2015-10-01","Office Supplies","Storage","Home Office","South","Italy","84.96","-32.58","1","-0.3835"
"2015-10-01","Office Supplies","Storage","Home Office","South","Spain","220.32","56.22","5","0.2552"
"2015-10-01","Office Supplies","Supplies","Corporate","Central","Germany","27.6","2.16","2","0.0783"
"2015-10-01","Office Supplies","Supplies","Home Office","Central","France","298.29","17.7","8","0.0593"
"2015-10-01","Office Supplies","Supplies","Home Office","Central","Germany","263.43","57.81","9","0.2195"
"2015-10-01","Technology","Copiers","Home Office","Central","France","1292.34","-136.86","4","-0.1059"
"2015-10-01","Technology","Machines","Home Office","Central","France","361.08","131.58","5","0.3644"
"2015-10-01","Technology","Phones","Consumer","Central","Germany","2426.64","505.68","16","0.2084"
"2015-10-01","Technology","Phones","Consumer","North","Denmark","107.78","-13","3","-0.1207"
"2015-10-01","Technology","Phones","Corporate","South","Italy","382.5","-76.5","1","-0.2"
"2015-10-01","Technology","Phones","Home Office","Central","France","567.53","73.37","4","0.1293"
"2015-11-01","Furniture","Bookcases","Consumer","Central","France","3177.71","-176.77","9","-0.0556"
"2015-11-01","Furniture","Bookcases","Consumer","Central","Germany","1052.95","264.13","4","0.2508"
"2015-11-01","Furniture","Bookcases","Consumer","North","Finland","727.5","79.98","2","0.1099"
"2015-11-01","Furniture","Bookcases","Consumer","North","United Kingdom","1178.55","362.34","7","0.3074"
"2015-11-01","Furniture","Bookcases","Consumer","South","Italy","677.4","60.96","4","0.09"
"2015-11-01","Furniture","Bookcases","Corporate","Central","Germany","769.18","299.02","6","0.3887"
"2015-11-01","Furniture","Chairs","Consumer","Central","France","1088.32","73","20","0.0671"
"2015-11-01","Furniture","Chairs","Consumer","Central","Germany","764.61","284.7","10","0.3723"
"2015-11-01","Furniture","Chairs","Consumer","North","Finland","404.73","20.16","3","0.0498"
"2015-11-01","Furniture","Chairs","Consumer","South","Spain","206.4","-20.64","2","-0.1"
"2015-11-01","Furniture","Chairs","Corporate","Central","France","1200.31","373.27","8","0.311"
"2015-11-01","Furniture","Chairs","Corporate","North","United Kingdom","145.35","36.27","3","0.2495"
"2015-11-01","Furniture","Chairs","Home Office","Central","France","148.01","54.23","2","0.3664"
"2015-11-01","Furniture","Chairs","Home Office","Central","Germany","1461.64","-20.02","7","-0.0137"
"2015-11-01","Furniture","Furnishings","Consumer","Central","Germany","359.33","99.62","13","0.2772"
"2015-11-01","Furniture","Furnishings","Corporate","Central","Germany","306.15","39.75","8","0.1298"
"2015-11-01","Furniture","Furnishings","Home Office","South","Spain","102.78","29.76","2","0.2896"
"2015-11-01","Furniture","Tables","Corporate","South","Italy","607.38","-303.78","4","-0.5001"
"2015-11-01","Office Supplies","Appliances","Consumer","Central","Germany","2971.24","-9.92","6","-0.0033"
"2015-11-01","Office Supplies","Appliances","Consumer","Central","Netherlands","1983.14","-1784.9","7","-0.9"
"2015-11-01","Office Supplies","Appliances","Consumer","South","Spain","1671.6","127.14","10","0.0761"
"2015-11-01","Office Supplies","Appliances","Corporate","North","Sweden","91.94","-27.58","3","-0.3"
"2015-11-01","Office Supplies","Art","Consumer","Central","France","350.37","92.52","13","0.2641"
"2015-11-01","Office Supplies","Art","Consumer","Central","Germany","255","103.8","10","0.4071"
"2015-11-01","Office Supplies","Art","Consumer","Central","Netherlands","139.76","-15.16","11","-0.1085"
"2015-11-01","Office Supplies","Art","Consumer","North","Finland","48.72","19.44","2","0.399"
"2015-11-01","Office Supplies","Art","Consumer","North","United Kingdom","255.97","5.47","13","0.0214"
"2015-11-01","Office Supplies","Art","Consumer","South","Spain","22.2","5.28","2","0.2378"
"2015-11-01","Office Supplies","Art","Corporate","Central","France","126.75","41.76","3","0.3295"
"2015-11-01","Office Supplies","Art","Corporate","Central","Germany","397.44","76.29","9","0.192"
"2015-11-01","Office Supplies","Art","Corporate","North","Sweden","96.39","-0.09","6","-0.0009"
"2015-11-01","Office Supplies","Art","Corporate","North","United Kingdom","82.35","-52.74","3","-0.6404"
"2015-11-01","Office Supplies","Art","Home Office","Central","France","60.42","9.66","2","0.1599"
"2015-11-01","Office Supplies","Art","Home Office","Central","Germany","146.34","58.77","6","0.4016"
"2015-11-01","Office Supplies","Binders","Consumer","Central","France","483.96","159.54","18","0.3297"
"2015-11-01","Office Supplies","Binders","Consumer","Central","Germany","785.85","221.49","26","0.2818"
"2015-11-01","Office Supplies","Binders","Consumer","North","Finland","26.64","10.92","2","0.4099"
"2015-11-01","Office Supplies","Binders","Consumer","North","United Kingdom","61.57","11.89","5","0.1931"
"2015-11-01","Office Supplies","Binders","Consumer","South","Spain","171.48","21.81","9","0.1272"
"2015-11-01","Office Supplies","Binders","Corporate","Central","Germany","116.79","10.95","6","0.0938"
"2015-11-01","Office Supplies","Binders","Corporate","North","Sweden","4.24","-1.88","1","-0.4417"
"2015-11-01","Office Supplies","Binders","Corporate","North","United Kingdom","360.69","57.12","10","0.1584"
"2015-11-01","Office Supplies","Binders","Home Office","Central","France","692.82","51.03","15","0.0737"
"2015-11-01","Office Supplies","Binders","Home Office","Central","Germany","49.95","13.95","3","0.2793"
"2015-11-01","Office Supplies","Binders","Home Office","South","Italy","59.82","23.88","2","0.3992"
"2015-11-01","Office Supplies","Envelopes","Consumer","Central","France","137.82","50.79","6","0.3685"
"2015-11-01","Office Supplies","Envelopes","Consumer","Central","Netherlands","53.78","-38.74","3","-0.7205"
"2015-11-01","Office Supplies","Envelopes","Consumer","North","United Kingdom","125.9","-75.7","7","-0.6013"
"2015-11-01","Office Supplies","Envelopes","Consumer","South","Italy","177.84","81.6","8","0.4588"
"2015-11-01","Office Supplies","Fasteners","Consumer","Central","France","98.7","30.51","9","0.3091"
"2015-11-01","Office Supplies","Fasteners","Consumer","Central","Netherlands","43.98","-12.3","7","-0.2797"
"2015-11-01","Office Supplies","Fasteners","Consumer","North","United Kingdom","17.19","-3.15","3","-0.1832"
"2015-11-01","Office Supplies","Fasteners","Consumer","South","Italy","15.96","1.59","1","0.0996"
"2015-11-01","Office Supplies","Fasteners","Corporate","North","Sweden","20.39","-20.39","3","-1"
"2015-11-01","Office Supplies","Labels","Consumer","Central","Germany","98.55","30.87","14","0.3132"
"2015-11-01","Office Supplies","Labels","Consumer","Central","Netherlands","24.48","-5.88","4","-0.2402"
"2015-11-01","Office Supplies","Labels","Corporate","Central","Germany","34.29","8.19","3","0.2388"
"2015-11-01","Office Supplies","Labels","Corporate","North","Sweden","53.32","-30.1","9","-0.5646"
"2015-11-01","Office Supplies","Labels","Corporate","South","Italy","31.38","9.18","4","0.2925"
"2015-11-01","Office Supplies","Labels","Home Office","South","Italy","42.3","16.05","5","0.3794"
"2015-11-01","Office Supplies","Paper","Consumer","Central","Germany","381.78","140.16","15","0.3671"
"2015-11-01","Office Supplies","Paper","Consumer","South","Italy","135.54","40.59","3","0.2995"
"2015-11-01","Office Supplies","Paper","Consumer","South","Spain","48.36","7.53","2","0.1557"
"2015-11-01","Office Supplies","Paper","Corporate","Central","France","83.25","18.27","3","0.2195"
"2015-11-01","Office Supplies","Paper","Corporate","North","United Kingdom","135.36","45.18","6","0.3338"
"2015-11-01","Office Supplies","Paper","Home Office","Central","France","169.65","69.45","5","0.4094"
"2015-11-01","Office Supplies","Paper","Home Office","Central","Germany","84.36","41.28","4","0.4893"
"2015-11-01","Office Supplies","Paper","Home Office","South","Spain","131.94","60.66","6","0.4598"
"2015-11-01","Office Supplies","Storage","Consumer","Central","Austria","745.92","227.97","9","0.3056"
"2015-11-01","Office Supplies","Storage","Consumer","Central","France","1089.69","-20.82","12","-0.0191"
"2015-11-01","Office Supplies","Storage","Consumer","Central","Germany","1383.59","347.75","9","0.2513"
"2015-11-01","Office Supplies","Storage","Consumer","Central","Netherlands","103.68","-68.43","1","-0.66"
"2015-11-01","Office Supplies","Storage","Consumer","South","Italy","1264.54","38.08","16","0.0301"
"2015-11-01","Office Supplies","Storage","Consumer","South","Portugal","47.49","-39.93","2","-0.8408"
"2015-11-01","Office Supplies","Storage","Consumer","South","Spain","230.2","5.08","2","0.0221"
"2015-11-01","Office Supplies","Storage","Corporate","North","Sweden","26.86","-20.44","1","-0.761"
"2015-11-01","Office Supplies","Storage","Corporate","North","United Kingdom","50.94","8.64","3","0.1696"
"2015-11-01","Office Supplies","Storage","Corporate","South","Italy","30.62","3.53","3","0.1152"
"2015-11-01","Office Supplies","Storage","Home Office","Central","France","58.18","-68.36","3","-1"
"2015-11-01","Office Supplies","Storage","Home Office","Central","Germany","771.55","49.09","8","0.0636"
"2015-11-01","Office Supplies","Storage","Home Office","Central","Switzerland","253.92","5.04","2","0.0198"
"2015-11-01","Office Supplies","Storage","Home Office","South","Spain","123.58","41.17","1","0.3331"
"2015-11-01","Office Supplies","Supplies","Consumer","Central","France","68.58","26.7","2","0.3893"
"2015-11-01","Office Supplies","Supplies","Consumer","Central","Germany","67.07","27.56","3","0.4109"
"2015-11-01","Office Supplies","Supplies","Consumer","North","Norway","243.54","68.04","9","0.2794"
"2015-11-01","Office Supplies","Supplies","Consumer","South","Italy","271.29","38.28","8","0.1411"
"2015-11-01","Office Supplies","Supplies","Consumer","South","Spain","102.87","40.05","3","0.3893"
"2015-11-01","Office Supplies","Supplies","Corporate","North","United Kingdom","147.96","53.19","3","0.3595"
"2015-11-01","Office Supplies","Supplies","Home Office","Central","France","213.26","6.1","7","0.0286"
"2015-11-01","Office Supplies","Supplies","Home Office","South","Italy","349.44","174.72","7","0.5"
"2015-11-01","Technology","Accessories","Consumer","Central","Germany","125.37","0","3","0"
"2015-11-01","Technology","Accessories","Consumer","South","Spain","1294.8","608.55","5","0.47"
"2015-11-01","Technology","Accessories","Corporate","South","Italy","465.45","36.42","9","0.0782"
"2015-11-01","Technology","Accessories","Home Office","Central","Germany","164.4","49.92","3","0.3036"
"2015-11-01","Technology","Copiers","Consumer","Central","Austria","963.9","231.3","5","0.24"
"2015-11-01","Technology","Copiers","Consumer","North","United Kingdom","1592.7","652.95","5","0.41"
"2015-11-01","Technology","Copiers","Consumer","South","Italy","588.6","276.6","4","0.4699"
"2015-11-01","Technology","Copiers","Home Office","Central","France","2633.74","417.04","10","0.1583"
"2015-11-01","Technology","Machines","Consumer","Central","Austria","351.09","84.24","3","0.2399"
"2015-11-01","Technology","Machines","Consumer","Central","Germany","1217.94","427.86","11","0.3513"
"2015-11-01","Technology","Machines","Corporate","Central","France","1445.31","172.38","13","0.1193"
"2015-11-01","Technology","Machines","Corporate","South","Italy","538.06","35.86","3","0.0666"
"2015-11-01","Technology","Machines","Home Office","Central","France","1320.01","357.16","5","0.2706"
"2015-11-01","Technology","Machines","Home Office","Central","Germany","431.55","181.2","5","0.4199"
"2015-11-01","Technology","Phones","Consumer","Central","France","5092.2","1570.68","14","0.3084"
"2015-11-01","Technology","Phones","Consumer","Central","Germany","773.4","46.35","5","0.0599"
"2015-11-01","Technology","Phones","Consumer","Central","Netherlands","413.82","-372.6","6","-0.9004"
"2015-11-01","Technology","Phones","Consumer","North","Finland","636.21","178.11","1","0.28"
"2015-11-01","Technology","Phones","Consumer","South","Spain","136.73","-6.1","1","-0.0446"
"2015-11-01","Technology","Phones","Corporate","North","Sweden","97.92","-86.22","3","-0.8805"
"2015-11-01","Technology","Phones","Corporate","North","United Kingdom","273","79.14","2","0.2899"
"2015-11-01","Technology","Phones","Corporate","South","Italy","848.25","-155.76","10","-0.1836"
"2015-11-01","Technology","Phones","Home Office","Central","Germany","649.35","25.95","5","0.04"
"2015-12-01","Furniture","Bookcases","Consumer","Central","France","705.35","101.87","4","0.1444"
"2015-12-01","Furniture","Bookcases","Consumer","Central","Germany","397.71","-13.32","3","-0.0335"
"2015-12-01","Furniture","Bookcases","Consumer","North","United Kingdom","1983.02","616.82","5","0.311"
"2015-12-01","Furniture","Bookcases","Consumer","South","Portugal","410.76","-57.54","2","-0.1401"
"2015-12-01","Furniture","Bookcases","Consumer","South","Spain","990.45","148.5","5","0.1499"
"2015-12-01","Furniture","Bookcases","Corporate","Central","Germany","990.47","242.03","3","0.2444"
"2015-12-01","Furniture","Bookcases","Corporate","North","United Kingdom","2629.98","968.19","13","0.3681"
"2015-12-01","Furniture","Bookcases","Corporate","South","Spain","245.94","61.44","2","0.2498"
"2015-12-01","Furniture","Bookcases","Home Office","Central","Austria","1542.24","200.34","9","0.1299"
"2015-12-01","Furniture","Bookcases","Home Office","Central","Germany","1001","120.32","4","0.1202"
"2015-12-01","Furniture","Bookcases","Home Office","Central","Netherlands","1314.45","-630.99","6","-0.48"
"2015-12-01","Furniture","Bookcases","Home Office","North","United Kingdom","298.68","113.46","2","0.3799"
"2015-12-01","Furniture","Bookcases","Home Office","South","Italy","1236.42","420.3","3","0.3399"
"2015-12-01","Furniture","Chairs","Consumer","Central","France","560.71","181.03","5","0.3229"
"2015-12-01","Furniture","Chairs","Consumer","Central","Netherlands","1467.63","-459.45","9","-0.3131"
"2015-12-01","Furniture","Chairs","Consumer","South","Italy","211.1","-89.86","6","-0.4256"
"2015-12-01","Furniture","Chairs","Consumer","South","Portugal","468.72","-103.32","7","-0.2204"
"2015-12-01","Furniture","Chairs","Corporate","Central","France","1618.7","276.05","18","0.1705"
"2015-12-01","Furniture","Chairs","Corporate","Central","Germany","219.83","90.32","3","0.4109"
"2015-12-01","Furniture","Chairs","Home Office","Central","Austria","1395","571.95","3","0.41"
"2015-12-01","Furniture","Chairs","Home Office","Central","France","1662.55","508.27","4","0.3057"
"2015-12-01","Furniture","Chairs","Home Office","North","Finland","547.11","158.58","3","0.2899"
"2015-12-01","Furniture","Furnishings","Consumer","Central","France","66.69","28.62","3","0.4291"
"2015-12-01","Furniture","Furnishings","Consumer","Central","Germany","155.7","34.2","3","0.2197"
"2015-12-01","Furniture","Furnishings","Consumer","North","United Kingdom","40.68","-6.99","1","-0.1719"
"2015-12-01","Furniture","Furnishings","Consumer","South","Portugal","182.1","-114.45","10","-0.6285"
"2015-12-01","Furniture","Furnishings","Corporate","Central","France","100.74","31.2","2","0.3097"
"2015-12-01","Furniture","Furnishings","Corporate","Central","Germany","118.35","40.26","4","0.3402"
"2015-12-01","Furniture","Tables","Consumer","South","Spain","726.84","-399.78","2","-0.55"
"2015-12-01","Furniture","Tables","Corporate","North","United Kingdom","3119.34","1528.38","7","0.49"
"2015-12-01","Furniture","Tables","Corporate","South","Italy","1362.82","-327.1","3","-0.24"
"2015-12-01","Office Supplies","Appliances","Consumer","South","Portugal","855.22","-376.34","3","-0.44"
"2015-12-01","Office Supplies","Appliances","Corporate","North","United Kingdom","554.53","-0.05","2","-0.0001"
"2015-12-01","Office Supplies","Appliances","Home Office","Central","France","144.34","35.26","3","0.2443"
"2015-12-01","Office Supplies","Art","Consumer","Central","France","155.67","36.63","5","0.2353"
"2015-12-01","Office Supplies","Art","Consumer","Central","Germany","328.35","62.31","14","0.1898"
"2015-12-01","Office Supplies","Art","Consumer","North","United Kingdom","135.03","4.14","3","0.0307"
"2015-12-01","Office Supplies","Art","Consumer","South","Italy","46.44","7.83","3","0.1686"
"2015-12-01","Office Supplies","Art","Consumer","South","Portugal","215.07","-78.93","12","-0.367"
"2015-12-01","Office Supplies","Art","Consumer","South","Spain","52.68","10.38","3","0.197"
"2015-12-01","Office Supplies","Art","Corporate","Central","Germany","365.61","110.58","11","0.3025"
"2015-12-01","Office Supplies","Art","Corporate","North","Sweden","18.93","-3.81","2","-0.2013"
"2015-12-01","Office Supplies","Art","Corporate","North","United Kingdom","68.88","12.39","4","0.1798"
"2015-12-01","Office Supplies","Art","Corporate","South","Italy","481.2","84.96","11","0.1766"
"2015-12-01","Office Supplies","Art","Corporate","South","Spain","55.26","8.28","2","0.1498"
"2015-12-01","Office Supplies","Art","Home Office","Central","Austria","55.86","6.12","2","0.1096"
"2015-12-01","Office Supplies","Art","Home Office","Central","France","70.56","1.35","3","0.0191"
"2015-12-01","Office Supplies","Art","Home Office","Central","Germany","169.86","36.21","5","0.2132"
"2015-12-01","Office Supplies","Art","Home Office","Central","Netherlands","14.97","-4.23","2","-0.2826"
"2015-12-01","Office Supplies","Art","Home Office","North","United Kingdom","125.82","37.2","6","0.2957"
"2015-12-01","Office Supplies","Art","Home Office","South","Italy","233.7","109.8","5","0.4698"
"2015-12-01","Office Supplies","Binders","Consumer","Central","Austria","17.52","8.04","2","0.4589"
"2015-12-01","Office Supplies","Binders","Consumer","Central","France","964.95","154.08","21","0.1597"
"2015-12-01","Office Supplies","Binders","Consumer","Central","Germany","66.93","16.95","9","0.2532"
"2015-12-01","Office Supplies","Binders","Consumer","North","United Kingdom","52.07","13.37","5","0.2568"
"2015-12-01","Office Supplies","Binders","Consumer","South","Italy","120.42","45.63","9","0.3789"
"2015-12-01","Office Supplies","Binders","Consumer","South","Portugal","6.81","-3.03","2","-0.4449"
"2015-12-01","Office Supplies","Binders","Consumer","South","Spain","138.24","25.62","6","0.1853"
"2015-12-01","Office Supplies","Binders","Corporate","Central","Austria","40.86","11.34","6","0.2775"
"2015-12-01","Office Supplies","Binders","Corporate","Central","France","358.65","83.88","22","0.2339"
"2015-12-01","Office Supplies","Binders","Corporate","Central","Germany","52.59","12.6","1","0.2396"
"2015-12-01","Office Supplies","Binders","Corporate","North","Sweden","180.08","-90.2","7","-0.5009"
"2015-12-01","Office Supplies","Binders","Corporate","North","United Kingdom","44.47","3.49","4","0.0785"
"2015-12-01","Office Supplies","Binders","Corporate","South","Italy","333.87","68.64","20","0.2056"
"2015-12-01","Office Supplies","Binders","Home Office","Central","Austria","200.82","76.59","15","0.3814"
"2015-12-01","Office Supplies","Binders","Home Office","Central","France","308.61","120.18","10","0.3894"
"2015-12-01","Office Supplies","Binders","Home Office","Central","Germany","8.94","1.95","1","0.2181"
"2015-12-01","Office Supplies","Binders","Home Office","North","United Kingdom","212.1","97.44","7","0.4594"
"2015-12-01","Office Supplies","Binders","Home Office","South","Italy","334.26","17.7","12","0.053"
"2015-12-01","Office Supplies","Envelopes","Consumer","Central","France","184.92","77.64","4","0.4199"
"2015-12-01","Office Supplies","Envelopes","Consumer","Central","Germany","36.18","10.08","3","0.2786"
"2015-12-01","Office Supplies","Envelopes","Consumer","North","Sweden","13.05","-3.69","2","-0.2828"
"2015-12-01","Office Supplies","Envelopes","Corporate","Central","France","29.28","14.28","4","0.4877"
"2015-12-01","Office Supplies","Envelopes","Home Office","North","Ireland","46.72","-3.82","5","-0.0819"
"2015-12-01","Office Supplies","Envelopes","Home Office","North","United Kingdom","173.61","10.26","9","0.0591"
"2015-12-01","Office Supplies","Fasteners","Consumer","Central","France","53.04","18","4","0.3394"
"2015-12-01","Office Supplies","Fasteners","Consumer","Central","Netherlands","17.22","-4.86","2","-0.2822"
"2015-12-01","Office Supplies","Fasteners","Consumer","North","Sweden","10.38","-6.06","2","-0.5838"
"2015-12-01","Office Supplies","Fasteners","Consumer","North","United Kingdom","41.58","9.9","3","0.2381"
"2015-12-01","Office Supplies","Fasteners","Consumer","South","Italy","112.98","19.11","7","0.1691"
"2015-12-01","Office Supplies","Fasteners","Consumer","South","Spain","16.62","6.96","2","0.4188"
"2015-12-01","Office Supplies","Fasteners","Corporate","Central","Austria","116.55","55.86","7","0.4793"
"2015-12-01","Office Supplies","Fasteners","Corporate","Central","Germany","42.12","9.18","3","0.2179"
"2015-12-01","Office Supplies","Fasteners","Corporate","North","United Kingdom","33.94","7.84","3","0.231"
"2015-12-01","Office Supplies","Fasteners","Home Office","Central","France","112.32","17.82","6","0.1587"
"2015-12-01","Office Supplies","Fasteners","Home Office","North","Ireland","5.74","-5.66","1","-0.9843"
"2015-12-01","Office Supplies","Fasteners","Home Office","North","United Kingdom","42.36","11.76","4","0.2776"
"2015-12-01","Office Supplies","Labels","Consumer","Central","France","79.92","26.07","8","0.3262"
"2015-12-01","Office Supplies","Labels","Consumer","Central","Germany","35.55","7.74","3","0.2177"
"2015-12-01","Office Supplies","Labels","Consumer","North","Norway","38.7","8.1","3","0.2093"
"2015-12-01","Office Supplies","Labels","Consumer","South","Italy","12.87","5.4","1","0.4196"
"2015-12-01","Office Supplies","Labels","Corporate","Central","France","145.44","22.11","14","0.152"
"2015-12-01","Office Supplies","Labels","Corporate","South","Italy","32.4","4.5","3","0.1389"
"2015-12-01","Office Supplies","Labels","Corporate","South","Spain","83.34","17.58","10","0.2109"
"2015-12-01","Office Supplies","Paper","Consumer","Central","France","95.55","19.95","7","0.2088"
"2015-12-01","Office Supplies","Paper","Consumer","Central","Germany","87.96","40.44","4","0.4598"
"2015-12-01","Office Supplies","Paper","Consumer","North","United Kingdom","50.58","9.09","3","0.1797"
"2015-12-01","Office Supplies","Paper","Consumer","South","Italy","116.37","41.61","5","0.3576"
"2015-12-01","Office Supplies","Paper","Consumer","South","Spain","26.49","4.74","1","0.1789"
"2015-12-01","Office Supplies","Paper","Corporate","North","United Kingdom","93.23","29.9","4","0.3207"
"2015-12-01","Office Supplies","Paper","Home Office","Central","France","142.35","68.25","5","0.4795"
"2015-12-01","Office Supplies","Paper","Home Office","North","United Kingdom","165.9","76.2","10","0.4593"
"2015-12-01","Office Supplies","Storage","Consumer","Central","France","2443.28","-83.11","26","-0.034"
"2015-12-01","Office Supplies","Storage","Consumer","Central","Germany","2126.36","309.92","16","0.1458"
"2015-12-01","Office Supplies","Storage","Consumer","North","Sweden","122.4","-46.56","4","-0.3804"
"2015-12-01","Office Supplies","Storage","Consumer","North","United Kingdom","813.39","103.92","8","0.1278"
"2015-12-01","Office Supplies","Storage","Consumer","South","Portugal","55.14","-34.2","2","-0.6202"
"2015-12-01","Office Supplies","Storage","Consumer","South","Spain","714.42","277.74","4","0.3888"
"2015-12-01","Office Supplies","Storage","Corporate","Central","France","3057.97","270.31","19","0.0884"
"2015-12-01","Office Supplies","Storage","Corporate","Central","Germany","570.67","68.8","7","0.1206"
"2015-12-01","Office Supplies","Storage","Corporate","South","Italy","592.36","-301.28","13","-0.5086"
"2015-12-01","Office Supplies","Storage","Home Office","Central","Austria","262.89","89.37","6","0.34"
"2015-12-01","Office Supplies","Storage","Home Office","Central","France","297.92","-4.9","8","-0.0165"
"2015-12-01","Office Supplies","Storage","Home Office","Central","Germany","357.37","-9.23","4","-0.0258"
"2015-12-01","Office Supplies","Storage","Home Office","South","Spain","280.21","4.87","8","0.0174"
"2015-12-01","Office Supplies","Supplies","Consumer","Central","Belgium","87.96","19.32","2","0.2196"
"2015-12-01","Office Supplies","Supplies","Consumer","Central","Germany","86.58","40.68","2","0.4699"
"2015-12-01","Office Supplies","Supplies","Consumer","North","Denmark","41","-37.76","3","-0.921"
"2015-12-01","Office Supplies","Supplies","Consumer","North","United Kingdom","291.78","17.46","6","0.0598"
"2015-12-01","Office Supplies","Supplies","Consumer","South","Spain","82.08","20.4","8","0.2485"
"2015-12-01","Office Supplies","Supplies","Corporate","Central","Germany","191.85","90.15","5","0.4699"
"2015-12-01","Office Supplies","Supplies","Home Office","Central","Austria","267.72","50.64","16","0.1892"
"2015-12-01","Office Supplies","Supplies","Home Office","North","United Kingdom","176.61","45.78","7","0.2592"
"2015-12-01","Technology","Accessories","Consumer","Central","France","30.51","13.11","1","0.4297"
"2015-12-01","Technology","Accessories","Consumer","North","Ireland","897.22","-197.5","7","-0.2201"
"2015-12-01","Technology","Accessories","Corporate","Central","Austria","715.89","150.15","7","0.2097"
"2015-12-01","Technology","Accessories","Corporate","Central","Germany","103.57","14.95","2","0.1444"
"2015-12-01","Technology","Accessories","Corporate","South","Spain","90.84","34.5","2","0.3798"
"2015-12-01","Technology","Accessories","Home Office","Central","Belgium","1795.92","843.99","7","0.4699"
"2015-12-01","Technology","Accessories","Home Office","Central","Germany","112.62","56.31","1","0.5"
"2015-12-01","Technology","Copiers","Consumer","Central","France","662.85","141.66","5","0.2137"
"2015-12-01","Technology","Copiers","Consumer","Central","Netherlands","1440.84","-1268.04","8","-0.8801"
"2015-12-01","Technology","Copiers","Consumer","North","United Kingdom","191.49","47.85","1","0.2499"
"2015-12-01","Technology","Copiers","Consumer","South","Italy","958.08","179.46","5","0.1873"
"2015-12-01","Technology","Copiers","Consumer","South","Spain","478.8","210.66","2","0.44"
"2015-12-01","Technology","Copiers","Corporate","Central","France","324.92","-3.88","2","-0.0119"
"2015-12-01","Technology","Copiers","Corporate","North","United Kingdom","1552.77","776.25","9","0.4999"
"2015-12-01","Technology","Copiers","Home Office","Central","Austria","281.88","76.08","2","0.2699"
"2015-12-01","Technology","Copiers","Home Office","South","Spain","1894.05","700.65","5","0.3699"
"2015-12-01","Technology","Machines","Consumer","Central","France","1305.75","17.46","16","0.0134"
"2015-12-01","Technology","Machines","Consumer","Central","Germany","1153.98","341.46","6","0.2959"
"2015-12-01","Technology","Machines","Consumer","North","Denmark","640.72","-538.28","5","-0.8401"
"2015-12-01","Technology","Machines","Consumer","North","Ireland","117.03","-60.87","2","-0.5201"
"2015-12-01","Technology","Machines","Consumer","South","Spain","142.88","44.42","2","0.3109"
"2015-12-01","Technology","Machines","Corporate","Central","France","94.63","-0.05","3","-0.0005"
"2015-12-01","Technology","Machines","Corporate","Central","Germany","607.59","108.48","13","0.1785"
"2015-12-01","Technology","Machines","Home Office","North","United Kingdom","328.68","37.62","4","0.1145"
"2015-12-01","Technology","Phones","Consumer","Central","France","1640.87","64.28","14","0.0392"
"2015-12-01","Technology","Phones","Consumer","Central","Germany","2544.48","960.42","4","0.3775"
"2015-12-01","Technology","Phones","Consumer","North","Ireland","981.36","-117.81","3","-0.12"
"2015-12-01","Technology","Phones","Consumer","North","Norway","364.32","142.08","2","0.39"
"2015-12-01","Technology","Phones","Consumer","South","Spain","131.76","-7.32","2","-0.0556"
"2015-12-01","Technology","Phones","Corporate","Central","France","1112.21","379.43","2","0.3411"
"2015-12-01","Technology","Phones","Corporate","Central","Germany","3227.7","742.35","5","0.23"
"2015-12-01","Technology","Phones","Corporate","North","Denmark","207.72","-191.16","3","-0.9203"
"2015-12-01","Technology","Phones","Corporate","North","United Kingdom","183.95","81.71","3","0.4442"
"2015-12-01","Technology","Phones","Corporate","South","Italy","476.5","-103.16","8","-0.2165"
"2015-12-01","Technology","Phones","Home Office","Central","France","1086.3","5.07","13","0.0047"
"2015-12-01","Technology","Phones","Home Office","Central","Germany","275.88","13.74","2","0.0498"
"2015-12-01","Technology","Phones","Home Office","North","Ireland","246.51","-142.68","7","-0.5788"
"2016-01-01","Furniture","Bookcases","Consumer","Central","France","454.41","126.18","3","0.2777"
"2016-01-01","Furniture","Bookcases","Consumer","South","Italy","1022.04","61.2","6","0.0599"
"2016-01-01","Furniture","Bookcases","Corporate","Central","France","674.24","217.22","6","0.3222"
"2016-01-01","Furniture","Chairs","Corporate","Central","Austria","68.07","29.94","1","0.4398"
"2016-01-01","Furniture","Chairs","Corporate","Central","Germany","435.29","86.99","3","0.1999"
"2016-01-01","Furniture","Chairs","Home Office","Central","Netherlands","150.57","-48.24","3","-0.3204"
"2016-01-01","Furniture","Furnishings","Consumer","Central","France","362.67","130.41","7","0.3596"
"2016-01-01","Furniture","Furnishings","Consumer","Central","Netherlands","136.15","23.74","3","0.1744"
"2016-01-01","Furniture","Furnishings","Consumer","South","Italy","403.8","46.26","10","0.1146"
"2016-01-01","Furniture","Furnishings","Consumer","South","Spain","201.48","18.12","4","0.0899"
"2016-01-01","Furniture","Furnishings","Corporate","Central","France","103.29","32.67","2","0.3163"
"2016-01-01","Furniture","Furnishings","Corporate","North","United Kingdom","70.43","-271.24","7","-1"
"2016-01-01","Furniture","Furnishings","Corporate","South","Italy","94.38","33.96","2","0.3598"
"2016-01-01","Furniture","Furnishings","Home Office","Central","France","434.4","143.28","4","0.3298"
"2016-01-01","Furniture","Tables","Consumer","Central","Netherlands","239.73","-535.44","3","-1"
"2016-01-01","Furniture","Tables","Corporate","South","Spain","1451.14","-362.78","8","-0.25"
"2016-01-01","Office Supplies","Appliances","Consumer","Central","Germany","377.46","129.96","6","0.3443"
"2016-01-01","Office Supplies","Appliances","Consumer","North","Sweden","1293.68","-776.32","5","-0.6001"
"2016-01-01","Office Supplies","Appliances","Corporate","Central","France","245.67","29.94","3","0.1219"
"2016-01-01","Office Supplies","Appliances","Corporate","Central","Germany","2283.71","-0.22","9","-0.0001"
"2016-01-01","Office Supplies","Appliances","Corporate","South","Italy","1560.24","421.2","3","0.27"
"2016-01-01","Office Supplies","Art","Consumer","Central","Austria","90.63","14.49","3","0.1599"
"2016-01-01","Office Supplies","Art","Consumer","Central","France","59.1","0","2","0"
"2016-01-01","Office Supplies","Art","Consumer","Central","Germany","327.58","45.28","13","0.1382"
"2016-01-01","Office Supplies","Art","Consumer","Central","Switzerland","303.12","87.84","6","0.2898"
"2016-01-01","Office Supplies","Art","Consumer","North","Sweden","163.62","-6.66","6","-0.0407"
"2016-01-01","Office Supplies","Art","Corporate","Central","Austria","26.67","1.05","1","0.0394"
"2016-01-01","Office Supplies","Art","Corporate","Central","France","42.84","19.62","3","0.458"
"2016-01-01","Office Supplies","Art","Corporate","South","Italy","132.15","11.85","5","0.0897"
"2016-01-01","Office Supplies","Art","Corporate","South","Spain","113.76","1.08","2","0.0095"
"2016-01-01","Office Supplies","Art","Home Office","Central","France","248.7","59.55","5","0.2394"
"2016-01-01","Office Supplies","Art","Home Office","Central","Netherlands","171.04","-71.92","7","-0.4205"
"2016-01-01","Office Supplies","Art","Home Office","South","Italy","107.4","0","2","0"
"2016-01-01","Office Supplies","Binders","Consumer","Central","Austria","13.68","2.82","2","0.2061"
"2016-01-01","Office Supplies","Binders","Consumer","Central","France","124.29","25.65","9","0.2064"
"2016-01-01","Office Supplies","Binders","Consumer","Central","Germany","6.66","0.57","1","0.0856"
"2016-01-01","Office Supplies","Binders","Consumer","Central","Switzerland","17.88","3.9","2","0.2181"
"2016-01-01","Office Supplies","Binders","Consumer","North","United Kingdom","17.82","3.18","2","0.1785"
"2016-01-01","Office Supplies","Binders","Consumer","South","Italy","211.35","85.59","4","0.405"
"2016-01-01","Office Supplies","Binders","Consumer","South","Spain","57.51","8.28","6","0.144"
"2016-01-01","Office Supplies","Binders","Corporate","Central","Austria","379.62","67.8","9","0.1786"
"2016-01-01","Office Supplies","Binders","Corporate","Central","France","53.52","13.56","8","0.2534"
"2016-01-01","Office Supplies","Binders","Corporate","North","Norway","49.44","4.92","4","0.0995"
"2016-01-01","Office Supplies","Binders","Corporate","North","United Kingdom","40.86","11.34","6","0.2775"
"2016-01-01","Office Supplies","Binders","Corporate","South","Italy","69.03","24.12","7","0.3494"
"2016-01-01","Office Supplies","Binders","Corporate","South","Spain","210.84","39.9","7","0.1892"
"2016-01-01","Office Supplies","Envelopes","Corporate","Central","Austria","231.15","97.05","5","0.4199"
"2016-01-01","Office Supplies","Envelopes","Corporate","South","Italy","91.44","27.36","6","0.2992"
"2016-01-01","Office Supplies","Fasteners","Consumer","Central","Netherlands","21.64","-0.5","3","-0.0229"
"2016-01-01","Office Supplies","Fasteners","Corporate","Central","France","95.22","23.94","9","0.2514"
"2016-01-01","Office Supplies","Fasteners","Corporate","North","United Kingdom","36.85","8.96","3","0.243"
"2016-01-01","Office Supplies","Fasteners","Home Office","South","Spain","100.44","12.96","6","0.129"
"2016-01-01","Office Supplies","Labels","Corporate","Central","Austria","53.4","2.1","5","0.0393"
"2016-01-01","Office Supplies","Labels","Corporate","North","Norway","25.74","10.8","2","0.4196"
"2016-01-01","Office Supplies","Labels","Corporate","South","Spain","61.32","9.66","7","0.1575"
"2016-01-01","Office Supplies","Labels","Home Office","Central","France","42.96","8.52","4","0.1983"
"2016-01-01","Office Supplies","Paper","Consumer","South","Italy","103.62","38.1","4","0.3677"
"2016-01-01","Office Supplies","Paper","Consumer","South","Spain","93.51","21.42","3","0.2291"
"2016-01-01","Office Supplies","Paper","Corporate","Central","Austria","63.27","30.96","3","0.4893"
"2016-01-01","Office Supplies","Paper","Home Office","North","United Kingdom","215.19","10.53","9","0.0489"
"2016-01-01","Office Supplies","Storage","Consumer","Central","France","571.32","-50.88","5","-0.0891"
"2016-01-01","Office Supplies","Storage","Consumer","Central","Netherlands","145.35","-8.73","6","-0.0601"
"2016-01-01","Office Supplies","Storage","Consumer","North","United Kingdom","1614.54","551.19","14","0.3414"
"2016-01-01","Office Supplies","Storage","Consumer","South","Italy","689.99","-207.28","10","-0.3004"
"2016-01-01","Office Supplies","Storage","Consumer","South","Spain","358.02","71.58","2","0.1999"
"2016-01-01","Office Supplies","Storage","Corporate","Central","Austria","78.84","4.68","4","0.0594"
"2016-01-01","Office Supplies","Storage","Corporate","Central","France","218.16","7.26","5","0.0333"
"2016-01-01","Office Supplies","Storage","Corporate","North","United Kingdom","64.72","-5.84","3","-0.0903"
"2016-01-01","Office Supplies","Storage","Home Office","Central","Austria","1393.77","363.15","13","0.2606"
"2016-01-01","Office Supplies","Storage","Home Office","Central","France","1198.07","404.63","12","0.3377"
"2016-01-01","Office Supplies","Storage","Home Office","Central","Germany","56.11","2.47","2","0.044"
"2016-01-01","Office Supplies","Supplies","Consumer","Central","Germany","96.66","28.98","6","0.2998"
"2016-01-01","Office Supplies","Supplies","Consumer","Central","Netherlands","35.64","-17.82","3","-0.5"
"2016-01-01","Office Supplies","Supplies","Corporate","Central","France","41.49","6.57","3","0.1584"
"2016-01-01","Office Supplies","Supplies","Corporate","South","Italy","35.52","12.42","1","0.3497"
"2016-01-01","Office Supplies","Supplies","Home Office","South","Spain","41.43","11.16","1","0.2694"
"2016-01-01","Technology","Accessories","Consumer","Central","France","359.73","89.01","9","0.2474"
"2016-01-01","Technology","Accessories","Consumer","North","United Kingdom","243.81","121.86","3","0.4998"
"2016-01-01","Technology","Accessories","Corporate","Central","France","71.55","2.85","1","0.0398"
"2016-01-01","Technology","Accessories","Home Office","Central","France","425.28","136.08","8","0.32"
"2016-01-01","Technology","Copiers","Consumer","Central","Germany","379.38","75.84","2","0.1999"
"2016-01-01","Technology","Copiers","Consumer","North","United Kingdom","2004.16","-0.08","7","0"
"2016-01-01","Technology","Copiers","Consumer","South","Spain","760.5","159.66","2","0.2099"
"2016-01-01","Technology","Copiers","Corporate","Central","Austria","1491.84","288.69","7","0.1935"
"2016-01-01","Technology","Copiers","Corporate","North","Norway","964.08","337.41","3","0.35"
"2016-01-01","Technology","Copiers","Corporate","South","Spain","379.08","26.52","2","0.07"
"2016-01-01","Technology","Copiers","Home Office","North","United Kingdom","440.64","132.12","3","0.2998"
"2016-01-01","Technology","Machines","Consumer","Central","France","332.01","-0.09","5","-0.0003"
"2016-01-01","Technology","Machines","Consumer","Central","Germany","919.89","303.48","3","0.3299"
"2016-01-01","Technology","Machines","Consumer","Central","Netherlands","111.96","-94.05","3","-0.84"
"2016-01-01","Technology","Machines","Consumer","North","Sweden","308.22","-240.42","2","-0.78"
"2016-01-01","Technology","Machines","Consumer","South","Italy","294.3","-63.81","3","-0.2168"
"2016-01-01","Technology","Machines","Home Office","North","United Kingdom","1207.08","36.12","4","0.0299"
"2016-01-01","Technology","Phones","Consumer","Central","France","407.13","28.59","6","0.0702"
"2016-01-01","Technology","Phones","Consumer","Central","Germany","502.95","221.13","7","0.4397"
"2016-01-01","Technology","Phones","Consumer","North","United Kingdom","636.24","19.08","1","0.03"
"2016-01-01","Technology","Phones","Consumer","South","Italy","423.74","-169.21","7","-0.3993"
"2016-01-01","Technology","Phones","Corporate","Central","Austria","558","139.44","4","0.2499"
"2016-01-01","Technology","Phones","Corporate","North","United Kingdom","339.9","30.45","5","0.0896"
"2016-01-01","Technology","Phones","Corporate","South","Italy","409.95","-211.95","5","-0.517"
"2016-02-01","Furniture","Bookcases","Consumer","Central","France","662.28","216.84","5","0.3274"
"2016-02-01","Furniture","Bookcases","Consumer","North","United Kingdom","1393.52","356","4","0.2555"
"2016-02-01","Furniture","Chairs","Consumer","Central","France","99.79","11.05","2","0.1108"
"2016-02-01","Furniture","Chairs","Home Office","North","United Kingdom","2285.7","845.7","5","0.37"
"2016-02-01","Furniture","Furnishings","Consumer","Central","France","1291.86","450.12","14","0.3484"
"2016-02-01","Furniture","Furnishings","Consumer","North","Denmark","16.97","-19.09","1","-1"
"2016-02-01","Furniture","Furnishings","Consumer","South","Spain","44.34","0","2","0"
"2016-02-01","Furniture","Furnishings","Corporate","Central","Austria","666.48","202.32","8","0.3036"
"2016-02-01","Office Supplies","Appliances","Consumer","Central","France","97.58","14.06","2","0.1441"
"2016-02-01","Office Supplies","Art","Consumer","Central","France","575.43","144.39","19","0.2509"
"2016-02-01","Office Supplies","Art","Corporate","Central","France","97.86","48.9","2","0.4997"
"2016-02-01","Office Supplies","Art","Corporate","Central","Germany","291.24","82.56","8","0.2835"
"2016-02-01","Office Supplies","Art","Corporate","North","United Kingdom","82.89","12.42","3","0.1498"
"2016-02-01","Office Supplies","Art","Home Office","Central","France","23.25","4.41","1","0.1897"
"2016-02-01","Office Supplies","Binders","Consumer","Central","France","478.95","97.29","23","0.2031"
"2016-02-01","Office Supplies","Binders","Consumer","North","United Kingdom","11.31","0.36","1","0.0321"
"2016-02-01","Office Supplies","Binders","Corporate","North","United Kingdom","48.24","20.16","6","0.4179"
"2016-02-01","Office Supplies","Binders","Corporate","South","Italy","30.3","3.6","2","0.1188"
"2016-02-01","Office Supplies","Envelopes","Consumer","North","United Kingdom","59.18","26.3","4","0.4444"
"2016-02-01","Office Supplies","Envelopes","Home Office","North","United Kingdom","41.55","3.3","5","0.0794"
"2016-02-01","Office Supplies","Fasteners","Consumer","North","United Kingdom","57.87","23.13","3","0.3997"
"2016-02-01","Office Supplies","Fasteners","Corporate","Central","France","56.16","8.91","3","0.1587"
"2016-02-01","Office Supplies","Fasteners","Home Office","Central","France","18.66","-0.78","2","-0.0418"
"2016-02-01","Office Supplies","Fasteners","Home Office","North","United Kingdom","97.5","39","5","0.4"
"2016-02-01","Office Supplies","Labels","Consumer","Central","Germany","61.32","9.66","7","0.1575"
"2016-02-01","Office Supplies","Labels","Consumer","North","United Kingdom","54.75","12","5","0.2192"
"2016-02-01","Office Supplies","Labels","Consumer","South","Italy","20.88","4.59","3","0.2198"
"2016-02-01","Office Supplies","Labels","Corporate","South","Italy","9.12","3.99","1","0.4375"
"2016-02-01","Office Supplies","Labels","Home Office","Central","France","38.16","19.08","3","0.5"
"2016-02-01","Office Supplies","Paper","Consumer","North","Denmark","16.71","-10.41","2","-0.623"
"2016-02-01","Office Supplies","Paper","Consumer","North","United Kingdom","120.33","28.65","8","0.2381"
"2016-02-01","Office Supplies","Paper","Consumer","South","Spain","111.84","16.68","4","0.1491"
"2016-02-01","Office Supplies","Storage","Consumer","Central","France","405.59","84.23","8","0.2077"
"2016-02-01","Office Supplies","Storage","Consumer","Central","Germany","64.72","-5.84","3","-0.0903"
"2016-02-01","Office Supplies","Storage","Consumer","North","United Kingdom","222.24","63.96","5","0.2878"
"2016-02-01","Office Supplies","Storage","Corporate","North","United Kingdom","426.24","213.12","8","0.5"
"2016-02-01","Office Supplies","Storage","Corporate","South","Italy","61.13","-14.35","4","-0.2348"
"2016-02-01","Office Supplies","Storage","Home Office","Central","France","804.92","79.31","16","0.0985"
"2016-02-01","Office Supplies","Storage","Home Office","North","United Kingdom","29.52","4.95","3","0.1677"
"2016-02-01","Office Supplies","Storage","Home Office","South","Spain","30.38","-0.68","3","-0.0222"
"2016-02-01","Office Supplies","Supplies","Consumer","Central","France","429.93","123","13","0.2861"
"2016-02-01","Office Supplies","Supplies","Consumer","North","United Kingdom","117","14.04","3","0.12"
"2016-02-01","Office Supplies","Supplies","Consumer","South","Italy","246.3","24.6","5","0.0999"
"2016-02-01","Office Supplies","Supplies","Corporate","North","Norway","54.24","11.88","4","0.219"
"2016-02-01","Office Supplies","Supplies","Corporate","South","Italy","65.34","30","2","0.4591"
"2016-02-01","Technology","Accessories","Consumer","Central","France","579.6","179.4","10","0.3095"
"2016-02-01","Technology","Accessories","Consumer","Central","Germany","1779.12","711.48","7","0.3999"
"2016-02-01","Technology","Accessories","Consumer","North","United Kingdom","204.96","92.19","7","0.4498"
"2016-02-01","Technology","Accessories","Consumer","South","Italy","139.59","59.94","3","0.4294"
"2016-02-01","Technology","Accessories","Corporate","North","United Kingdom","1000.74","459.18","8","0.4588"
"2016-02-01","Technology","Copiers","Consumer","North","United Kingdom","861.41","382.85","8","0.4444"
"2016-02-01","Technology","Copiers","Home Office","Central","France","667.54","-31.49","3","-0.0472"
"2016-02-01","Technology","Machines","Consumer","South","Italy","58.54","-0.98","2","-0.0168"
"2016-02-01","Technology","Machines","Corporate","Central","Germany","236.1","115.68","2","0.49"
"2016-02-01","Technology","Machines","Home Office","Central","France","284.07","100.23","2","0.3528"
"2016-02-01","Technology","Machines","Home Office","South","Italy","147.49","-31.97","2","-0.2167"
"2016-02-01","Technology","Phones","Consumer","Central","France","464.28","38.22","3","0.0823"
"2016-02-01","Technology","Phones","Consumer","Central","Germany","4228.56","1311.66","12","0.3102"
"2016-02-01","Technology","Phones","Consumer","South","Italy","53.84","-5.41","1","-0.1005"
"2016-02-01","Technology","Phones","Corporate","Central","France","356.41","79.66","3","0.2235"
"2016-03-01","Furniture","Bookcases","Consumer","Central","France","2023.43","245.57","14","0.1214"
"2016-03-01","Furniture","Bookcases","Consumer","Central","Germany","742.82","255.8","2","0.3444"
"2016-03-01","Furniture","Bookcases","Consumer","Central","Netherlands","1273.12","-993.2","7","-0.7801"
"2016-03-01","Furniture","Bookcases","Consumer","North","United Kingdom","583.47","-490.14","3","-0.84"
"2016-03-01","Furniture","Bookcases","Corporate","Central","France","1629.91","466.72","10","0.2863"
"2016-03-01","Furniture","Bookcases","Corporate","South","Spain","438.84","65.79","3","0.1499"
"2016-03-01","Furniture","Chairs","Consumer","Central","France","1012.91","-16.57","5","-0.0164"
"2016-03-01","Furniture","Chairs","Consumer","Central","Germany","349.76","140.21","5","0.4009"
"2016-03-01","Furniture","Chairs","Consumer","Central","Netherlands","399","-263.4","10","-0.6602"
"2016-03-01","Furniture","Chairs","Consumer","North","United Kingdom","308.56","126.76","4","0.4108"
"2016-03-01","Furniture","Chairs","Corporate","South","Italy","132.72","-119.46","2","-0.9001"
"2016-03-01","Furniture","Chairs","Home Office","Central","France","139.56","34.08","3","0.2442"
"2016-03-01","Furniture","Chairs","Home Office","South","Italy","156.74","-203.8","3","-1"
"2016-03-01","Furniture","Furnishings","Consumer","Central","France","100.8","31.2","4","0.3095"
"2016-03-01","Furniture","Furnishings","Consumer","Central","Germany","100.62","38.22","2","0.3798"
"2016-03-01","Furniture","Furnishings","Consumer","North","United Kingdom","155.42","5.66","4","0.0364"
"2016-03-01","Furniture","Tables","Consumer","North","United Kingdom","993.62","-397.64","7","-0.4002"
"2016-03-01","Office Supplies","Appliances","Consumer","Central","Belgium","477.54","238.77","7","0.5"
"2016-03-01","Office Supplies","Appliances","Consumer","North","United Kingdom","166.92","66.72","2","0.3997"
"2016-03-01","Office Supplies","Art","Consumer","Central","Belgium","177.72","58.56","4","0.3295"
"2016-03-01","Office Supplies","Art","Consumer","Central","France","96.3","33.36","4","0.3464"
"2016-03-01","Office Supplies","Art","Consumer","Central","Germany","298.14","135","13","0.4528"
"2016-03-01","Office Supplies","Art","Consumer","Central","Netherlands","47.61","-29.55","2","-0.6207"
"2016-03-01","Office Supplies","Art","Consumer","North","United Kingdom","215.16","44.4","8","0.2064"
"2016-03-01","Office Supplies","Art","Consumer","South","Spain","323.82","109.98","6","0.3396"
"2016-03-01","Office Supplies","Art","Corporate","Central","France","304.05","86.64","16","0.285"
"2016-03-01","Office Supplies","Art","Corporate","Central","Germany","285.33","48.18","11","0.1689"
"2016-03-01","Office Supplies","Art","Corporate","Central","Netherlands","27.27","-18.03","2","-0.6612"
"2016-03-01","Office Supplies","Art","Corporate","North","United Kingdom","285.48","14.22","6","0.0498"
"2016-03-01","Office Supplies","Art","Corporate","South","Portugal","29.22","-21.66","2","-0.7413"
"2016-03-01","Office Supplies","Art","Home Office","Central","Netherlands","107.82","-58.26","4","-0.5403"
"2016-03-01","Office Supplies","Art","Home Office","North","United Kingdom","50.52","14.64","1","0.2898"
"2016-03-01","Office Supplies","Binders","Consumer","Central","France","278.94","93.6","11","0.3356"
"2016-03-01","Office Supplies","Binders","Consumer","Central","Netherlands","54.4","-23.44","9","-0.4309"
"2016-03-01","Office Supplies","Binders","Consumer","North","Finland","60.6","27.84","2","0.4594"
"2016-03-01","Office Supplies","Binders","Consumer","North","United Kingdom","507.51","40.23","19","0.0793"
"2016-03-01","Office Supplies","Binders","Corporate","Central","France","270.87","118.74","10","0.4384"
"2016-03-01","Office Supplies","Binders","Corporate","Central","Germany","71.58","11.76","6","0.1643"
"2016-03-01","Office Supplies","Binders","Corporate","North","United Kingdom","477.84","57.54","11","0.1204"
"2016-03-01","Office Supplies","Binders","Home Office","Central","Germany","42.9","6.75","5","0.1573"
"2016-03-01","Office Supplies","Binders","Home Office","North","United Kingdom","58.32","16.86","2","0.2891"
"2016-03-01","Office Supplies","Envelopes","Consumer","Central","Netherlands","47.04","-11.34","7","-0.2411"
"2016-03-01","Office Supplies","Envelopes","Consumer","North","Finland","42.18","13.02","2","0.3087"
"2016-03-01","Office Supplies","Envelopes","Consumer","North","United Kingdom","121.3","32.83","5","0.2707"
"2016-03-01","Office Supplies","Fasteners","Consumer","Central","France","66.96","8.64","4","0.129"
"2016-03-01","Office Supplies","Fasteners","Consumer","Central","Germany","161.46","43.74","10","0.2709"
"2016-03-01","Office Supplies","Fasteners","Consumer","North","United Kingdom","43.65","11.34","3","0.2598"
"2016-03-01","Office Supplies","Fasteners","Corporate","North","United Kingdom","108.24","39.93","11","0.3689"
"2016-03-01","Office Supplies","Fasteners","Home Office","Central","France","108.54","39.9","7","0.3676"
"2016-03-01","Office Supplies","Labels","Consumer","North","United Kingdom","231.08","43.16","23","0.1868"
"2016-03-01","Office Supplies","Labels","Corporate","South","Spain","48.96","18.6","4","0.3799"
"2016-03-01","Office Supplies","Labels","Home Office","Central","Germany","19.38","8.28","2","0.4272"
"2016-03-01","Office Supplies","Paper","Consumer","Central","France","376.41","22.26","14","0.0591"
"2016-03-01","Office Supplies","Paper","Consumer","Central","Germany","83.79","30.15","3","0.3598"
"2016-03-01","Office Supplies","Paper","Consumer","Central","Netherlands","85.46","-63.22","9","-0.7399"
"2016-03-01","Office Supplies","Paper","Consumer","North","United Kingdom","41.7","6.24","2","0.1496"
"2016-03-01","Office Supplies","Paper","Corporate","Central","Germany","135.54","40.59","3","0.2995"
"2016-03-01","Office Supplies","Paper","Corporate","South","Italy","305.94","38.82","11","0.1269"
"2016-03-01","Office Supplies","Paper","Home Office","South","Spain","55.92","27.36","2","0.4893"
"2016-03-01","Office Supplies","Storage","Consumer","Central","Belgium","510.6","188.64","4","0.3694"
"2016-03-01","Office Supplies","Storage","Consumer","Central","France","2899.58","126.74","28","0.0437"
"2016-03-01","Office Supplies","Storage","Consumer","Central","Germany","707.18","37.22","15","0.0526"
"2016-03-01","Office Supplies","Storage","Consumer","Central","Netherlands","10.8","-5.22","2","-0.4833"
"2016-03-01","Office Supplies","Storage","Consumer","North","United Kingdom","1365.62","-243.32","26","-0.1782"
"2016-03-01","Office Supplies","Storage","Corporate","Central","Germany","1559.47","479.59","10","0.3075"
"2016-03-01","Office Supplies","Storage","Corporate","North","Norway","289.35","69.3","5","0.2395"
"2016-03-01","Office Supplies","Storage","Corporate","South","Italy","41.98","-19.7","4","-0.4694"
"2016-03-01","Office Supplies","Storage","Home Office","Central","Austria","128.37","55.17","1","0.4298"
"2016-03-01","Office Supplies","Storage","Home Office","Central","France","577.66","211.66","5","0.3664"
"2016-03-01","Office Supplies","Supplies","Consumer","North","United Kingdom","126.45","-40.59","6","-0.321"
"2016-03-01","Office Supplies","Supplies","Corporate","South","Italy","47.64","23.34","1","0.4899"
"2016-03-01","Office Supplies","Supplies","Corporate","South","Spain","291.45","67.74","7","0.2324"
"2016-03-01","Office Supplies","Supplies","Home Office","Central","France","31.83","8.91","1","0.2799"
"2016-03-01","Technology","Accessories","Consumer","Central","Belgium","207.45","4.14","3","0.02"
"2016-03-01","Technology","Accessories","Consumer","Central","France","1795.92","843.99","7","0.4699"
"2016-03-01","Technology","Accessories","Corporate","North","United Kingdom","64.02","30.06","2","0.4695"
"2016-03-01","Technology","Accessories","Home Office","North","United Kingdom","129.06","46.44","3","0.3598"
"2016-03-01","Technology","Copiers","Consumer","Central","Austria","1285.44","449.88","4","0.35"
"2016-03-01","Technology","Copiers","Consumer","Central","Netherlands","2118.52","-1751.02","13","-0.8265"
"2016-03-01","Technology","Copiers","Consumer","North","Finland","248.82","39.78","2","0.1599"
"2016-03-01","Technology","Copiers","Consumer","South","Spain","2104.74","989.01","11","0.4699"
"2016-03-01","Technology","Copiers","Corporate","North","United Kingdom","319.56","146.97","1","0.4599"
"2016-03-01","Technology","Copiers","Home Office","Central","France","853.38","-74.88","8","-0.0877"
"2016-03-01","Technology","Copiers","Home Office","North","United Kingdom","1893.3","927.6","5","0.4899"
"2016-03-01","Technology","Copiers","Home Office","South","Italy","947.7","66.3","5","0.07"
"2016-03-01","Technology","Machines","Consumer","Central","Germany","1615.2","344.01","15","0.213"
"2016-03-01","Technology","Machines","Consumer","North","United Kingdom","1915.98","419.82","14","0.2191"
"2016-03-01","Technology","Machines","Consumer","South","Spain","815.1","-90.57","3","-0.1111"
"2016-03-01","Technology","Machines","Corporate","Central","Germany","156.87","3.06","3","0.0195"
"2016-03-01","Technology","Machines","Home Office","Central","Germany","314.46","21.96","6","0.0698"
"2016-03-01","Technology","Phones","Consumer","Central","France","166.31","15.65","3","0.0941"
"2016-03-01","Technology","Phones","Consumer","Central","Netherlands","206.68","-119.92","3","-0.5802"
"2016-03-01","Technology","Phones","Consumer","North","Sweden","260.88","-67.92","8","-0.2603"
"2016-03-01","Technology","Phones","Consumer","North","United Kingdom","1487.91","300.78","12","0.2021"
"2016-03-01","Technology","Phones","Consumer","South","Italy","159.62","-29.38","4","-0.184"
"2016-03-01","Technology","Phones","Corporate","Central","France","1257.46","-29.66","8","-0.0236"
"2016-03-01","Technology","Phones","Corporate","Central","Germany","303.66","75.9","2","0.25"
"2016-03-01","Technology","Phones","Corporate","South","Italy","134.3","-31.39","3","-0.2337"
"2016-03-01","Technology","Phones","Corporate","South","Spain","245.86","49.12","2","0.1998"
"2016-04-01","Furniture","Bookcases","Consumer","Central","Austria","398.52","47.82","2","0.12"
"2016-04-01","Furniture","Bookcases","Consumer","Central","Netherlands","548.5","-427.9","3","-0.7801"
"2016-04-01","Furniture","Bookcases","Consumer","North","United Kingdom","334.61","148.67","3","0.4443"
"2016-04-01","Furniture","Bookcases","Corporate","South","Spain","1087.2","119.52","3","0.1099"
"2016-04-01","Furniture","Chairs","Consumer","Central","France","1245.86","-124.66","3","-0.1001"
"2016-04-01","Furniture","Chairs","Consumer","Central","Germany","835.06","-27.86","2","-0.0334"
"2016-04-01","Furniture","Furnishings","Consumer","Central","Netherlands","88.22","15.38","2","0.1744"
"2016-04-01","Office Supplies","Appliances","Corporate","Central","France","450.68","150.08","6","0.333"
"2016-04-01","Office Supplies","Appliances","Corporate","Central","Germany","100.18","25","2","0.2495"
"2016-04-01","Office Supplies","Appliances","Corporate","South","Spain","105.78","38.04","2","0.3596"
"2016-04-01","Office Supplies","Art","Consumer","Central","Austria","147.96","46.2","6","0.3122"
"2016-04-01","Office Supplies","Art","Consumer","Central","France","192.69","32.16","5","0.1669"
"2016-04-01","Office Supplies","Art","Consumer","Central","Germany","278.2","70.9","7","0.2548"
"2016-04-01","Office Supplies","Art","Consumer","Central","Netherlands","33.3","-17.46","6","-0.5243"
"2016-04-01","Office Supplies","Art","Consumer","South","Italy","275.67","58.47","10","0.2121"
"2016-04-01","Office Supplies","Art","Corporate","Central","Germany","542.14","14.92","23","0.0275"
"2016-04-01","Office Supplies","Art","Corporate","North","United Kingdom","173.1","-112.26","8","-0.6485"
"2016-04-01","Office Supplies","Art","Corporate","South","Spain","52.86","4.74","2","0.0897"
"2016-04-01","Office Supplies","Art","Home Office","Central","France","243.81","121.77","9","0.4994"
"2016-04-01","Office Supplies","Art","Home Office","North","United Kingdom","69.6","6.24","4","0.0897"
"2016-04-01","Office Supplies","Binders","Consumer","Central","Austria","9.78","2.34","2","0.2393"
"2016-04-01","Office Supplies","Binders","Consumer","Central","France","209.37","83.58","7","0.3992"
"2016-04-01","Office Supplies","Binders","Consumer","Central","Germany","216.84","22.35","19","0.1031"
"2016-04-01","Office Supplies","Binders","Consumer","North","Denmark","21.28","-12.38","3","-0.5814"
"2016-04-01","Office Supplies","Binders","Consumer","North","United Kingdom","81.77","-12.28","10","-0.1502"
"2016-04-01","Office Supplies","Binders","Consumer","South","Italy","258.9","46.5","5","0.1796"
"2016-04-01","Office Supplies","Binders","Consumer","South","Spain","23.85","10.2","5","0.4277"
"2016-04-01","Office Supplies","Binders","Corporate","Central","Germany","102.18","29.58","2","0.2895"
"2016-04-01","Office Supplies","Binders","Corporate","North","United Kingdom","29.51","-5.92","3","-0.2008"
"2016-04-01","Office Supplies","Binders","Corporate","South","Spain","74.88","5.94","6","0.0793"
"2016-04-01","Office Supplies","Binders","Home Office","Central","Austria","49.95","13.95","3","0.2793"
"2016-04-01","Office Supplies","Binders","Home Office","Central","Germany","50.4","23.1","5","0.4583"
"2016-04-01","Office Supplies","Binders","Home Office","South","Italy","60.6","27.84","2","0.4594"
"2016-04-01","Office Supplies","Envelopes","Consumer","Central","Switzerland","173.61","10.26","9","0.0591"
"2016-04-01","Office Supplies","Envelopes","Consumer","North","United Kingdom","205.44","-90.48","8","-0.4404"
"2016-04-01","Office Supplies","Envelopes","Consumer","South","Italy","98.76","7.8","4","0.079"
"2016-04-01","Office Supplies","Envelopes","Corporate","Central","France","380.22","82.11","11","0.216"
"2016-04-01","Office Supplies","Envelopes","Home Office","Central","France","48.84","6.81","1","0.1394"
"2016-04-01","Office Supplies","Fasteners","Consumer","Central","Belgium","26.64","10.92","2","0.4099"
"2016-04-01","Office Supplies","Fasteners","Consumer","Central","France","68.55","8.88","5","0.1295"
"2016-04-01","Office Supplies","Fasteners","Consumer","Central","Germany","89.64","17.01","8","0.1898"
"2016-04-01","Office Supplies","Fasteners","Consumer","North","Finland","59.85","1.05","5","0.0175"
"2016-04-01","Office Supplies","Fasteners","Corporate","Central","France","28.38","5.64","2","0.1987"
"2016-04-01","Office Supplies","Fasteners","Corporate","North","United Kingdom","28.2","-24.84","4","-0.8809"
"2016-04-01","Office Supplies","Fasteners","Home Office","Central","Austria","37.56","10.65","3","0.2835"
"2016-04-01","Office Supplies","Labels","Consumer","Central","Austria","44.22","11.52","7","0.2605"
"2016-04-01","Office Supplies","Labels","Consumer","South","Italy","20.7","7.38","3","0.3565"
"2016-04-01","Office Supplies","Labels","Corporate","Central","Germany","25.38","9.63","3","0.3794"
"2016-04-01","Office Supplies","Labels","Home Office","Central","Austria","27","3.96","4","0.1467"
"2016-04-01","Office Supplies","Paper","Consumer","Central","Austria","83.25","18.27","3","0.2195"
"2016-04-01","Office Supplies","Paper","Consumer","Central","Netherlands","27.54","-7.74","3","-0.281"
"2016-04-01","Office Supplies","Paper","Consumer","South","Italy","122.76","56.4","4","0.4594"
"2016-04-01","Office Supplies","Paper","Corporate","North","United Kingdom","31.2","4.05","1","0.1298"
"2016-04-01","Office Supplies","Storage","Consumer","Central","Austria","1147.23","11.34","9","0.0099"
"2016-04-01","Office Supplies","Storage","Consumer","Central","Germany","1844.26","374.59","15","0.2031"
"2016-04-01","Office Supplies","Storage","Consumer","North","Denmark","609.66","-231.84","6","-0.3803"
"2016-04-01","Office Supplies","Storage","Consumer","North","United Kingdom","1454.88","268.35","7","0.1844"
"2016-04-01","Office Supplies","Storage","Consumer","South","Italy","80.24","10.58","6","0.1319"
"2016-04-01","Office Supplies","Storage","Consumer","South","Spain","172.8","44.16","4","0.2556"
"2016-04-01","Office Supplies","Storage","Corporate","Central","France","72.58","10.48","3","0.1443"
"2016-04-01","Office Supplies","Storage","Corporate","Central","Germany","915.46","147.58","6","0.1612"
"2016-04-01","Office Supplies","Storage","Corporate","North","Sweden","155.4","-31.2","5","-0.2008"
"2016-04-01","Office Supplies","Storage","Corporate","North","United Kingdom","143.91","25.83","3","0.1795"
"2016-04-01","Office Supplies","Storage","Corporate","South","Spain","218.16","7.26","5","0.0333"
"2016-04-01","Office Supplies","Storage","Home Office","Central","Austria","43.08","0","4","0"
"2016-04-01","Office Supplies","Storage","Home Office","Central","Germany","38.76","-12.6","2","-0.3251"
"2016-04-01","Office Supplies","Supplies","Consumer","Central","Belgium","307.86","67.62","7","0.2196"
"2016-04-01","Office Supplies","Supplies","Consumer","Central","Germany","82.5","33.75","5","0.4091"
"2016-04-01","Office Supplies","Supplies","Consumer","North","Denmark","83.34","-55.08","6","-0.6609"
"2016-04-01","Office Supplies","Supplies","Corporate","South","Italy","62.7","13.74","2","0.2191"
"2016-04-01","Office Supplies","Supplies","Home Office","Central","Germany","33.8","-1.4","3","-0.0413"
"2016-04-01","Technology","Accessories","Consumer","Central","France","123.93","28.05","3","0.2263"
"2016-04-01","Technology","Accessories","Corporate","Central","Austria","414.9","66.3","5","0.1598"
"2016-04-01","Technology","Accessories","Home Office","North","United Kingdom","257.85","56.7","1","0.2199"
"2016-04-01","Technology","Copiers","Consumer","Central","Germany","647.6","57.5","5","0.0888"
"2016-04-01","Technology","Copiers","Consumer","North","United Kingdom","771.72","185.16","4","0.2399"
"2016-04-01","Technology","Copiers","Consumer","South","Italy","367.83","29.34","3","0.0798"
"2016-04-01","Technology","Copiers","Corporate","Central","Germany","4748.44","844.12","14","0.1778"
"2016-04-01","Technology","Copiers","Corporate","South","Spain","377.19","82.98","3","0.22"
"2016-04-01","Technology","Copiers","Home Office","Central","France","763.93","-134.81","3","-0.1765"
"2016-04-01","Technology","Copiers","Home Office","South","Italy","171.09","66.72","1","0.39"
"2016-04-01","Technology","Machines","Consumer","Central","Austria","426.3","4.2","5","0.0099"
"2016-04-01","Technology","Machines","Consumer","Central","France","416.06","68.42","4","0.1644"
"2016-04-01","Technology","Machines","Consumer","Central","Germany","522.72","177.66","3","0.3399"
"2016-04-01","Technology","Machines","Consumer","Central","Netherlands","173.94","-104.4","2","-0.6002"
"2016-04-01","Technology","Machines","Corporate","Central","France","201.58","44.98","5","0.2231"
"2016-04-01","Technology","Machines","Home Office","Central","Austria","253.5","4.95","5","0.0195"
"2016-04-01","Technology","Phones","Consumer","Central","Germany","1912.5","535.5","3","0.28"
"2016-04-01","Technology","Phones","Consumer","Central","Netherlands","264.33","-126.9","3","-0.4801"
"2016-04-01","Technology","Phones","Corporate","Central","Germany","2875.77","-1783.08","9","-0.62"
"2016-04-01","Technology","Phones","Corporate","South","Spain","150.15","-11.7","1","-0.0779"
"2016-04-01","Technology","Phones","Home Office","Central","Germany","948.05","126.32","13","0.1332"
"2016-04-01","Technology","Phones","Home Office","South","Italy","191.59","-60.77","4","-0.3172"
"2016-05-01","Furniture","Bookcases","Consumer","Central","Germany","268.81","83.59","2","0.311"
"2016-05-01","Furniture","Bookcases","Consumer","South","Spain","3876.3","38.7","10","0.01"
"2016-05-01","Furniture","Bookcases","Corporate","South","Spain","341.46","30.72","2","0.09"
"2016-05-01","Furniture","Chairs","Consumer","Central","Germany","2586.28","694.15","13","0.2684"
"2016-05-01","Furniture","Chairs","Consumer","South","Spain","727.54","-81.86","2","-0.1125"
"2016-05-01","Furniture","Chairs","Corporate","North","Sweden","351.84","-49.44","8","-0.1405"
"2016-05-01","Furniture","Chairs","Corporate","North","United Kingdom","827.33","156.23","2","0.1888"
"2016-05-01","Furniture","Furnishings","Consumer","Central","France","333.54","156.69","3","0.4698"
"2016-05-01","Furniture","Furnishings","Consumer","Central","Germany","48.78","24.39","1","0.5"
"2016-05-01","Furniture","Furnishings","Consumer","South","Italy","80.28","37.68","4","0.4694"
"2016-05-01","Furniture","Furnishings","Consumer","South","Spain","278.19","39","5","0.1402"
"2016-05-01","Furniture","Furnishings","Corporate","Central","France","219.9","24.18","2","0.11"
"2016-05-01","Furniture","Furnishings","Home Office","South","Italy","100.32","19.02","2","0.1896"
"2016-05-01","Office Supplies","Appliances","Consumer","Central","Germany","69.04","17.62","1","0.2552"
"2016-05-01","Office Supplies","Appliances","Consumer","South","Spain","2376.87","665.37","7","0.2799"
"2016-05-01","Office Supplies","Appliances","Corporate","Central","France","509.87","-39.67","2","-0.0778"
"2016-05-01","Office Supplies","Appliances","Corporate","South","Italy","1054.02","337.26","2","0.32"
"2016-05-01","Office Supplies","Art","Consumer","Central","France","238.65","47.94","7","0.2009"
"2016-05-01","Office Supplies","Art","Consumer","Central","Germany","163.98","12.72","4","0.0776"
"2016-05-01","Office Supplies","Art","Consumer","South","Italy","647.76","129.24","20","0.1995"
"2016-05-01","Office Supplies","Art","Consumer","South","Spain","824.49","265.35","22","0.3218"
"2016-05-01","Office Supplies","Art","Corporate","Central","France","411.87","112.8","11","0.2739"
"2016-05-01","Office Supplies","Art","Corporate","Central","Germany","396","130.56","8","0.3297"
"2016-05-01","Office Supplies","Art","Corporate","North","United Kingdom","53.76","-1.86","4","-0.0346"
"2016-05-01","Office Supplies","Art","Home Office","North","United Kingdom","117.12","5.76","4","0.0492"
"2016-05-01","Office Supplies","Art","Home Office","South","Italy","14.97","5.37","1","0.3587"
"2016-05-01","Office Supplies","Binders","Consumer","South","Italy","42.45","11.85","5","0.2792"
"2016-05-01","Office Supplies","Binders","Consumer","South","Spain","110.01","0.96","7","0.0087"
"2016-05-01","Office Supplies","Binders","Corporate","Central","France","62.37","11.13","7","0.1785"
"2016-05-01","Office Supplies","Binders","Corporate","North","Finland","15.24","6.84","2","0.4488"
"2016-05-01","Office Supplies","Binders","Corporate","North","United Kingdom","268.86","90.15","8","0.3353"
"2016-05-01","Office Supplies","Binders","Corporate","South","Italy","153.27","44.37","3","0.2895"
"2016-05-01","Office Supplies","Binders","Home Office","Central","Germany","201.3","74.64","4","0.3708"
"2016-05-01","Office Supplies","Binders","Home Office","North","United Kingdom","9.54","4.08","2","0.4277"
"2016-05-01","Office Supplies","Envelopes","Consumer","Central","Germany","49.83","4.98","1","0.0999"
"2016-05-01","Office Supplies","Envelopes","Consumer","North","United Kingdom","153.27","37.53","11","0.2449"
"2016-05-01","Office Supplies","Envelopes","Consumer","South","Spain","32.28","14.16","2","0.4387"
"2016-05-01","Office Supplies","Fasteners","Consumer","Central","France","54.6","17.4","4","0.3187"
"2016-05-01","Office Supplies","Fasteners","Consumer","Central","Germany","147.24","61.23","10","0.4159"
"2016-05-01","Office Supplies","Fasteners","Consumer","Central","Netherlands","24.6","-6.45","5","-0.2622"
"2016-05-01","Office Supplies","Fasteners","Consumer","North","United Kingdom","49.2","18.15","5","0.3689"
"2016-05-01","Office Supplies","Fasteners","Corporate","Central","France","73.2","12.3","5","0.168"
"2016-05-01","Office Supplies","Fasteners","Home Office","Central","Netherlands","10.95","-6.57","2","-0.6"
"2016-05-01","Office Supplies","Fasteners","Home Office","North","United Kingdom","43.11","9","3","0.2088"
"2016-05-01","Office Supplies","Labels","Corporate","South","Italy","56.49","7.77","7","0.1375"
"2016-05-01","Office Supplies","Labels","Corporate","South","Spain","110.16","41.85","9","0.3799"
"2016-05-01","Office Supplies","Paper","Consumer","South","Italy","338.1","37.17","7","0.1099"
"2016-05-01","Office Supplies","Paper","Consumer","South","Spain","411.84","60.54","8","0.147"
"2016-05-01","Office Supplies","Paper","Corporate","Central","France","117.18","32.76","6","0.2796"
"2016-05-01","Office Supplies","Paper","Corporate","North","United Kingdom","135.72","55.56","4","0.4094"
"2016-05-01","Office Supplies","Storage","Consumer","Central","France","383.86","80.02","9","0.2085"
"2016-05-01","Office Supplies","Storage","Consumer","Central","Germany","534.63","155.04","7","0.29"
"2016-05-01","Office Supplies","Storage","Consumer","North","United Kingdom","143.55","14.85","7","0.1034"
"2016-05-01","Office Supplies","Storage","Consumer","South","Spain","742.34","-22.99","7","-0.031"
"2016-05-01","Office Supplies","Storage","Corporate","Central","France","42.04","16.75","3","0.3984"
"2016-05-01","Office Supplies","Storage","Corporate","Central","Germany","70.06","27.92","5","0.3984"
"2016-05-01","Office Supplies","Storage","Corporate","North","Finland","55.14","10.47","1","0.1899"
"2016-05-01","Office Supplies","Storage","Corporate","North","United Kingdom","846.15","141.09","7","0.1667"
"2016-05-01","Office Supplies","Storage","Corporate","South","Italy","69.44","-16.24","2","-0.2338"
"2016-05-01","Office Supplies","Storage","Home Office","South","Italy","67.75","-16.97","2","-0.2504"
"2016-05-01","Office Supplies","Supplies","Consumer","Central","Germany","34.74","11.43","3","0.329"
"2016-05-01","Office Supplies","Supplies","Consumer","South","Spain","109.53","16.38","3","0.1495"
"2016-05-01","Office Supplies","Supplies","Corporate","Central","France","50.13","1.98","3","0.0395"
"2016-05-01","Technology","Accessories","Consumer","South","Italy","284.22","80.94","5","0.2848"
"2016-05-01","Technology","Accessories","Consumer","South","Spain","508.32","203.28","2","0.3999"
"2016-05-01","Technology","Accessories","Corporate","North","United Kingdom","103.44","1.11","3","0.0107"
"2016-05-01","Technology","Accessories","Home Office","Central","France","459.24","100.92","4","0.2198"
"2016-05-01","Technology","Copiers","Consumer","Central","Germany","512.16","56.85","3","0.111"
"2016-05-01","Technology","Copiers","Consumer","North","United Kingdom","348.66","142.92","2","0.4099"
"2016-05-01","Technology","Copiers","Consumer","South","Italy","1513.56","741.6","4","0.49"
"2016-05-01","Technology","Copiers","Corporate","Central","France","1117.36","-32.84","6","-0.0294"
"2016-05-01","Technology","Copiers","Corporate","North","United Kingdom","486.66","243.3","2","0.4999"
"2016-05-01","Technology","Machines","Consumer","Central","France","792","214.29","3","0.2706"
"2016-05-01","Technology","Machines","Consumer","South","Portugal","186.3","-156.6","5","-0.8406"
"2016-05-01","Technology","Machines","Consumer","South","Spain","442.48","83.56","4","0.1888"
"2016-05-01","Technology","Machines","Home Office","North","United Kingdom","221.16","15.48","2","0.07"
"2016-05-01","Technology","Phones","Consumer","Central","Germany","683.25","61.35","5","0.0898"
"2016-05-01","Technology","Phones","Consumer","North","United Kingdom","5724.54","2461.32","9","0.43"
"2016-05-01","Technology","Phones","Consumer","South","Spain","669.57","89.67","5","0.1339"
"2016-06-01","Furniture","Bookcases","Consumer","Central","France","2561.3","-15.04","11","-0.0059"
"2016-06-01","Furniture","Bookcases","Consumer","Central","Germany","1969.6","503.32","6","0.2555"
"2016-06-01","Furniture","Bookcases","Consumer","North","United Kingdom","610.35","207.45","5","0.3399"
"2016-06-01","Furniture","Bookcases","Consumer","South","Italy","2546.46","381.78","7","0.1499"
"2016-06-01","Furniture","Bookcases","Consumer","South","Spain","296.88","47.46","2","0.1599"
"2016-06-01","Furniture","Bookcases","Corporate","Central","France","3572.34","605.4","10","0.1695"
"2016-06-01","Furniture","Bookcases","Corporate","North","United Kingdom","298.68","113.46","2","0.3799"
"2016-06-01","Furniture","Bookcases","Home Office","Central","France","466.72","-25.94","3","-0.0556"
"2016-06-01","Furniture","Chairs","Consumer","Central","France","696.37","55.72","13","0.08"
"2016-06-01","Furniture","Chairs","Consumer","Central","Germany","3340.38","1010.7","13","0.3026"
"2016-06-01","Furniture","Chairs","Consumer","Central","Netherlands","183.42","-139.5","4","-0.7605"
"2016-06-01","Furniture","Chairs","Consumer","North","Sweden","159.03","-28.71","6","-0.1805"
"2016-06-01","Furniture","Chairs","Consumer","North","United Kingdom","945.68","191.36","15","0.2023"
"2016-06-01","Furniture","Chairs","Corporate","Central","France","133.65","4.41","2","0.033"
"2016-06-01","Furniture","Chairs","Corporate","Central","Germany","149.93","6.65","3","0.0444"
"2016-06-01","Furniture","Chairs","Corporate","North","Finland","292.95","46.8","5","0.1598"
"2016-06-01","Furniture","Chairs","Corporate","South","Italy","96.42","-86.88","5","-0.9011"
"2016-06-01","Furniture","Chairs","Home Office","Central","France","444.04","162.7","6","0.3664"
"2016-06-01","Furniture","Chairs","Home Office","North","United Kingdom","822.85","246.85","2","0.3"
"2016-06-01","Furniture","Furnishings","Consumer","Central","France","973.35","106.92","9","0.1098"
"2016-06-01","Furniture","Furnishings","Consumer","Central","Germany","152.77","57.64","3","0.3773"
"2016-06-01","Furniture","Furnishings","Consumer","North","United Kingdom","202.67","-41.32","9","-0.2039"
"2016-06-01","Furniture","Furnishings","Corporate","Central","Germany","292.68","91.98","6","0.3143"
"2016-06-01","Furniture","Furnishings","Corporate","South","Italy","40.14","18.84","2","0.4694"
"2016-06-01","Furniture","Furnishings","Home Office","Central","France","439.8","48.36","4","0.11"
"2016-06-01","Furniture","Furnishings","Home Office","North","United Kingdom","53.11","-18.98","3","-0.3574"
"2016-06-01","Furniture","Tables","Consumer","Central","France","2364.1","-218.3","4","-0.0923"
"2016-06-01","Furniture","Tables","Corporate","North","United Kingdom","508.38","172.8","2","0.3399"
"2016-06-01","Furniture","Tables","Home Office","Central","Germany","555.14","-1924.54","4","-1"
"2016-06-01","Office Supplies","Appliances","Consumer","Central","France","2634.17","775.07","8","0.2942"
"2016-06-01","Office Supplies","Appliances","Consumer","South","Spain","163.56","57.24","2","0.35"
"2016-06-01","Office Supplies","Art","Consumer","Central","France","113.28","5.16","7","0.0456"
"2016-06-01","Office Supplies","Art","Consumer","Central","Germany","565.56","173.37","26","0.3065"
"2016-06-01","Office Supplies","Art","Consumer","Central","Netherlands","39.15","-18.81","3","-0.4805"
"2016-06-01","Office Supplies","Art","Consumer","North","United Kingdom","718.26","152.82","22","0.2128"
"2016-06-01","Office Supplies","Art","Consumer","South","Spain","95.76","35.28","6","0.3684"
"2016-06-01","Office Supplies","Art","Corporate","Central","Austria","30.24","10.86","2","0.3591"
"2016-06-01","Office Supplies","Art","Corporate","Central","France","172.38","33.93","6","0.1968"
"2016-06-01","Office Supplies","Art","Corporate","Central","Germany","121.8","48.6","5","0.399"
"2016-06-01","Office Supplies","Art","Corporate","Central","Switzerland","45.36","16.29","3","0.3591"
"2016-06-01","Office Supplies","Art","Corporate","North","Finland","99.48","23.82","2","0.2394"
"2016-06-01","Office Supplies","Art","Corporate","North","United Kingdom","22.25","4.43","2","0.199"
"2016-06-01","Office Supplies","Art","Corporate","South","Spain","83.88","3.33","3","0.0397"
"2016-06-01","Office Supplies","Art","Home Office","Central","Netherlands","63.38","-31.88","3","-0.503"
"2016-06-01","Office Supplies","Art","Home Office","South","Italy","111.84","4.44","4","0.0397"
"2016-06-01","Office Supplies","Binders","Consumer","Central","Belgium","198.45","59.43","7","0.2995"
"2016-06-01","Office Supplies","Binders","Consumer","Central","France","139.92","49.92","15","0.3568"
"2016-06-01","Office Supplies","Binders","Consumer","Central","Germany","194.47","35.8","26","0.1841"
"2016-06-01","Office Supplies","Binders","Consumer","Central","Netherlands","46.83","-11.34","7","-0.2422"
"2016-06-01","Office Supplies","Binders","Consumer","North","United Kingdom","259.38","72.33","15","0.2789"
"2016-06-01","Office Supplies","Binders","Corporate","Central","France","103.47","18","4","0.174"
"2016-06-01","Office Supplies","Binders","Corporate","Central","Germany","156.9","69.78","7","0.4447"
"2016-06-01","Office Supplies","Binders","Corporate","North","United Kingdom","121.8","33.06","6","0.2714"
"2016-06-01","Office Supplies","Binders","Corporate","South","Italy","65.28","30.48","8","0.4669"
"2016-06-01","Office Supplies","Binders","Home Office","Central","France","117.57","12.9","11","0.1097"
"2016-06-01","Office Supplies","Binders","Home Office","South","Italy","494.52","173.91","15","0.3517"
"2016-06-01","Office Supplies","Envelopes","Consumer","Central","France","77.4","8.4","4","0.1085"
"2016-06-01","Office Supplies","Envelopes","Consumer","North","United Kingdom","35.73","8.55","3","0.2393"
"2016-06-01","Office Supplies","Envelopes","Consumer","South","Italy","47.88","2.79","3","0.0583"
"2016-06-01","Office Supplies","Envelopes","Consumer","South","Spain","59.94","28.71","3","0.479"
"2016-06-01","Office Supplies","Envelopes","Corporate","Central","France","265.23","29.07","9","0.1096"
"2016-06-01","Office Supplies","Envelopes","Corporate","Central","Germany","134.37","18.39","5","0.1369"
"2016-06-01","Office Supplies","Envelopes","Home Office","North","United Kingdom","187.5","85.38","4","0.4554"
"2016-06-01","Office Supplies","Envelopes","Home Office","South","Italy","88.92","40.8","4","0.4588"
"2016-06-01","Office Supplies","Fasteners","Consumer","Central","France","15.96","1.59","1","0.0996"
"2016-06-01","Office Supplies","Fasteners","Consumer","North","Sweden","11.88","-5.94","2","-0.5"
"2016-06-01","Office Supplies","Fasteners","Corporate","Central","France","212.73","55.44","21","0.2606"
"2016-06-01","Office Supplies","Fasteners","Corporate","Central","Germany","94.38","32.37","7","0.343"
"2016-06-01","Office Supplies","Fasteners","Corporate","Central","Netherlands","14.07","-9.87","2","-0.7015"
"2016-06-01","Office Supplies","Fasteners","Corporate","South","Italy","19.77","9.87","1","0.4992"
"2016-06-01","Office Supplies","Fasteners","Home Office","Central","Germany","27.96","10.02","2","0.3584"
"2016-06-01","Office Supplies","Fasteners","Home Office","South","Italy","16.59","5.46","1","0.3291"
"2016-06-01","Office Supplies","Labels","Consumer","Central","Austria","24.21","3.33","3","0.1375"
"2016-06-01","Office Supplies","Labels","Consumer","Central","France","119.16","31.02","11","0.2603"
"2016-06-01","Office Supplies","Labels","Consumer","North","Sweden","3.33","-0.6","1","-0.1802"
"2016-06-01","Office Supplies","Labels","Corporate","Central","France","20.94","7.08","2","0.3381"
"2016-06-01","Office Supplies","Labels","Corporate","Central","Germany","37.12","1.58","5","0.0424"
"2016-06-01","Office Supplies","Labels","Corporate","South","Italy","13.32","6.24","2","0.4685"
"2016-06-01","Office Supplies","Labels","Home Office","Central","France","82.35","25.11","11","0.3049"
"2016-06-01","Office Supplies","Labels","Home Office","Central","Germany","25.08","11.76","4","0.4689"
"2016-06-01","Office Supplies","Paper","Consumer","Central","France","120.78","27.42","5","0.227"
"2016-06-01","Office Supplies","Paper","Consumer","North","Sweden","67.6","-39.58","5","-0.5855"
"2016-06-01","Office Supplies","Paper","Corporate","Central","Germany","102.45","14.25","5","0.1391"
"2016-06-01","Office Supplies","Paper","Corporate","South","Italy","134.64","43.02","3","0.3195"
"2016-06-01","Office Supplies","Storage","Consumer","Central","France","832.38","77.91","23","0.0936"
"2016-06-01","Office Supplies","Storage","Consumer","Central","Germany","1481.01","353.73","35","0.2388"
"2016-06-01","Office Supplies","Storage","Consumer","North","United Kingdom","20.58","5.94","2","0.2886"
"2016-06-01","Office Supplies","Storage","Consumer","South","Italy","647.6","-194.92","10","-0.301"
"2016-06-01","Office Supplies","Storage","Corporate","Central","Austria","402.39","76.41","3","0.1899"
"2016-06-01","Office Supplies","Storage","Corporate","Central","France","1149.07","293.05","10","0.255"
"2016-06-01","Office Supplies","Storage","Corporate","Central","Germany","73.41","11.67","2","0.159"
"2016-06-01","Office Supplies","Storage","Corporate","North","United Kingdom","345.38","30.65","3","0.0888"
"2016-06-01","Office Supplies","Storage","Corporate","South","Italy","247.3","7","8","0.0283"
"2016-06-01","Office Supplies","Storage","Home Office","Central","France","437.99","159.29","9","0.3637"
"2016-06-01","Office Supplies","Storage","Home Office","Central","Germany","171.32","20.12","5","0.1174"
"2016-06-01","Office Supplies","Storage","Home Office","North","United Kingdom","594.85","47.68","5","0.0802"
"2016-06-01","Office Supplies","Storage","Home Office","South","Italy","30.62","3.53","3","0.1152"
"2016-06-01","Office Supplies","Supplies","Consumer","Central","Germany","814.77","91.32","21","0.1121"
"2016-06-01","Office Supplies","Supplies","Consumer","South","Italy","154.56","41.16","8","0.2663"
"2016-06-01","Office Supplies","Supplies","Consumer","South","Spain","54.66","2.16","2","0.0395"
"2016-06-01","Office Supplies","Supplies","Corporate","Central","Austria","94.08","27.24","2","0.2895"
"2016-06-01","Office Supplies","Supplies","Corporate","Central","France","79.44","35.64","4","0.4486"
"2016-06-01","Office Supplies","Supplies","Corporate","Central","Germany","43.38","2.58","2","0.0595"
"2016-06-01","Office Supplies","Supplies","Home Office","Central","France","189.09","73.98","6","0.3912"
"2016-06-01","Office Supplies","Supplies","Home Office","North","United Kingdom","284.26","122.98","14","0.4326"
"2016-06-01","Office Supplies","Supplies","Home Office","South","Spain","212.22","14.76","6","0.0696"
"2016-06-01","Technology","Accessories","Consumer","Central","France","254.88","109.53","3","0.4297"
"2016-06-01","Technology","Accessories","Consumer","Central","Germany","1177.8","425.88","8","0.3616"
"2016-06-01","Technology","Accessories","Corporate","Central","France","1701.96","270.96","13","0.1592"
"2016-06-01","Technology","Accessories","Corporate","Central","Germany","224.82","29.22","2","0.13"
"2016-06-01","Technology","Accessories","Corporate","North","United Kingdom","44.13","18.09","1","0.4099"
"2016-06-01","Technology","Accessories","Home Office","Central","France","397.17","162.81","9","0.4099"
"2016-06-01","Technology","Accessories","Home Office","Central","Netherlands","86.04","-29.28","4","-0.3403"
"2016-06-01","Technology","Copiers","Consumer","Central","Germany","2855","294.08","12","0.103"
"2016-06-01","Technology","Copiers","Consumer","North","Denmark","188.78","-11.38","3","-0.0603"
"2016-06-01","Technology","Copiers","Consumer","North","United Kingdom","1610.7","81.6","6","0.0507"
"2016-06-01","Technology","Copiers","Corporate","North","United Kingdom","3031.62","1082.82","8","0.3572"
"2016-06-01","Technology","Copiers","Home Office","Central","France","1103.97","175.74","7","0.1592"
"2016-06-01","Technology","Copiers","Home Office","North","United Kingdom","899.82","359.91","3","0.4"
"2016-06-01","Technology","Machines","Consumer","Central","France","796.14","46.8","3","0.0588"
"2016-06-01","Technology","Machines","Consumer","North","United Kingdom","2198.7","923.37","7","0.42"
"2016-06-01","Technology","Machines","Corporate","Central","France","453.72","96.27","5","0.2122"
"2016-06-01","Technology","Machines","Corporate","Central","Germany","622.5","80.88","2","0.1299"
"2016-06-01","Technology","Machines","Home Office","Central","France","645.97","212.71","3","0.3293"
"2016-06-01","Technology","Phones","Consumer","Central","Austria","247.77","79.2","3","0.3197"
"2016-06-01","Technology","Phones","Consumer","Central","France","3653.12","987.14","10","0.2702"
"2016-06-01","Technology","Phones","Consumer","Central","Germany","1055.22","264.9","12","0.251"
"2016-06-01","Technology","Phones","Consumer","North","Sweden","248.88","-149.4","4","-0.6003"
"2016-06-01","Technology","Phones","Consumer","North","United Kingdom","73.26","-51.3","2","-0.7002"
"2016-06-01","Technology","Phones","Consumer","South","Portugal","341.48","-341.48","5","-1"
"2016-06-01","Technology","Phones","Consumer","South","Spain","445.99","108.85","6","0.2441"
"2016-06-01","Technology","Phones","Corporate","Central","France","372.56","74.47","6","0.1999"
"2016-06-01","Technology","Phones","Corporate","Central","Germany","2094.04","-1167.92","8","-0.5577"
"2016-06-01","Technology","Phones","Corporate","North","Finland","215.55","94.77","3","0.4397"
"2016-06-01","Technology","Phones","Corporate","North","United Kingdom","1908.72","57.24","3","0.03"
"2016-06-01","Technology","Phones","Home Office","Central","France","129.28","48.64","2","0.3763"
"2016-06-01","Technology","Phones","Home Office","Central","Germany","1108.26","266.61","10","0.2406"
"2016-06-01","Technology","Phones","Home Office","North","United Kingdom","716.1","35.7","5","0.0499"
"2016-07-01","Furniture","Bookcases","Consumer","Central","France","907.01","-30.43","7","-0.0335"
"2016-07-01","Furniture","Bookcases","Consumer","Central","Germany","1053.4","58.46","3","0.0555"
"2016-07-01","Furniture","Bookcases","Consumer","South","Italy","292.56","43.86","2","0.1499"
"2016-07-01","Furniture","Bookcases","Corporate","Central","Germany","885.17","-88.75","8","-0.1003"
"2016-07-01","Furniture","Bookcases","Corporate","North","United Kingdom","712.2","320.4","5","0.4499"
"2016-07-01","Furniture","Bookcases","Home Office","Central","Germany","1181.55","498.81","3","0.4222"
"2016-07-01","Furniture","Chairs","Consumer","Central","France","486.32","135.05","3","0.2777"
"2016-07-01","Furniture","Chairs","Consumer","Central","Germany","156.74","-203.8","3","-1"
"2016-07-01","Furniture","Chairs","Corporate","Central","France","905.58","279.81","11","0.309"
"2016-07-01","Furniture","Chairs","Corporate","Central","Germany","1066.47","47.94","8","0.045"
"2016-07-01","Furniture","Chairs","Home Office","Central","France","776.52","137.88","10","0.1776"
"2016-07-01","Furniture","Chairs","Home Office","South","Spain","522.48","-78.42","5","-0.1501"
"2016-07-01","Furniture","Furnishings","Consumer","Central","Germany","1194.68","255.88","16","0.2142"
"2016-07-01","Furniture","Furnishings","Consumer","North","United Kingdom","52.98","-4.62","3","-0.0871"
"2016-07-01","Furniture","Furnishings","Corporate","North","Norway","353.22","6.93","7","0.0196"
"2016-07-01","Furniture","Furnishings","Home Office","Central","France","226.32","99.48","4","0.4396"
"2016-07-01","Furniture","Tables","Corporate","North","United Kingdom","1062.36","180.6","2","0.17"
"2016-07-01","Office Supplies","Appliances","Consumer","North","United Kingdom","1488.24","372.06","3","0.25"
"2016-07-01","Office Supplies","Appliances","Consumer","South","Spain","1141.8","411","2","0.36"
"2016-07-01","Office Supplies","Appliances","Corporate","Central","France","1952.42","759.26","4","0.3889"
"2016-07-01","Office Supplies","Appliances","Home Office","North","United Kingdom","211.41","35.91","3","0.1699"
"2016-07-01","Office Supplies","Art","Consumer","Central","Germany","910.79","142.97","26","0.157"
"2016-07-01","Office Supplies","Art","Consumer","North","United Kingdom","96.12","19.2","4","0.1998"
"2016-07-01","Office Supplies","Art","Consumer","South","Italy","93.18","13.92","2","0.1494"
"2016-07-01","Office Supplies","Art","Corporate","Central","France","258.9","7.65","5","0.0295"
"2016-07-01","Office Supplies","Art","Corporate","North","Norway","342.51","171.15","7","0.4997"
"2016-07-01","Office Supplies","Art","Corporate","North","Sweden","210.72","-72.87","10","-0.3458"
"2016-07-01","Office Supplies","Art","Corporate","North","United Kingdom","157.86","29.97","3","0.1899"
"2016-07-01","Office Supplies","Art","Home Office","Central","Germany","51.78","1.53","1","0.0295"
"2016-07-01","Office Supplies","Art","Home Office","North","Ireland","50.52","-21.24","2","-0.4204"
"2016-07-01","Office Supplies","Art","Home Office","North","United Kingdom","27.24","7.26","1","0.2666"
"2016-07-01","Office Supplies","Binders","Consumer","Central","France","15.66","6.42","2","0.41"
"2016-07-01","Office Supplies","Binders","Consumer","Central","Germany","672.99","179.16","25","0.2662"
"2016-07-01","Office Supplies","Binders","Consumer","North","Ireland","49.44","-5.04","8","-0.1019"
"2016-07-01","Office Supplies","Binders","Consumer","South","Italy","141.69","48.63","4","0.3432"
"2016-07-01","Office Supplies","Binders","Consumer","South","Spain","18.09","5.58","3","0.3085"
"2016-07-01","Office Supplies","Binders","Corporate","Central","France","34.65","8.28","3","0.239"
"2016-07-01","Office Supplies","Binders","Corporate","Central","Germany","53.94","21.87","5","0.4055"
"2016-07-01","Office Supplies","Binders","Corporate","North","Sweden","56.52","-32.88","4","-0.5817"
"2016-07-01","Office Supplies","Binders","Corporate","North","United Kingdom","200.9","-70.93","9","-0.3531"
"2016-07-01","Office Supplies","Binders","Corporate","South","Spain","30.3","4.2","2","0.1386"
"2016-07-01","Office Supplies","Binders","Home Office","North","United Kingdom","315.54","75.6","6","0.2396"
"2016-07-01","Office Supplies","Envelopes","Consumer","Central","France","82.17","27.09","3","0.3297"
"2016-07-01","Office Supplies","Envelopes","Consumer","Central","Germany","75.96","16.8","6","0.2212"
"2016-07-01","Office Supplies","Envelopes","Consumer","North","United Kingdom","86.24","17.48","6","0.2027"
"2016-07-01","Office Supplies","Envelopes","Consumer","South","Italy","44.28","7.02","3","0.1585"
"2016-07-01","Office Supplies","Envelopes","Consumer","South","Spain","112.95","30.42","3","0.2693"
"2016-07-01","Office Supplies","Envelopes","Corporate","Central","France","19.5","2.91","1","0.1492"
"2016-07-01","Office Supplies","Envelopes","Corporate","Central","Germany","187.29","21.33","8","0.1139"
"2016-07-01","Office Supplies","Envelopes","Corporate","North","Sweden","37.35","-28.41","2","-0.7606"
"2016-07-01","Office Supplies","Envelopes","Corporate","North","United Kingdom","4.5","-4.5","1","-1"
"2016-07-01","Office Supplies","Envelopes","Home Office","North","United Kingdom","44.87","-2.53","2","-0.0563"
"2016-07-01","Office Supplies","Fasteners","Consumer","Central","Belgium","66.36","21.84","4","0.3291"
"2016-07-01","Office Supplies","Fasteners","Consumer","Central","France","105.06","11.16","8","0.1062"
"2016-07-01","Office Supplies","Fasteners","Consumer","North","United Kingdom","30.02","12.98","2","0.4325"
"2016-07-01","Office Supplies","Fasteners","Consumer","South","Italy","34.56","13.77","3","0.3984"
"2016-07-01","Office Supplies","Fasteners","Consumer","South","Spain","43.68","16.56","4","0.3791"
"2016-07-01","Office Supplies","Fasteners","Corporate","Central","France","14.91","3.12","1","0.2093"
"2016-07-01","Office Supplies","Fasteners","Corporate","Central","Germany","29.32","8.14","2","0.2777"
"2016-07-01","Office Supplies","Fasteners","Corporate","Central","Netherlands","13.62","-0.6","2","-0.0441"
"2016-07-01","Office Supplies","Fasteners","Corporate","North","Sweden","13.95","-5.07","2","-0.3634"
"2016-07-01","Office Supplies","Fasteners","Corporate","North","United Kingdom","21.74","-21.38","3","-0.9834"
"2016-07-01","Office Supplies","Fasteners","Home Office","North","United Kingdom","50.04","24.48","3","0.4892"
"2016-07-01","Office Supplies","Labels","Consumer","Central","Germany","63.36","11.88","6","0.1875"
"2016-07-01","Office Supplies","Labels","Consumer","South","Italy","23.52","11.28","2","0.4796"
"2016-07-01","Office Supplies","Labels","Corporate","Central","France","22.68","3.36","2","0.1481"
"2016-07-01","Office Supplies","Labels","Corporate","North","United Kingdom","12.24","-8.82","3","-0.7206"
"2016-07-01","Office Supplies","Labels","Home Office","North","United Kingdom","82.8","29.16","7","0.3522"
"2016-07-01","Office Supplies","Paper","Consumer","Central","France","102.48","9.18","2","0.0896"
"2016-07-01","Office Supplies","Paper","Consumer","North","United Kingdom","213.76","73.48","7","0.3437"
"2016-07-01","Office Supplies","Paper","Consumer","South","Italy","59.76","1.68","4","0.0281"
"2016-07-01","Office Supplies","Paper","Corporate","Central","France","294.09","132.36","15","0.4501"
"2016-07-01","Office Supplies","Paper","Corporate","Central","Germany","121.8","15.75","7","0.1293"
"2016-07-01","Office Supplies","Paper","Home Office","North","United Kingdom","55","21.97","3","0.3994"
"2016-07-01","Office Supplies","Storage","Consumer","Central","Belgium","146.79","44.01","3","0.2998"
"2016-07-01","Office Supplies","Storage","Consumer","Central","France","509.98","47.89","12","0.0939"
"2016-07-01","Office Supplies","Storage","Consumer","Central","Germany","1663.12","184.72","13","0.1111"
"2016-07-01","Office Supplies","Storage","Consumer","North","United Kingdom","1218.62","112.7","15","0.0925"
"2016-07-01","Office Supplies","Storage","Consumer","South","Italy","751.9","-456.89","11","-0.6077"
"2016-07-01","Office Supplies","Storage","Corporate","Central","France","1175.74","91.06","18","0.0775"
"2016-07-01","Office Supplies","Storage","Corporate","Central","Germany","1280.5","219.55","11","0.1715"
"2016-07-01","Office Supplies","Storage","Corporate","South","Spain","98.39","-5.47","2","-0.0556"
"2016-07-01","Office Supplies","Storage","Home Office","North","United Kingdom","187.83","56.34","3","0.3"
"2016-07-01","Office Supplies","Storage","Home Office","South","Spain","48.38","6.98","2","0.1443"
"2016-07-01","Office Supplies","Supplies","Consumer","Central","Germany","220.35","-17.07","8","-0.0775"
"2016-07-01","Office Supplies","Supplies","Corporate","Central","France","46.26","3.15","3","0.0681"
"2016-07-01","Office Supplies","Supplies","Corporate","North","Sweden","66.87","-28.17","3","-0.4213"
"2016-07-01","Office Supplies","Supplies","Corporate","North","United Kingdom","117","-88.92","6","-0.76"
"2016-07-01","Office Supplies","Supplies","Home Office","Central","France","75.24","9","3","0.1196"
"2016-07-01","Office Supplies","Supplies","Home Office","North","United Kingdom","272.52","85.98","9","0.3155"
"2016-07-01","Technology","Accessories","Consumer","Central","Germany","1676.27","264.53","16","0.1578"
"2016-07-01","Technology","Accessories","Consumer","South","Spain","1282.8","602.85","5","0.4699"
"2016-07-01","Technology","Accessories","Corporate","North","Sweden","204.96","-106.68","4","-0.5205"
"2016-07-01","Technology","Accessories","Corporate","North","United Kingdom","229.86","25.2","6","0.1096"
"2016-07-01","Technology","Copiers","Consumer","Central","France","815.8","-95.99","3","-0.1177"
"2016-07-01","Technology","Copiers","Corporate","Central","Germany","574.02","269.73","3","0.4699"
"2016-07-01","Technology","Copiers","Corporate","South","Italy","756.9","68.1","2","0.09"
"2016-07-01","Technology","Machines","Consumer","Central","France","679.55","79.88","3","0.1175"
"2016-07-01","Technology","Machines","Consumer","North","Finland","1245","161.76","4","0.1299"
"2016-07-01","Technology","Machines","Consumer","North","United Kingdom","315.98","49.13","3","0.1555"
"2016-07-01","Technology","Machines","Corporate","Central","France","4525.89","887.94","17","0.1962"
"2016-07-01","Technology","Machines","Corporate","North","United Kingdom","807.08","304.88","3","0.3778"
"2016-07-01","Technology","Phones","Consumer","Central","France","723.03","103.5","8","0.1431"
"2016-07-01","Technology","Phones","Consumer","Central","Germany","3790.48","1032.98","18","0.2725"
"2016-07-01","Technology","Phones","Corporate","Central","Germany","306.24","9.18","2","0.03"
"2016-07-01","Technology","Phones","Corporate","North","United Kingdom","625.82","149.15","7","0.2383"
"2016-07-01","Technology","Phones","Corporate","South","Italy","211.46","-49.36","2","-0.2334"
"2016-08-01","Furniture","Bookcases","Consumer","Central","Belgium","373.23","29.79","3","0.0798"
"2016-08-01","Furniture","Bookcases","Consumer","Central","France","1578.64","96.52","6","0.0611"
"2016-08-01","Furniture","Bookcases","Consumer","Central","Germany","2862.93","713.61","14","0.2493"
"2016-08-01","Furniture","Bookcases","Consumer","North","United Kingdom","876.3","227.82","2","0.26"
"2016-08-01","Furniture","Bookcases","Consumer","South","Italy","1781.97","731.25","8","0.4104"
"2016-08-01","Furniture","Bookcases","Corporate","Central","France","2571.51","169.95","10","0.0661"
"2016-08-01","Furniture","Bookcases","Corporate","South","Spain","370.53","40.68","3","0.1098"
"2016-08-01","Furniture","Chairs","Consumer","Central","France","1870.91","431.9","16","0.2309"
"2016-08-01","Furniture","Chairs","Consumer","Central","Germany","1592.59","-46.85","11","-0.0294"
"2016-08-01","Furniture","Chairs","Consumer","Central","Switzerland","96.9","24.18","2","0.2495"
"2016-08-01","Furniture","Chairs","Consumer","North","United Kingdom","3315.27","961.38","7","0.29"
"2016-08-01","Furniture","Chairs","Corporate","Central","France","384.53","-231.91","8","-0.6031"
"2016-08-01","Furniture","Chairs","Corporate","North","United Kingdom","159.3","6.3","3","0.0395"
"2016-08-01","Furniture","Chairs","Corporate","South","Italy","19.78","-26.21","1","-1"
"2016-08-01","Furniture","Chairs","Home Office","Central","Germany","1284.82","413.98","3","0.3222"
"2016-08-01","Furniture","Furnishings","Consumer","Central","France","175.92","23.73","7","0.1349"
"2016-08-01","Furniture","Furnishings","Consumer","Central","Germany","257.25","30.75","5","0.1195"
"2016-08-01","Furniture","Furnishings","Consumer","North","Finland","155.88","0","3","0"
"2016-08-01","Furniture","Furnishings","Consumer","North","United Kingdom","27.02","-8.56","1","-0.3169"
"2016-08-01","Furniture","Furnishings","Consumer","South","Italy","466.26","162.54","14","0.3486"
"2016-08-01","Furniture","Furnishings","Corporate","Central","France","139.68","66.96","8","0.4794"
"2016-08-01","Furniture","Furnishings","Corporate","Central","Germany","117.86","27.5","3","0.2333"
"2016-08-01","Furniture","Furnishings","Home Office","Central","France","497.61","100.71","17","0.2024"
"2016-08-01","Furniture","Furnishings","Home Office","Central","Netherlands","264.67","26.35","6","0.0996"
"2016-08-01","Furniture","Furnishings","Home Office","South","Spain","414.72","115.92","8","0.2795"
"2016-08-01","Furniture","Tables","Corporate","Central","Germany","3708.77","-82.93","10","-0.0224"
"2016-08-01","Office Supplies","Appliances","Consumer","Central","France","1345.33","328.78","3","0.2444"
"2016-08-01","Office Supplies","Appliances","Consumer","Central","Germany","1524.66","670.65","6","0.4399"
"2016-08-01","Office Supplies","Appliances","Consumer","North","Sweden","153.42","-52.26","4","-0.3406"
"2016-08-01","Office Supplies","Appliances","Consumer","South","Italy","667.68","266.88","8","0.3997"
"2016-08-01","Office Supplies","Appliances","Corporate","Central","France","232.39","85.15","3","0.3664"
"2016-08-01","Office Supplies","Appliances","Corporate","North","Ireland","43.41","-25.23","2","-0.5812"
"2016-08-01","Office Supplies","Appliances","Corporate","North","United Kingdom","3979.29","1989.54","7","0.5"
"2016-08-01","Office Supplies","Appliances","Corporate","South","Spain","545.94","114.48","6","0.2097"
"2016-08-01","Office Supplies","Appliances","Home Office","Central","Germany","1533.33","-34.11","3","-0.0222"
"2016-08-01","Office Supplies","Appliances","Home Office","South","Spain","720","21.6","12","0.03"
"2016-08-01","Office Supplies","Art","Consumer","Central","Austria","48.06","1.89","3","0.0393"
"2016-08-01","Office Supplies","Art","Consumer","Central","Belgium","74.16","20.7","6","0.2791"
"2016-08-01","Office Supplies","Art","Consumer","Central","France","972.84","206.94","22","0.2127"
"2016-08-01","Office Supplies","Art","Consumer","Central","Germany","441.15","131.64","16","0.2984"
"2016-08-01","Office Supplies","Art","Consumer","Central","Switzerland","189.63","94.71","7","0.4994"
"2016-08-01","Office Supplies","Art","Consumer","North","Finland","373.59","79.8","14","0.2136"
"2016-08-01","Office Supplies","Art","Consumer","South","Italy","158.94","5.67","8","0.0357"
"2016-08-01","Office Supplies","Art","Corporate","Central","France","369.36","123.24","14","0.3337"
"2016-08-01","Office Supplies","Art","Corporate","Central","Germany","312.53","39.74","6","0.1272"
"2016-08-01","Office Supplies","Art","Corporate","North","Sweden","77.67","-20.25","3","-0.2607"
"2016-08-01","Office Supplies","Art","Corporate","North","United Kingdom","76.05","20.52","3","0.2698"
"2016-08-01","Office Supplies","Art","Home Office","Central","France","412.56","137.79","12","0.334"
"2016-08-01","Office Supplies","Art","Home Office","Central","Germany","385","90.13","12","0.2341"
"2016-08-01","Office Supplies","Art","Home Office","Central","Netherlands","139.59","-47.52","11","-0.3404"
"2016-08-01","Office Supplies","Art","Home Office","North","United Kingdom","641.36","-24.55","16","-0.0383"
"2016-08-01","Office Supplies","Art","Home Office","South","Italy","389.19","63.09","17","0.1621"
"2016-08-01","Office Supplies","Binders","Consumer","Central","Austria","196.8","84.6","4","0.4299"
"2016-08-01","Office Supplies","Binders","Consumer","Central","France","592.38","206.1","25","0.3479"
"2016-08-01","Office Supplies","Binders","Consumer","Central","Germany","121.32","29.1","12","0.2399"
"2016-08-01","Office Supplies","Binders","Consumer","Central","Netherlands","19.66","-16.96","3","-0.8627"
"2016-08-01","Office Supplies","Binders","Consumer","Central","Switzerland","244.8","88.05","5","0.3597"
"2016-08-01","Office Supplies","Binders","Consumer","North","United Kingdom","59.37","16.32","5","0.2749"
"2016-08-01","Office Supplies","Binders","Consumer","South","Italy","33.96","0.96","2","0.0283"
"2016-08-01","Office Supplies","Binders","Corporate","Central","France","234.48","69.72","19","0.2973"
"2016-08-01","Office Supplies","Binders","Corporate","Central","Germany","68.53","27.31","6","0.3985"
"2016-08-01","Office Supplies","Binders","Corporate","Central","Netherlands","17.14","-4.82","3","-0.2808"
"2016-08-01","Office Supplies","Binders","Corporate","North","Ireland","45.68","-0.04","3","-0.001"
"2016-08-01","Office Supplies","Binders","Corporate","North","United Kingdom","234.45","70.47","14","0.3006"
"2016-08-01","Office Supplies","Binders","Corporate","South","Italy","199.92","33.9","6","0.1696"
"2016-08-01","Office Supplies","Binders","Corporate","South","Spain","64.11","16.89","9","0.2635"
"2016-08-01","Office Supplies","Binders","Home Office","Central","France","151.2","47.22","9","0.3123"
"2016-08-01","Office Supplies","Binders","Home Office","Central","Netherlands","6.63","-0.54","1","-0.0814"
"2016-08-01","Office Supplies","Binders","Home Office","North","Sweden","15.98","-8.06","3","-0.5042"
"2016-08-01","Office Supplies","Binders","Home Office","South","Italy","26.04","8.04","2","0.3088"
"2016-08-01","Office Supplies","Binders","Home Office","South","Spain","304.2","7.29","12","0.024"
"2016-08-01","Office Supplies","Envelopes","Consumer","Central","Austria","50.16","24","4","0.4785"
"2016-08-01","Office Supplies","Envelopes","Consumer","Central","Belgium","34.08","8.52","2","0.25"
"2016-08-01","Office Supplies","Envelopes","Consumer","Central","France","41.55","3.3","5","0.0794"
"2016-08-01","Office Supplies","Envelopes","Consumer","Central","Germany","217.35","54.93","5","0.2527"
"2016-08-01","Office Supplies","Envelopes","Consumer","North","Finland","49.08","21.54","2","0.4389"
"2016-08-01","Office Supplies","Envelopes","Consumer","North","United Kingdom","108.36","43.32","4","0.3998"
"2016-08-01","Office Supplies","Envelopes","Consumer","South","Italy","283.92","17.01","7","0.0599"
"2016-08-01","Office Supplies","Envelopes","Corporate","Central","Germany","43.2","19.44","6","0.45"
"2016-08-01","Office Supplies","Envelopes","Home Office","Central","France","78.57","39.24","3","0.4994"
"2016-08-01","Office Supplies","Fasteners","Consumer","Central","France","130.86","48.36","10","0.3696"
"2016-08-01","Office Supplies","Fasteners","Consumer","Central","Netherlands","15.62","-2.84","3","-0.1816"
"2016-08-01","Office Supplies","Fasteners","Consumer","North","Finland","28.08","1.68","2","0.0598"
"2016-08-01","Office Supplies","Fasteners","Consumer","North","United Kingdom","77.91","5.25","7","0.0674"
"2016-08-01","Office Supplies","Fasteners","Corporate","Central","Germany","127.83","50.61","8","0.3959"
"2016-08-01","Office Supplies","Fasteners","Corporate","North","United Kingdom","77.58","28.89","6","0.3724"
"2016-08-01","Office Supplies","Fasteners","Home Office","Central","Germany","153.45","70.29","11","0.4581"
"2016-08-01","Office Supplies","Fasteners","Home Office","North","United Kingdom","151.63","9.88","9","0.0652"
"2016-08-01","Office Supplies","Fasteners","Home Office","South","Spain","39.54","19.74","2","0.4992"
"2016-08-01","Office Supplies","Labels","Consumer","Central","France","38.16","19.08","3","0.5"
"2016-08-01","Office Supplies","Labels","Consumer","Central","Germany","111.94","14.71","14","0.1314"
"2016-08-01","Office Supplies","Labels","Consumer","North","United Kingdom","141.75","35.82","14","0.2527"
"2016-08-01","Office Supplies","Labels","Consumer","South","Italy","14.04","5.04","2","0.359"
"2016-08-01","Office Supplies","Labels","Corporate","Central","France","17.28","2.04","2","0.1181"
"2016-08-01","Office Supplies","Labels","Corporate","Central","Germany","50.4","0.36","6","0.0071"
"2016-08-01","Office Supplies","Labels","Corporate","North","United Kingdom","95.76","33.39","7","0.3487"
"2016-08-01","Office Supplies","Labels","Home Office","Central","Germany","72.72","14.79","6","0.2034"
"2016-08-01","Office Supplies","Labels","Home Office","North","United Kingdom","25.08","11.76","4","0.4689"
"2016-08-01","Office Supplies","Labels","Home Office","South","Italy","67.5","12.06","6","0.1787"
"2016-08-01","Office Supplies","Labels","Home Office","South","Spain","11.49","2.16","1","0.188"
"2016-08-01","Office Supplies","Paper","Consumer","Central","France","96.54","33.48","5","0.3468"
"2016-08-01","Office Supplies","Paper","Consumer","Central","Germany","24.72","10.86","1","0.4393"
"2016-08-01","Office Supplies","Paper","Consumer","Central","Switzerland","139.8","68.4","5","0.4893"
"2016-08-01","Office Supplies","Paper","Consumer","North","United Kingdom","81.16","36.04","2","0.4441"
"2016-08-01","Office Supplies","Paper","Consumer","South","Italy","158.34","31.14","4","0.1967"
"2016-08-01","Office Supplies","Paper","Consumer","South","Portugal","29.79","-16.71","2","-0.5609"
"2016-08-01","Office Supplies","Paper","Corporate","Central","France","285.42","72.3","7","0.2533"
"2016-08-01","Office Supplies","Paper","Corporate","Central","Netherlands","31.17","-16.89","2","-0.5419"
"2016-08-01","Office Supplies","Paper","Home Office","Central","France","93.69","38.34","3","0.4092"
"2016-08-01","Office Supplies","Paper","Home Office","Central","Netherlands","63.42","-38.22","7","-0.6026"
"2016-08-01","Office Supplies","Storage","Consumer","Central","Belgium","768.9","344.01","6","0.4474"
"2016-08-01","Office Supplies","Storage","Consumer","Central","France","397.71","45.81","9","0.1152"
"2016-08-01","Office Supplies","Storage","Consumer","Central","Germany","982.4","79.37","13","0.0808"
"2016-08-01","Office Supplies","Storage","Consumer","North","Finland","438.66","29.61","6","0.0675"
"2016-08-01","Office Supplies","Storage","Consumer","North","Ireland","321","-141.3","5","-0.4402"
"2016-08-01","Office Supplies","Storage","Consumer","North","United Kingdom","240.67","74.95","5","0.3114"
"2016-08-01","Office Supplies","Storage","Consumer","South","Italy","1143.68","-554.02","18","-0.4844"
"2016-08-01","Office Supplies","Storage","Consumer","South","Spain","1392.63","-139.56","11","-0.1002"
"2016-08-01","Office Supplies","Storage","Corporate","Central","Austria","256.8","71.88","2","0.2799"
"2016-08-01","Office Supplies","Storage","Corporate","Central","France","964.04","0.04","24","0"
"2016-08-01","Office Supplies","Storage","Corporate","Central","Germany","388.77","-13.17","7","-0.0339"
"2016-08-01","Office Supplies","Storage","Corporate","North","United Kingdom","32.4","8.37","3","0.2583"
"2016-08-01","Office Supplies","Storage","Corporate","South","Italy","65.39","6.38","7","0.0976"
"2016-08-01","Office Supplies","Storage","Corporate","South","Portugal","86.8","-41.72","3","-0.4806"
"2016-08-01","Office Supplies","Storage","Home Office","Central","France","675.51","217.74","7","0.3223"
"2016-08-01","Office Supplies","Storage","Home Office","Central","Germany","655.05","237.18","7","0.3621"
"2016-08-01","Office Supplies","Storage","Home Office","Central","Netherlands","57.87","-30.15","2","-0.521"
"2016-08-01","Office Supplies","Storage","Home Office","North","United Kingdom","206.6","-7","4","-0.0339"
"2016-08-01","Office Supplies","Supplies","Consumer","Central","Austria","59.58","26.73","3","0.4486"
"2016-08-01","Office Supplies","Supplies","Consumer","Central","France","599.01","112.62","19","0.188"
"2016-08-01","Office Supplies","Supplies","Consumer","Central","Germany","102.15","16.29","3","0.1595"
"2016-08-01","Office Supplies","Supplies","Consumer","Central","Netherlands","39","-29.64","2","-0.76"
"2016-08-01","Office Supplies","Supplies","Consumer","Central","Switzerland","47.49","4.26","1","0.0897"
"2016-08-01","Office Supplies","Supplies","Consumer","North","Finland","318.33","22.14","9","0.0696"
"2016-08-01","Office Supplies","Supplies","Consumer","South","Italy","88.83","36.36","3","0.4093"
"2016-08-01","Office Supplies","Supplies","Corporate","Central","France","308.94","106.98","10","0.3463"
"2016-08-01","Office Supplies","Supplies","Corporate","North","Sweden","116.02","-6.98","5","-0.0601"
"2016-08-01","Office Supplies","Supplies","Corporate","South","Italy","138.51","36","3","0.2599"
"2016-08-01","Office Supplies","Supplies","Home Office","Central","Germany","91.58","-1.06","4","-0.0115"
"2016-08-01","Office Supplies","Supplies","Home Office","Central","Netherlands","86.76","-78.12","6","-0.9004"
"2016-08-01","Office Supplies","Supplies","Home Office","North","United Kingdom","126.93","12.63","3","0.0995"
"2016-08-01","Office Supplies","Supplies","Home Office","South","Spain","99.12","11.88","4","0.1199"
"2016-08-01","Technology","Accessories","Consumer","Central","France","427.65","89.49","12","0.2093"
"2016-08-01","Technology","Accessories","Consumer","Central","Germany","512.28","204.9","2","0.4"
"2016-08-01","Technology","Accessories","Consumer","North","Ireland","167.8","-23.6","11","-0.1406"
"2016-08-01","Technology","Accessories","Consumer","North","United Kingdom","755.46","107.1","12","0.1418"
"2016-08-01","Technology","Accessories","Consumer","South","Italy","1142.55","299.58","15","0.2622"
"2016-08-01","Technology","Accessories","Corporate","Central","France","827.1","327.99","14","0.3966"
"2016-08-01","Technology","Accessories","Corporate","Central","Germany","1281.75","499.8","5","0.3899"
"2016-08-01","Technology","Accessories","Corporate","South","Italy","562.08","50.4","8","0.0897"
"2016-08-01","Technology","Accessories","Home Office","Central","France","245.07","19.53","3","0.0797"
"2016-08-01","Technology","Accessories","Home Office","Central","Germany","126.45","41.67","3","0.3295"
"2016-08-01","Technology","Accessories","Home Office","North","United Kingdom","222.78","4.95","1","0.0222"
"2016-08-01","Technology","Accessories","Home Office","South","Italy","215.1","77.4","5","0.3598"
"2016-08-01","Technology","Copiers","Consumer","Central","France","1894.42","-111.5","7","-0.0589"
"2016-08-01","Technology","Copiers","Consumer","Central","Germany","1080.63","64.8","3","0.06"
"2016-08-01","Technology","Copiers","Consumer","North","United Kingdom","706.81","7.78","3","0.011"
"2016-08-01","Technology","Copiers","Consumer","South","Italy","2881.59","641.46","15","0.2226"
"2016-08-01","Technology","Copiers","Corporate","Central","France","422.59","94.39","4","0.2234"
"2016-08-01","Technology","Copiers","Corporate","North","United Kingdom","1102.62","496.17","7","0.45"
"2016-08-01","Technology","Copiers","Corporate","South","Portugal","178.68","-60.78","1","-0.3402"
"2016-08-01","Technology","Copiers","Home Office","Central","France","1360.99","192.22","9","0.1412"
"2016-08-01","Technology","Copiers","Home Office","Central","Germany","1075.23","516.06","3","0.48"
"2016-08-01","Technology","Copiers","Home Office","Central","Netherlands","558.96","-54.36","4","-0.0973"
"2016-08-01","Technology","Machines","Consumer","Central","France","671.13","52.62","3","0.0784"
"2016-08-01","Technology","Machines","Consumer","Central","Germany","50.04","14.49","1","0.2896"
"2016-08-01","Technology","Machines","Consumer","Central","Switzerland","1360.56","462.48","8","0.3399"
"2016-08-01","Technology","Machines","Corporate","Central","Germany","766.2","-4.32","5","-0.0056"
"2016-08-01","Technology","Machines","Home Office","South","Spain","558.9","117.96","2","0.2111"
"2016-08-01","Technology","Phones","Consumer","Central","Austria","719.07","273.24","11","0.38"
"2016-08-01","Technology","Phones","Consumer","Central","Belgium","2550.51","757.89","17","0.2972"
"2016-08-01","Technology","Phones","Consumer","Central","France","2620.2","-83.31","15","-0.0318"
"2016-08-01","Technology","Phones","Consumer","Central","Germany","3143.67","345.99","13","0.1101"
"2016-08-01","Technology","Phones","Consumer","Central","Netherlands","83.31","-48.33","2","-0.5801"
"2016-08-01","Technology","Phones","Consumer","Central","Switzerland","364.32","142.08","2","0.39"
"2016-08-01","Technology","Phones","Consumer","North","United Kingdom","342.22","140.62","5","0.4109"
"2016-08-01","Technology","Phones","Corporate","Central","France","792.77","258.68","8","0.3263"
"2016-08-01","Technology","Phones","Home Office","Central","France","1621.95","534.21","3","0.3294"
"2016-08-01","Technology","Phones","Home Office","Central","Netherlands","183.15","-128.25","5","-0.7002"
"2016-08-01","Technology","Phones","Home Office","North","Sweden","73.26","-51.3","2","-0.7002"
"2016-08-01","Technology","Phones","Home Office","South","Spain","983.88","-11.16","8","-0.0113"
"2016-09-01","Furniture","Bookcases","Consumer","Central","France","5917.16","1536.86","17","0.2597"
"2016-09-01","Furniture","Bookcases","Consumer","Central","Germany","1975.32","67.26","10","0.0341"
"2016-09-01","Furniture","Bookcases","Consumer","Central","Netherlands","364.74","-124.02","2","-0.34"
"2016-09-01","Furniture","Bookcases","Consumer","North","Sweden","223.38","-111.69","3","-0.5"
"2016-09-01","Furniture","Bookcases","Corporate","Central","Germany","713.12","39.56","4","0.0555"
"2016-09-01","Furniture","Bookcases","Corporate","North","United Kingdom","750.06","91.56","5","0.1221"
"2016-09-01","Furniture","Bookcases","Corporate","South","Italy","1275.06","212.46","8","0.1666"
"2016-09-01","Furniture","Bookcases","Home Office","Central","France","765.64","314.56","7","0.4108"
"2016-09-01","Furniture","Bookcases","Home Office","Central","Netherlands","723.72","-217.2","4","-0.3001"
"2016-09-01","Furniture","Chairs","Consumer","Central","France","1650.86","166.88","12","0.1011"
"2016-09-01","Furniture","Chairs","Consumer","Central","Germany","234.9","20.85","3","0.0888"
"2016-09-01","Furniture","Chairs","Consumer","North","Finland","2768.58","27.54","6","0.0099"
"2016-09-01","Furniture","Chairs","Consumer","North","United Kingdom","135.45","44.64","3","0.3296"
"2016-09-01","Furniture","Chairs","Corporate","Central","Belgium","446.4","0","5","0"
"2016-09-01","Furniture","Chairs","Corporate","Central","France","449.79","19.95","9","0.0444"
"2016-09-01","Furniture","Chairs","Corporate","Central","Germany","428.76","57.06","10","0.1331"
"2016-09-01","Furniture","Chairs","Corporate","Central","Netherlands","392.76","-325.35","9","-0.8284"
"2016-09-01","Furniture","Chairs","Home Office","Central","France","435.29","86.99","3","0.1999"
"2016-09-01","Furniture","Chairs","Home Office","Central","Germany","222.02","81.35","3","0.3664"
"2016-09-01","Furniture","Chairs","Home Office","Central","Netherlands","180.12","-54.06","2","-0.3001"
"2016-09-01","Furniture","Furnishings","Consumer","Central","Austria","206.4","99","4","0.4797"
"2016-09-01","Furniture","Furnishings","Consumer","Central","France","138.9","39.36","5","0.2834"
"2016-09-01","Furniture","Furnishings","Consumer","Central","Germany","122.76","15.93","3","0.1298"
"2016-09-01","Furniture","Furnishings","Consumer","North","Sweden","30.17","-18.16","3","-0.602"
"2016-09-01","Furniture","Furnishings","Consumer","North","United Kingdom","275","3.92","9","0.0142"
"2016-09-01","Furniture","Furnishings","Corporate","Central","Netherlands","170.28","-4.32","5","-0.0254"
"2016-09-01","Furniture","Furnishings","Corporate","South","Italy","219.3","15.3","5","0.0698"
"2016-09-01","Furniture","Furnishings","Home Office","Central","Germany","43.86","3.06","1","0.0698"
"2016-09-01","Furniture","Tables","Corporate","Central","France","1200.89","-147.85","2","-0.1231"
"2016-09-01","Furniture","Tables","Corporate","Central","Germany","1676.26","206.2","6","0.123"
"2016-09-01","Office Supplies","Appliances","Consumer","Central","France","928.95","-27.27","3","-0.0294"
"2016-09-01","Office Supplies","Appliances","Consumer","North","Finland","2145.72","364.68","4","0.17"
"2016-09-01","Office Supplies","Appliances","Consumer","South","Italy","187.83","75.06","3","0.3996"
"2016-09-01","Office Supplies","Appliances","Corporate","Central","France","577.39","-57.68","4","-0.0999"
"2016-09-01","Office Supplies","Art","Consumer","Central","France","1096.32","246.63","27","0.225"
"2016-09-01","Office Supplies","Art","Consumer","Central","Germany","571.69","179.48","23","0.3139"
"2016-09-01","Office Supplies","Art","Consumer","Central","Netherlands","102.72","-63.72","4","-0.6203"
"2016-09-01","Office Supplies","Art","Consumer","Central","Switzerland","59.7","25.05","5","0.4196"
"2016-09-01","Office Supplies","Art","Consumer","North","United Kingdom","353.94","84.66","11","0.2392"
"2016-09-01","Office Supplies","Art","Consumer","South","Italy","329.31","102.21","11","0.3104"
"2016-09-01","Office Supplies","Art","Consumer","South","Spain","145.8","62.64","3","0.4296"
"2016-09-01","Office Supplies","Art","Corporate","Central","Austria","181.26","28.98","6","0.1599"
"2016-09-01","Office Supplies","Art","Corporate","Central","France","220.17","-16.14","11","-0.0733"
"2016-09-01","Office Supplies","Art","Corporate","Central","Netherlands","25.02","-4.44","4","-0.1775"
"2016-09-01","Office Supplies","Art","Corporate","North","United Kingdom","177.32","26","6","0.1466"
"2016-09-01","Office Supplies","Art","Corporate","South","Italy","268.5","21.45","5","0.0799"
"2016-09-01","Office Supplies","Art","Corporate","South","Spain","30.15","14.76","3","0.4896"
"2016-09-01","Office Supplies","Art","Home Office","Central","France","234.54","58.17","7","0.248"
"2016-09-01","Office Supplies","Art","Home Office","Central","Germany","161.64","74.34","6","0.4599"
"2016-09-01","Office Supplies","Art","Home Office","North","United Kingdom","208.22","-4.75","14","-0.0228"
"2016-09-01","Office Supplies","Art","Home Office","South","Italy","14.49","4.77","1","0.3292"
"2016-09-01","Office Supplies","Binders","Consumer","Central","Belgium","145.86","66.99","11","0.4593"
"2016-09-01","Office Supplies","Binders","Consumer","Central","France","182.07","66.24","9","0.3638"
"2016-09-01","Office Supplies","Binders","Consumer","Central","Germany","139.2","12.06","7","0.0866"
"2016-09-01","Office Supplies","Binders","Consumer","North","United Kingdom","617.08","82.24","26","0.1333"
"2016-09-01","Office Supplies","Binders","Consumer","South","Italy","550.05","159.81","15","0.2905"
"2016-09-01","Office Supplies","Binders","Consumer","South","Spain","228.39","110.97","11","0.4859"
"2016-09-01","Office Supplies","Binders","Corporate","Central","France","624.42","-156.63","33","-0.2508"
"2016-09-01","Office Supplies","Binders","Corporate","Central","Germany","492.3","196.8","10","0.3998"
"2016-09-01","Office Supplies","Binders","Corporate","North","United Kingdom","199.08","91.47","7","0.4595"
"2016-09-01","Office Supplies","Binders","Corporate","South","Italy","35.64","6.36","4","0.1785"
"2016-09-01","Office Supplies","Binders","Home Office","Central","France","114.42","25.11","11","0.2195"
"2016-09-01","Office Supplies","Binders","Home Office","Central","Germany","56.34","22.56","9","0.4004"
"2016-09-01","Office Supplies","Envelopes","Consumer","Central","Austria","27.39","9.03","1","0.3297"
"2016-09-01","Office Supplies","Envelopes","Consumer","Central","France","325.35","104.19","17","0.3202"
"2016-09-01","Office Supplies","Envelopes","Consumer","Central","Germany","272.88","20.46","12","0.075"
"2016-09-01","Office Supplies","Envelopes","Consumer","North","United Kingdom","147.93","20.61","7","0.1393"
"2016-09-01","Office Supplies","Envelopes","Consumer","South","Spain","593.04","284.58","14","0.4799"
"2016-09-01","Office Supplies","Envelopes","Corporate","South","Italy","40.02","9.96","2","0.2489"
"2016-09-01","Office Supplies","Envelopes","Home Office","Central","France","61.08","29.88","2","0.4892"
"2016-09-01","Office Supplies","Fasteners","Consumer","North","Sweden","19.98","-3.6","3","-0.1802"
"2016-09-01","Office Supplies","Fasteners","Consumer","North","United Kingdom","43.5","11.1","3","0.2551"
"2016-09-01","Office Supplies","Fasteners","Consumer","South","Italy","45.09","18","3","0.3992"
"2016-09-01","Office Supplies","Fasteners","Corporate","Central","France","213.72","103.02","11","0.482"
"2016-09-01","Office Supplies","Fasteners","Home Office","Central","France","165.93","50.7","12","0.3056"
"2016-09-01","Office Supplies","Fasteners","Home Office","North","Sweden","17.01","-13.68","3","-0.8042"
"2016-09-01","Office Supplies","Fasteners","Home Office","North","United Kingdom","44.5","4.9","4","0.11"
"2016-09-01","Office Supplies","Labels","Consumer","Central","Austria","9.12","3.24","2","0.3553"
"2016-09-01","Office Supplies","Labels","Consumer","Central","France","112.26","20.58","13","0.1833"
"2016-09-01","Office Supplies","Labels","Consumer","Central","Germany","234","69","23","0.2949"
"2016-09-01","Office Supplies","Labels","Consumer","North","United Kingdom","33.39","8.28","3","0.248"
"2016-09-01","Office Supplies","Labels","Corporate","Central","Belgium","21.48","4.26","2","0.1983"
"2016-09-01","Office Supplies","Labels","Corporate","Central","France","40.32","6.84","3","0.1696"
"2016-09-01","Office Supplies","Labels","Corporate","North","United Kingdom","15.75","-5.67","3","-0.36"
"2016-09-01","Office Supplies","Labels","Home Office","Central","France","15.06","0.3","2","0.0199"
"2016-09-01","Office Supplies","Paper","Consumer","Central","Austria","67.92","25.8","4","0.3799"
"2016-09-01","Office Supplies","Paper","Consumer","Central","Belgium","130.44","33.84","4","0.2594"
"2016-09-01","Office Supplies","Paper","Consumer","Central","France","71.55","13.53","3","0.1891"
"2016-09-01","Office Supplies","Paper","Consumer","North","United Kingdom","408.06","139.47","11","0.3418"
"2016-09-01","Office Supplies","Paper","Corporate","Central","France","159.84","56.88","7","0.3559"
"2016-09-01","Office Supplies","Paper","Home Office","Central","France","224.85","67.35","5","0.2995"
"2016-09-01","Office Supplies","Paper","Home Office","Central","Germany","15.66","0.3","1","0.0192"
"2016-09-01","Office Supplies","Storage","Consumer","Central","Austria","97.86","29.34","2","0.2998"
"2016-09-01","Office Supplies","Storage","Consumer","Central","France","1586.3","56.51","26","0.0356"
"2016-09-01","Office Supplies","Storage","Consumer","Central","Germany","929.99","50.51","10","0.0543"
"2016-09-01","Office Supplies","Storage","Consumer","North","United Kingdom","527.06","63.44","13","0.1204"
"2016-09-01","Office Supplies","Storage","Consumer","South","Italy","357.1","53.53","3","0.1499"
"2016-09-01","Office Supplies","Storage","Corporate","Central","France","211.09","19.57","4","0.0927"
"2016-09-01","Office Supplies","Storage","Corporate","Central","Germany","42.04","16.75","3","0.3984"
"2016-09-01","Office Supplies","Storage","Corporate","Central","Netherlands","472.17","-383.67","6","-0.8126"
"2016-09-01","Office Supplies","Storage","Corporate","Central","Switzerland","146.7","4.32","3","0.0294"
"2016-09-01","Office Supplies","Storage","Corporate","North","United Kingdom","411.93","164.7","3","0.3998"
"2016-09-01","Office Supplies","Storage","Corporate","South","Italy","59.29","-15.83","2","-0.267"
"2016-09-01","Office Supplies","Storage","Home Office","Central","France","62.21","1.37","3","0.022"
"2016-09-01","Office Supplies","Storage","Home Office","Central","Germany","1063.37","42.2","13","0.0397"
"2016-09-01","Office Supplies","Supplies","Consumer","Central","France","100.56","24.36","5","0.2422"
"2016-09-01","Office Supplies","Supplies","Consumer","Central","Germany","166.8","19.92","4","0.1194"
"2016-09-01","Office Supplies","Supplies","Corporate","Central","Austria","90.12","43.2","4","0.4794"
"2016-09-01","Office Supplies","Supplies","Corporate","Central","Germany","83.34","4.14","2","0.0497"
"2016-09-01","Office Supplies","Supplies","Corporate","South","Italy","197.37","43.2","9","0.2189"
"2016-09-01","Office Supplies","Supplies","Home Office","Central","France","127.2","11.4","5","0.0896"
"2016-09-01","Office Supplies","Supplies","Home Office","North","United Kingdom","27.32","-2.44","2","-0.0892"
"2016-09-01","Office Supplies","Supplies","Home Office","South","Italy","41.49","6.57","3","0.1584"
"2016-09-01","Technology","Accessories","Consumer","Central","France","548.76","75.81","9","0.1381"
"2016-09-01","Technology","Accessories","Consumer","Central","Germany","1243.86","406.44","17","0.3268"
"2016-09-01","Technology","Accessories","Consumer","North","United Kingdom","159","4.68","4","0.0294"
"2016-09-01","Technology","Accessories","Consumer","South","Italy","314.64","128.97","3","0.4099"
"2016-09-01","Technology","Accessories","Corporate","Central","France","207.18","33.12","2","0.1599"
"2016-09-01","Technology","Accessories","Corporate","Central","Germany","228.6","15.84","6","0.0693"
"2016-09-01","Technology","Accessories","Corporate","South","Italy","254.97","89.31","7","0.3503"
"2016-09-01","Technology","Accessories","Home Office","Central","France","2467.11","1039.89","16","0.4215"
"2016-09-01","Technology","Accessories","Home Office","North","Sweden","100.08","-64.08","2","-0.6403"
"2016-09-01","Technology","Copiers","Consumer","Central","France","2471.77","414.31","19","0.1676"
"2016-09-01","Technology","Copiers","Consumer","North","Sweden","520.38","-395.64","7","-0.7603"
"2016-09-01","Technology","Copiers","Consumer","North","United Kingdom","296.64","133.44","2","0.4498"
"2016-09-01","Technology","Copiers","Consumer","South","Italy","956.16","124.2","4","0.1299"
"2016-09-01","Technology","Copiers","Consumer","South","Spain","285.06","5.7","2","0.02"
"2016-09-01","Technology","Copiers","Corporate","Central","France","447.63","-68.49","2","-0.153"
"2016-09-01","Technology","Copiers","Corporate","Central","Germany","1140.75","239.49","3","0.2099"
"2016-09-01","Technology","Copiers","Corporate","Central","Netherlands","189.22","-155.18","1","-0.8201"
"2016-09-01","Technology","Copiers","Corporate","South","Italy","637.08","261.18","2","0.41"
"2016-09-01","Technology","Copiers","Home Office","Central","Germany","837.48","418.74","7","0.5"
"2016-09-01","Technology","Copiers","Home Office","Central","Netherlands","392.48","-266.02","4","-0.6778"
"2016-09-01","Technology","Machines","Consumer","Central","France","2381.29","79.81","16","0.0335"
"2016-09-01","Technology","Machines","Consumer","Central","Germany","942.3","142.41","13","0.1511"
"2016-09-01","Technology","Machines","Consumer","North","United Kingdom","1677.19","521.77","6","0.3111"
"2016-09-01","Technology","Machines","Consumer","South","Italy","803.52","-495.63","5","-0.6168"
"2016-09-01","Technology","Machines","Corporate","Central","France","40.32","9","1","0.2231"
"2016-09-01","Technology","Machines","Corporate","Central","Netherlands","266.49","-133.29","2","-0.5002"
"2016-09-01","Technology","Machines","Corporate","North","United Kingdom","354.15","173.52","3","0.49"
"2016-09-01","Technology","Machines","Corporate","South","Italy","294.3","-63.81","3","-0.2168"
"2016-09-01","Technology","Machines","Home Office","Central","France","587.39","-87.4","5","-0.1488"
"2016-09-01","Technology","Machines","Home Office","Central","Netherlands","111.96","-94.05","3","-0.84"
"2016-09-01","Technology","Phones","Consumer","Central","France","1317.33","146.91","6","0.1115"
"2016-09-01","Technology","Phones","Consumer","Central","Germany","228.33","47.88","3","0.2097"
"2016-09-01","Technology","Phones","Consumer","North","United Kingdom","4260.45","304.02","13","0.0714"
"2016-09-01","Technology","Phones","Consumer","South","Italy","579.67","-295.31","8","-0.5094"
"2016-09-01","Technology","Phones","Corporate","Central","Belgium","182.58","16.38","2","0.0897"
"2016-09-01","Technology","Phones","Corporate","Central","France","1622.18","324.38","3","0.2"
"2016-09-01","Technology","Phones","Corporate","Central","Germany","1000.98","280.26","6","0.28"
"2016-09-01","Technology","Phones","Corporate","North","United Kingdom","144.42","23.1","1","0.16"
"2016-09-01","Technology","Phones","Corporate","South","Spain","496.58","-27.7","4","-0.0558"
"2016-09-01","Technology","Phones","Home Office","Central","France","425.57","-0.04","3","-0.0001"
"2016-10-01","Furniture","Bookcases","Consumer","Central","Austria","821.52","353.22","2","0.43"
"2016-10-01","Furniture","Bookcases","Consumer","North","United Kingdom","820.44","270.72","2","0.33"
"2016-10-01","Furniture","Bookcases","Consumer","South","Italy","1362.72","81.6","8","0.0599"
"2016-10-01","Furniture","Bookcases","Corporate","Central","France","2614.95","567.9","10","0.2172"
"2016-10-01","Furniture","Bookcases","Corporate","Central","Switzerland","591.3","218.7","3","0.3699"
"2016-10-01","Furniture","Bookcases","Corporate","North","United Kingdom","850.14","269.7","5","0.3172"
"2016-10-01","Furniture","Bookcases","Home Office","North","United Kingdom","719.85","50.25","5","0.0698"
"2016-10-01","Furniture","Chairs","Consumer","Central","France","837","288.3","2","0.3444"
"2016-10-01","Furniture","Chairs","Consumer","South","Spain","148.97","33.5","3","0.2249"
"2016-10-01","Furniture","Chairs","Corporate","North","United Kingdom","324.06","9.72","2","0.03"
"2016-10-01","Furniture","Chairs","Home Office","Central","Germany","230.74","71.74","2","0.3109"
"2016-10-01","Furniture","Furnishings","Consumer","Central","Germany","200.64","38.04","4","0.1896"
"2016-10-01","Furniture","Furnishings","Consumer","South","Italy","347.43","51.66","7","0.1487"
"2016-10-01","Furniture","Furnishings","Corporate","Central","Germany","40.14","18.84","2","0.4694"
"2016-10-01","Furniture","Furnishings","Corporate","North","United Kingdom","83.16","2.31","5","0.0278"
"2016-10-01","Furniture","Furnishings","Home Office","Central","France","43.65","13.53","1","0.31"
"2016-10-01","Furniture","Furnishings","Home Office","Central","Germany","131.67","43.38","3","0.3295"
"2016-10-01","Furniture","Tables","Consumer","Central","France","915.12","-98.55","3","-0.1077"
"2016-10-01","Furniture","Tables","Consumer","South","Italy","1277.86","-1015.16","7","-0.7944"
"2016-10-01","Furniture","Tables","Corporate","Central","France","3062.63","-141.67","11","-0.0463"
"2016-10-01","Office Supplies","Appliances","Corporate","Central","France","302.8","103.42","4","0.3416"
"2016-10-01","Office Supplies","Appliances","Corporate","North","United Kingdom","170.64","80.16","2","0.4698"
"2016-10-01","Office Supplies","Appliances","Home Office","Central","France","408.48","169.08","6","0.4139"
"2016-10-01","Office Supplies","Appliances","Home Office","South","Spain","236.16","47.16","6","0.1997"
"2016-10-01","Office Supplies","Art","Consumer","Central","France","305.4","82.2","14","0.2692"
"2016-10-01","Office Supplies","Art","Consumer","North","United Kingdom","528.51","81.18","15","0.1536"
"2016-10-01","Office Supplies","Art","Consumer","South","Italy","327.09","109.44","8","0.3346"
"2016-10-01","Office Supplies","Art","Corporate","Central","France","107.52","29.16","4","0.2712"
"2016-10-01","Office Supplies","Art","Corporate","Central","Germany","79.29","1.53","3","0.0193"
"2016-10-01","Office Supplies","Art","Corporate","Central","Switzerland","414.24","153.12","8","0.3696"
"2016-10-01","Office Supplies","Art","Corporate","North","United Kingdom","326.13","48.72","7","0.1494"
"2016-10-01","Office Supplies","Art","Corporate","South","Italy","189.12","44.91","11","0.2375"
"2016-10-01","Office Supplies","Art","Corporate","South","Spain","71.1","1.35","5","0.019"
"2016-10-01","Office Supplies","Art","Home Office","Central","France","584.97","151.35","13","0.2587"
"2016-10-01","Office Supplies","Art","Home Office","North","United Kingdom","191.38","56.47","7","0.2951"
"2016-10-01","Office Supplies","Binders","Consumer","North","United Kingdom","250.65","-145.65","10","-0.5811"
"2016-10-01","Office Supplies","Binders","Consumer","South","Italy","322.35","90.3","10","0.2801"
"2016-10-01","Office Supplies","Binders","Corporate","Central","France","30.66","1.5","2","0.0489"
"2016-10-01","Office Supplies","Binders","Corporate","Central","Germany","105.63","36.12","5","0.3419"
"2016-10-01","Office Supplies","Binders","Corporate","North","United Kingdom","212.7","46.47","8","0.2185"
"2016-10-01","Office Supplies","Binders","Corporate","South","Italy","322.05","101.25","10","0.3144"
"2016-10-01","Office Supplies","Envelopes","Consumer","Central","France","76.2","22.8","5","0.2992"
"2016-10-01","Office Supplies","Envelopes","Consumer","North","Ireland","100.12","-90.22","5","-0.9011"
"2016-10-01","Office Supplies","Envelopes","Consumer","South","Italy","173.34","13.86","6","0.08"
"2016-10-01","Office Supplies","Envelopes","Corporate","Central","France","114.75","10.26","3","0.0894"
"2016-10-01","Office Supplies","Envelopes","Corporate","Central","Germany","140.76","30.96","3","0.2199"
"2016-10-01","Office Supplies","Envelopes","Corporate","North","United Kingdom","78.3","28.08","6","0.3586"
"2016-10-01","Office Supplies","Fasteners","Consumer","North","Ireland","34.44","-9.03","7","-0.2622"
"2016-10-01","Office Supplies","Fasteners","Consumer","South","Italy","28.08","6.12","2","0.2179"
"2016-10-01","Office Supplies","Fasteners","Consumer","South","Spain","95.13","0","7","0"
"2016-10-01","Office Supplies","Fasteners","Corporate","South","Italy","62.28","18.6","4","0.2987"
"2016-10-01","Office Supplies","Fasteners","Home Office","Central","Germany","42.03","12.15","3","0.2891"
"2016-10-01","Office Supplies","Fasteners","Home Office","South","Spain","34.38","13.02","2","0.3787"
"2016-10-01","Office Supplies","Labels","Consumer","Central","Germany","36.72","12.06","3","0.3284"
"2016-10-01","Office Supplies","Labels","Consumer","North","Norway","13.11","5.37","1","0.4096"
"2016-10-01","Office Supplies","Labels","Consumer","South","Italy","66.84","10.86","6","0.1625"
"2016-10-01","Office Supplies","Labels","Corporate","Central","France","65.34","25.38","6","0.3884"
"2016-10-01","Office Supplies","Labels","Corporate","North","United Kingdom","16.92","6.42","2","0.3794"
"2016-10-01","Office Supplies","Labels","Corporate","South","Italy","57.15","13.65","5","0.2388"
"2016-10-01","Office Supplies","Labels","Home Office","Central","France","14.1","4.5","2","0.3191"
"2016-10-01","Office Supplies","Labels","Home Office","South","Spain","22.2","1.32","2","0.0595"
"2016-10-01","Office Supplies","Paper","Consumer","South","Spain","324.66","32.34","7","0.0996"
"2016-10-01","Office Supplies","Paper","Corporate","Central","Germany","50.04","1.44","3","0.0288"
"2016-10-01","Office Supplies","Paper","Corporate","North","United Kingdom","163.5","75.12","6","0.4594"
"2016-10-01","Office Supplies","Paper","Corporate","South","Italy","118.95","11.85","5","0.0996"
"2016-10-01","Office Supplies","Paper","Home Office","South","Spain","93.51","21.42","3","0.2291"
"2016-10-01","Office Supplies","Storage","Consumer","Central","France","98.39","-5.47","2","-0.0556"
"2016-10-01","Office Supplies","Storage","Consumer","North","United Kingdom","267.48","128.16","12","0.4791"
"2016-10-01","Office Supplies","Storage","Consumer","South","Italy","11.81","-4.75","1","-0.4024"
"2016-10-01","Office Supplies","Storage","Corporate","Central","Germany","27.7","4.84","3","0.1748"
"2016-10-01","Office Supplies","Storage","Corporate","Central","Switzerland","60.48","2.97","3","0.0491"
"2016-10-01","Office Supplies","Storage","Corporate","North","United Kingdom","54.33","6.57","5","0.1209"
"2016-10-01","Office Supplies","Storage","Home Office","North","United Kingdom","30.38","-0.68","3","-0.0222"
"2016-10-01","Office Supplies","Storage","Home Office","South","Spain","1077.81","3.99","19","0.0037"
"2016-10-01","Office Supplies","Supplies","Consumer","Central","France","121.86","40.14","6","0.3294"
"2016-10-01","Office Supplies","Supplies","Corporate","Central","France","189.03","33.45","5","0.177"
"2016-10-01","Office Supplies","Supplies","Corporate","South","Spain","94.08","27.24","2","0.2895"
"2016-10-01","Office Supplies","Supplies","Home Office","Central","Germany","54.12","15.12","2","0.2794"
"2016-10-01","Technology","Accessories","Consumer","Central","France","87.84","39.51","3","0.4498"
"2016-10-01","Technology","Accessories","Consumer","North","United Kingdom","93.06","39.96","2","0.4294"
"2016-10-01","Technology","Accessories","Consumer","South","Spain","136.26","51.75","3","0.3798"
"2016-10-01","Technology","Accessories","Corporate","Central","Switzerland","76.2","5.28","2","0.0693"
"2016-10-01","Technology","Accessories","Home Office","Central","France","169.62","57.51","5","0.3391"
"2016-10-01","Technology","Copiers","Consumer","Central","France","667.92","-110.04","3","-0.1647"
"2016-10-01","Technology","Copiers","Consumer","South","Spain","1199.76","479.88","4","0.4"
"2016-10-01","Technology","Copiers","Home Office","Central","France","631.89","-22.41","5","-0.0355"
"2016-10-01","Technology","Machines","Consumer","Central","Germany","1666.98","692.04","7","0.4151"
"2016-10-01","Technology","Machines","Consumer","South","Italy","362","-120.79","7","-0.3337"
"2016-10-01","Technology","Machines","Consumer","South","Spain","332.18","-22.15","3","-0.0667"
"2016-10-01","Technology","Machines","Corporate","North","United Kingdom","245.97","81.09","3","0.3297"
"2016-10-01","Technology","Machines","Corporate","South","Italy","917.73","-397.71","9","-0.4334"
"2016-10-01","Technology","Machines","Home Office","Central","France","286.21","40.39","2","0.1411"
"2016-10-01","Technology","Machines","Home Office","North","United Kingdom","327.24","81.78","2","0.2499"
"2016-10-01","Technology","Phones","Consumer","Central","Germany","2544.24","1093.92","4","0.43"
"2016-10-01","Technology","Phones","Corporate","Central","Germany","863.31","241.71","7","0.28"
"2016-10-01","Technology","Phones","Corporate","North","United Kingdom","1168.83","46.71","9","0.04"
"2016-10-01","Technology","Phones","Corporate","South","Italy","97.24","-29.18","2","-0.3001"
"2016-10-01","Technology","Phones","Home Office","Central","France","592.88","69.68","5","0.1175"
"2016-10-01","Technology","Phones","Home Office","Central","Germany","223.47","26.73","3","0.1196"
"2016-10-01","Technology","Phones","Home Office","North","United Kingdom","333.96","106.86","2","0.32"
"2016-11-01","Furniture","Bookcases","Consumer","North","United Kingdom","1319.34","241.86","10","0.1833"
"2016-11-01","Furniture","Bookcases","Consumer","South","Spain","856.35","154.05","5","0.1799"
"2016-11-01","Furniture","Bookcases","Corporate","North","United Kingdom","1989.36","249.57","5","0.1255"
"2016-11-01","Furniture","Bookcases","Home Office","Central","France","1469.84","-645.52","11","-0.4392"
"2016-11-01","Furniture","Bookcases","Home Office","Central","Germany","655.78","-36.44","2","-0.0556"
"2016-11-01","Furniture","Chairs","Consumer","Central","Belgium","830.7","107.85","5","0.1298"
"2016-11-01","Furniture","Chairs","Consumer","Central","Germany","103.3","-5.78","2","-0.0559"
"2016-11-01","Furniture","Chairs","Consumer","Central","Netherlands","2070.9","-621.27","9","-0.3"
"2016-11-01","Furniture","Chairs","Consumer","South","Italy","503.22","-336.51","12","-0.6687"
"2016-11-01","Furniture","Chairs","Consumer","South","Spain","323.18","20.18","6","0.0625"
"2016-11-01","Furniture","Chairs","Corporate","Central","France","1154.63","-42.13","17","-0.0365"
"2016-11-01","Furniture","Chairs","Corporate","Central","Germany","194.4","23.76","3","0.1222"
"2016-11-01","Furniture","Chairs","Corporate","North","United Kingdom","206.82","36.72","5","0.1775"
"2016-11-01","Furniture","Chairs","Home Office","Central","Germany","450.91","118.27","4","0.2623"
"2016-11-01","Furniture","Chairs","Home Office","North","Finland","415.44","83.07","3","0.2"
"2016-11-01","Furniture","Chairs","Home Office","South","Italy","87.06","-34.89","5","-0.4008"
"2016-11-01","Furniture","Furnishings","Consumer","Central","France","180.12","37.8","4","0.2099"
"2016-11-01","Furniture","Furnishings","Consumer","North","United Kingdom","149.9","23.54","2","0.157"
"2016-11-01","Furniture","Furnishings","Consumer","South","Portugal","37.8","-9.09","3","-0.2405"
"2016-11-01","Furniture","Furnishings","Corporate","Central","France","102.9","12.3","2","0.1195"
"2016-11-01","Furniture","Furnishings","Corporate","Central","Germany","204.6","26.55","5","0.1298"
"2016-11-01","Furniture","Furnishings","Corporate","North","United Kingdom","99.79","-13.4","7","-0.1343"
"2016-11-01","Furniture","Furnishings","Corporate","South","Spain","63.48","25.32","4","0.3989"
"2016-11-01","Furniture","Furnishings","Home Office","Central","Germany","159.12","60.39","3","0.3795"
"2016-11-01","Furniture","Tables","Consumer","Central","France","343.78","-105.8","1","-0.3077"
"2016-11-01","Furniture","Tables","Corporate","Central","France","2012.05","-1021.67","6","-0.5078"
"2016-11-01","Furniture","Tables","Corporate","Central","Germany","241.7","-1144.12","6","-1"
"2016-11-01","Office Supplies","Appliances","Consumer","Central","Belgium","2489.4","273.78","9","0.11"
"2016-11-01","Office Supplies","Appliances","Consumer","South","Italy","837.63","0","3","0"
"2016-11-01","Office Supplies","Appliances","Consumer","South","Spain","1239","0","4","0"
"2016-11-01","Office Supplies","Appliances","Corporate","Central","France","383.62","-42.62","6","-0.1111"
"2016-11-01","Office Supplies","Appliances","Corporate","South","Italy","468.93","173.46","7","0.3699"
"2016-11-01","Office Supplies","Appliances","Corporate","South","Spain","1861.44","120.96","9","0.065"
"2016-11-01","Office Supplies","Art","Consumer","Central","Belgium","56.79","22.68","3","0.3994"
"2016-11-01","Office Supplies","Art","Consumer","Central","France","242.73","46.26","9","0.1906"
"2016-11-01","Office Supplies","Art","Consumer","Central","Germany","901.08","249","22","0.2763"
"2016-11-01","Office Supplies","Art","Consumer","North","United Kingdom","60.54","20.58","2","0.3399"
"2016-11-01","Office Supplies","Art","Consumer","South","Italy","375.9","30.03","7","0.0799"
"2016-11-01","Office Supplies","Art","Consumer","South","Spain","348.3","62.67","21","0.1799"
"2016-11-01","Office Supplies","Art","Corporate","Central","France","544.02","56.85","13","0.1045"
"2016-11-01","Office Supplies","Art","Corporate","Central","Germany","525.27","191.91","20","0.3654"
"2016-11-01","Office Supplies","Art","Corporate","North","United Kingdom","499.53","78.24","22","0.1566"
"2016-11-01","Office Supplies","Art","Corporate","South","Spain","443.16","121.14","15","0.2734"
"2016-11-01","Office Supplies","Art","Home Office","Central","France","308.85","87.69","15","0.2839"
"2016-11-01","Office Supplies","Art","Home Office","Central","Germany","26.46","8.46","2","0.3197"
"2016-11-01","Office Supplies","Art","Home Office","South","Italy","175.35","10.5","7","0.0599"
"2016-11-01","Office Supplies","Art","Home Office","South","Spain","39.54","16.56","2","0.4188"
"2016-11-01","Office Supplies","Binders","Consumer","Central","Austria","125.7","16.2","10","0.1289"
"2016-11-01","Office Supplies","Binders","Consumer","Central","France","346.71","95.94","11","0.2767"
"2016-11-01","Office Supplies","Binders","Consumer","Central","Germany","272.08","88.66","24","0.3259"
"2016-11-01","Office Supplies","Binders","Consumer","Central","Switzerland","46.44","12.96","3","0.2791"
"2016-11-01","Office Supplies","Binders","Consumer","North","United Kingdom","281.41","111.31","13","0.3955"
"2016-11-01","Office Supplies","Binders","Consumer","South","Italy","27.3","3.78","2","0.1385"
"2016-11-01","Office Supplies","Binders","Consumer","South","Spain","553.2","150.42","22","0.2719"
"2016-11-01","Office Supplies","Binders","Corporate","Central","Germany","458.7","199.68","9","0.4353"
"2016-11-01","Office Supplies","Binders","Corporate","North","United Kingdom","456.92","175.16","26","0.3834"
"2016-11-01","Office Supplies","Binders","Corporate","South","Portugal","177.18","-65.82","8","-0.3715"
"2016-11-01","Office Supplies","Binders","Corporate","South","Spain","258.9","46.5","5","0.1796"
"2016-11-01","Office Supplies","Binders","Home Office","Central","France","129.96","-8.4","11","-0.0646"
"2016-11-01","Office Supplies","Binders","Home Office","Central","Germany","78.12","24.12","6","0.3088"
"2016-11-01","Office Supplies","Binders","Home Office","North","United Kingdom","26.04","8.04","2","0.3088"
"2016-11-01","Office Supplies","Binders","Home Office","South","Italy","30.3","13.92","1","0.4594"
"2016-11-01","Office Supplies","Binders","Home Office","South","Spain","66.39","25.86","8","0.3895"
"2016-11-01","Office Supplies","Envelopes","Consumer","Central","France","301.2","30.69","13","0.1019"
"2016-11-01","Office Supplies","Envelopes","Consumer","Central","Germany","61.47","24.57","3","0.3997"
"2016-11-01","Office Supplies","Envelopes","Consumer","North","United Kingdom","370.71","88.83","9","0.2396"
"2016-11-01","Office Supplies","Envelopes","Consumer","South","Italy","176.28","81.9","7","0.4646"
"2016-11-01","Office Supplies","Envelopes","Consumer","South","Spain","19.8","7.92","2","0.4"
"2016-11-01","Office Supplies","Envelopes","Corporate","Central","Austria","68.67","10.98","3","0.1599"
"2016-11-01","Office Supplies","Envelopes","Corporate","Central","France","286.65","111.72","7","0.3897"
"2016-11-01","Office Supplies","Envelopes","Corporate","Central","Germany","193.65","50.79","11","0.2623"
"2016-11-01","Office Supplies","Envelopes","Corporate","South","Portugal","45.9","-29.4","5","-0.6405"
"2016-11-01","Office Supplies","Envelopes","Home Office","Central","Germany","15.61","2.95","1","0.1888"
"2016-11-01","Office Supplies","Fasteners","Consumer","Central","France","103.26","19.44","8","0.1883"
"2016-11-01","Office Supplies","Fasteners","Consumer","Central","Germany","26.04","1.02","2","0.0392"
"2016-11-01","Office Supplies","Fasteners","Consumer","Central","Netherlands","38.64","-27.09","7","-0.7011"
"2016-11-01","Office Supplies","Fasteners","Consumer","North","United Kingdom","51.21","-9.27","6","-0.181"
"2016-11-01","Office Supplies","Fasteners","Consumer","South","Italy","92.73","11.13","8","0.12"
"2016-11-01","Office Supplies","Fasteners","Consumer","South","Spain","118.38","27.66","8","0.2337"
"2016-11-01","Office Supplies","Fasteners","Corporate","Central","France","48.78","0","6","0"
"2016-11-01","Office Supplies","Fasteners","Corporate","Central","Germany","43.29","3.87","3","0.0894"
"2016-11-01","Office Supplies","Fasteners","Corporate","North","United Kingdom","80.43","0.63","7","0.0078"
"2016-11-01","Office Supplies","Fasteners","Corporate","South","Spain","26.76","6.42","2","0.2399"
"2016-11-01","Office Supplies","Fasteners","Home Office","Central","France","6.93","-3.63","1","-0.5238"
"2016-11-01","Office Supplies","Fasteners","Home Office","Central","Germany","14.91","3.12","1","0.2093"
"2016-11-01","Office Supplies","Fasteners","Home Office","North","United Kingdom","11.88","2.37","1","0.1995"
"2016-11-01","Office Supplies","Labels","Consumer","Central","France","89.52","40.08","8","0.4477"
"2016-11-01","Office Supplies","Labels","Consumer","Central","Germany","95.64","16.68","9","0.1744"
"2016-11-01","Office Supplies","Labels","Consumer","Central","Netherlands","11.25","-7.23","2","-0.6427"
"2016-11-01","Office Supplies","Labels","Consumer","North","United Kingdom","28.08","0","3","0"
"2016-11-01","Office Supplies","Labels","Consumer","South","Italy","53.16","9.48","4","0.1783"
"2016-11-01","Office Supplies","Labels","Consumer","South","Spain","39.6","0","3","0"
"2016-11-01","Office Supplies","Labels","Corporate","Central","Germany","29.07","12.42","3","0.4272"
"2016-11-01","Office Supplies","Labels","Home Office","North","Finland","21.72","2.82","2","0.1298"
"2016-11-01","Office Supplies","Paper","Consumer","Central","Belgium","29.88","0.84","2","0.0281"
"2016-11-01","Office Supplies","Paper","Consumer","Central","France","324.81","30.45","12","0.0937"
"2016-11-01","Office Supplies","Paper","Consumer","South","Italy","111","24.36","4","0.2195"
"2016-11-01","Office Supplies","Paper","Corporate","Central","France","130.56","27.36","4","0.2096"
"2016-11-01","Office Supplies","Paper","Corporate","Central","Switzerland","62.4","8.1","2","0.1298"
"2016-11-01","Office Supplies","Paper","Home Office","South","Spain","239.22","0","9","0"
"2016-11-01","Office Supplies","Storage","Consumer","Central","Belgium","159.84","79.92","3","0.5"
"2016-11-01","Office Supplies","Storage","Consumer","Central","France","180.22","-9.59","10","-0.0532"
"2016-11-01","Office Supplies","Storage","Consumer","Central","Germany","2580.96","655.44","26","0.254"
"2016-11-01","Office Supplies","Storage","Consumer","Central","Netherlands","316.04","-158.08","3","-0.5002"
"2016-11-01","Office Supplies","Storage","Consumer","North","Finland","16.56","0.99","1","0.0598"
"2016-11-01","Office Supplies","Storage","Consumer","North","United Kingdom","916.54","209.12","16","0.2282"
"2016-11-01","Office Supplies","Storage","Consumer","South","Italy","576.83","-384.55","7","-0.6667"
"2016-11-01","Office Supplies","Storage","Corporate","Central","France","274.13","27.5","7","0.1003"
"2016-11-01","Office Supplies","Storage","Corporate","Central","Germany","707.76","-73.92","13","-0.1044"
"2016-11-01","Office Supplies","Storage","Corporate","North","United Kingdom","187.94","15.65","4","0.0833"
"2016-11-01","Office Supplies","Storage","Corporate","South","Spain","1220.35","244.75","12","0.2006"
"2016-11-01","Office Supplies","Storage","Home Office","Central","France","255.03","73.83","4","0.2895"
"2016-11-01","Office Supplies","Storage","Home Office","Central","Germany","246.84","-40.26","5","-0.1631"
"2016-11-01","Office Supplies","Storage","Home Office","Central","Netherlands","209.22","-109.62","14","-0.5239"
"2016-11-01","Office Supplies","Storage","Home Office","North","United Kingdom","203.7","61.38","5","0.3013"
"2016-11-01","Office Supplies","Supplies","Consumer","Central","France","139.86","4.14","3","0.0296"
"2016-11-01","Office Supplies","Supplies","Consumer","Central","Switzerland","179.85","39.45","5","0.2193"
"2016-11-01","Office Supplies","Supplies","Consumer","South","Italy","255.39","40.2","7","0.1574"
"2016-11-01","Office Supplies","Supplies","Consumer","South","Spain","80.1","33.57","3","0.4191"
"2016-11-01","Office Supplies","Supplies","Corporate","Central","France","75.69","19.62","3","0.2592"
"2016-11-01","Office Supplies","Supplies","Corporate","Central","Germany","151.56","43.92","6","0.2898"
"2016-11-01","Office Supplies","Supplies","Home Office","Central","France","131.94","28.98","3","0.2196"
"2016-11-01","Office Supplies","Supplies","Home Office","North","United Kingdom","44.58","12.9","1","0.2894"
"2016-11-01","Office Supplies","Supplies","Home Office","South","Spain","96.18","8.64","2","0.0898"
"2016-11-01","Technology","Accessories","Consumer","Central","Germany","287.49","74.7","5","0.2598"
"2016-11-01","Technology","Accessories","Consumer","South","Italy","231","99.24","4","0.4296"
"2016-11-01","Technology","Accessories","Consumer","South","Spain","81.69","6.51","1","0.0797"
"2016-11-01","Technology","Accessories","Corporate","Central","France","72.84","30.57","1","0.4197"
"2016-11-01","Technology","Accessories","Corporate","Central","Germany","319.59","25.05","5","0.0784"
"2016-11-01","Technology","Accessories","Corporate","North","Finland","316.47","94.92","7","0.2999"
"2016-11-01","Technology","Accessories","Corporate","North","United Kingdom","105.41","40.97","4","0.3887"
"2016-11-01","Technology","Accessories","Home Office","Central","France","1536.9","119.67","13","0.0779"
"2016-11-01","Technology","Accessories","Home Office","Central","Germany","348.93","104.67","3","0.3"
"2016-11-01","Technology","Copiers","Consumer","Central","Germany","256.68","33.36","2","0.13"
"2016-11-01","Technology","Copiers","Consumer","Central","Netherlands","365.54","-241.34","3","-0.6602"
"2016-11-01","Technology","Copiers","Consumer","North","Sweden","122.49","-58.83","2","-0.4803"
"2016-11-01","Technology","Copiers","Consumer","North","United Kingdom","321.36","112.47","1","0.35"
"2016-11-01","Technology","Copiers","Consumer","South","Spain","248.58","84.48","2","0.3399"
"2016-11-01","Technology","Copiers","Corporate","Central","France","546.36","14.16","5","0.0259"
"2016-11-01","Technology","Copiers","Corporate","Central","Germany","2844.9","339.3","16","0.1193"
"2016-11-01","Technology","Copiers","Corporate","South","Spain","734.94","190.98","6","0.2599"
"2016-11-01","Technology","Copiers","Home Office","Central","France","612.36","-64.86","2","-0.1059"
"2016-11-01","Technology","Copiers","Home Office","Central","Germany","636.06","146.28","2","0.23"
"2016-11-01","Technology","Machines","Consumer","Central","France","1593.65","-225.16","7","-0.1413"
"2016-11-01","Technology","Machines","Consumer","Central","Germany","1880.64","300.78","6","0.1599"
"2016-11-01","Technology","Machines","Consumer","South","Spain","2915.84","1.4","15","0.0005"
"2016-11-01","Technology","Machines","Corporate","Central","France","1417.06","98.23","9","0.0693"
"2016-11-01","Technology","Machines","Corporate","North","United Kingdom","133.49","28.1","3","0.2105"
"2016-11-01","Technology","Machines","Home Office","Central","France","682.69","-124.13","6","-0.1818"
"2016-11-01","Technology","Machines","Home Office","Central","Germany","304.92","109.62","7","0.3595"
"2016-11-01","Technology","Phones","Consumer","Central","Netherlands","81.03","-45.39","2","-0.5602"
"2016-11-01","Technology","Phones","Consumer","North","Sweden","99.76","-41.98","3","-0.4208"
"2016-11-01","Technology","Phones","Consumer","South","Italy","200.2","-40.04","2","-0.2"
"2016-11-01","Technology","Phones","Consumer","South","Spain","332.75","-14.83","3","-0.0446"
"2016-11-01","Technology","Phones","Corporate","Central","France","1014.11","124.61","8","0.1229"
"2016-11-01","Technology","Phones","Corporate","South","Spain","201.28","15.62","3","0.0776"
"2016-11-01","Technology","Phones","Home Office","Central","France","709.03","-100.22","5","-0.1414"
"2016-12-01","Furniture","Bookcases","Consumer","Central","France","128.52","-1.44","1","-0.0112"
"2016-12-01","Furniture","Bookcases","Consumer","Central","Germany","1591.81","541.72","13","0.3403"
"2016-12-01","Furniture","Bookcases","Consumer","South","Italy","1959.6","720.72","10","0.3678"
"2016-12-01","Furniture","Bookcases","Consumer","South","Spain","1741.8","261.24","4","0.15"
"2016-12-01","Furniture","Bookcases","Corporate","Central","France","1193.26","-704.3","9","-0.5902"
"2016-12-01","Furniture","Bookcases","Corporate","Central","Germany","521.86","81.1","4","0.1554"
"2016-12-01","Furniture","Bookcases","Corporate","South","Italy","488.16","112.2","4","0.2298"
"2016-12-01","Furniture","Bookcases","Home Office","Central","France","350.24","105.02","2","0.2999"
"2016-12-01","Furniture","Bookcases","Home Office","Central","Germany","498.36","56.01","5","0.1124"
"2016-12-01","Furniture","Bookcases","Home Office","North","United Kingdom","1578.64","613.84","4","0.3888"
"2016-12-01","Furniture","Chairs","Consumer","Central","France","1210.84","347.62","13","0.2871"
"2016-12-01","Furniture","Chairs","Consumer","Central","Germany","355.46","78.86","5","0.2218"
"2016-12-01","Furniture","Chairs","Corporate","North","United Kingdom","262.86","47.28","2","0.1799"
"2016-12-01","Furniture","Chairs","Corporate","South","Italy","211.72","-264.65","3","-1"
"2016-12-01","Furniture","Chairs","Home Office","Central","Germany","428.27","137.99","1","0.3222"
"2016-12-01","Furniture","Chairs","Home Office","South","Spain","318.89","35.84","3","0.1124"
"2016-12-01","Furniture","Furnishings","Consumer","Central","Germany","333.36","66.6","3","0.1998"
"2016-12-01","Furniture","Furnishings","Consumer","North","United Kingdom","22.43","6.41","2","0.2857"
"2016-12-01","Furniture","Furnishings","Consumer","South","Italy","75.78","30.24","3","0.399"
"2016-12-01","Furniture","Furnishings","Consumer","South","Spain","1031.43","400.71","11","0.3885"
"2016-12-01","Furniture","Furnishings","Corporate","Central","France","200.64","98.28","4","0.4898"
"2016-12-01","Furniture","Furnishings","Corporate","North","United Kingdom","141.29","-56.59","4","-0.4005"
"2016-12-01","Furniture","Furnishings","Corporate","South","Italy","263.7","118.62","6","0.4498"
"2016-12-01","Furniture","Furnishings","Home Office","South","Spain","200.64","98.28","4","0.4898"
"2016-12-01","Furniture","Tables","Consumer","Central","France","172.03","-58.25","1","-0.3386"
"2016-12-01","Furniture","Tables","Consumer","South","Italy","859.05","-790.35","2","-0.92"
"2016-12-01","Office Supplies","Appliances","Consumer","Central","France","2902.39","801.04","7","0.276"
"2016-12-01","Office Supplies","Appliances","Consumer","Central","Germany","2906.77","1130.35","6","0.3889"
"2016-12-01","Office Supplies","Appliances","Consumer","North","United Kingdom","4052.73","789.63","9","0.1948"
"2016-12-01","Office Supplies","Appliances","Consumer","South","Spain","172.14","73.98","2","0.4298"
"2016-12-01","Office Supplies","Appliances","Home Office","Central","France","264.38","-26.5","3","-0.1002"
"2016-12-01","Office Supplies","Appliances","Home Office","Central","Germany","2039.8","-113.36","4","-0.0556"
"2016-12-01","Office Supplies","Appliances","Home Office","North","United Kingdom","1138.44","364.26","2","0.32"
"2016-12-01","Office Supplies","Art","Consumer","Central","France","1215.87","124.95","32","0.1028"
"2016-12-01","Office Supplies","Art","Consumer","Central","Germany","371.55","32.19","11","0.0866"
"2016-12-01","Office Supplies","Art","Consumer","North","Ireland","94.82","-0.1","7","-0.0011"
"2016-12-01","Office Supplies","Art","Consumer","North","United Kingdom","837.73","179.56","32","0.2143"
"2016-12-01","Office Supplies","Art","Consumer","South","Italy","452.01","101.67","18","0.2249"
"2016-12-01","Office Supplies","Art","Consumer","South","Spain","782.13","205.29","17","0.2625"
"2016-12-01","Office Supplies","Art","Corporate","Central","France","533.76","60","10","0.1124"
"2016-12-01","Office Supplies","Art","Corporate","Central","Germany","119.51","9.62","6","0.0805"
"2016-12-01","Office Supplies","Art","Corporate","North","United Kingdom","264.78","66.24","12","0.2502"
"2016-12-01","Office Supplies","Art","Corporate","South","Italy","487.35","38.16","11","0.0783"
"2016-12-01","Office Supplies","Art","Corporate","South","Spain","131.97","35.64","5","0.2701"
"2016-12-01","Office Supplies","Art","Home Office","Central","France","411.75","20.52","9","0.0498"
"2016-12-01","Office Supplies","Art","Home Office","Central","Germany","52.86","4.74","2","0.0897"
"2016-12-01","Office Supplies","Art","Home Office","North","Sweden","23.31","-8.01","3","-0.3436"
"2016-12-01","Office Supplies","Art","Home Office","North","United Kingdom","795.96","296.76","20","0.3728"
"2016-12-01","Office Supplies","Art","Home Office","South","Spain","274.14","43.74","6","0.1596"
"2016-12-01","Office Supplies","Binders","Consumer","Central","France","1122.81","216.3","41","0.1926"
"2016-12-01","Office Supplies","Binders","Consumer","Central","Germany","27.36","5.64","4","0.2061"
"2016-12-01","Office Supplies","Binders","Consumer","Central","Switzerland","84","3.36","7","0.04"
"2016-12-01","Office Supplies","Binders","Consumer","North","Ireland","70.58","-70.58","5","-1"
"2016-12-01","Office Supplies","Binders","Consumer","North","United Kingdom","60.6","25.29","5","0.4173"
"2016-12-01","Office Supplies","Binders","Consumer","South","Italy","28.35","8.49","1","0.2995"
"2016-12-01","Office Supplies","Binders","Consumer","South","Portugal","16.98","-7.5","4","-0.4417"
"2016-12-01","Office Supplies","Binders","Consumer","South","Spain","352.17","78.45","18","0.2228"
"2016-12-01","Office Supplies","Binders","Corporate","Central","France","111.6","8.4","12","0.0753"
"2016-12-01","Office Supplies","Binders","Corporate","Central","Germany","86.94","1.92","2","0.0221"
"2016-12-01","Office Supplies","Binders","Corporate","Central","Netherlands","15.8","-8.6","3","-0.5442"
"2016-12-01","Office Supplies","Binders","Corporate","North","United Kingdom","576.33","223.35","25","0.3875"
"2016-12-01","Office Supplies","Binders","Corporate","South","Italy","17.88","3.9","2","0.2181"
"2016-12-01","Office Supplies","Binders","Home Office","Central","France","95.62","-2.66","9","-0.0278"
"2016-12-01","Office Supplies","Binders","Home Office","Central","Germany","147.45","30.9","5","0.2096"
"2016-12-01","Office Supplies","Envelopes","Consumer","Central","France","462.12","96.03","20","0.2078"
"2016-12-01","Office Supplies","Envelopes","Consumer","Central","Germany","99.48","37.14","5","0.3733"
"2016-12-01","Office Supplies","Envelopes","Corporate","Central","France","14.4","6.48","2","0.45"
"2016-12-01","Office Supplies","Envelopes","Corporate","North","United Kingdom","19.8","7.92","2","0.4"
"2016-12-01","Office Supplies","Envelopes","Corporate","South","Spain","94.86","34.14","2","0.3599"
"2016-12-01","Office Supplies","Envelopes","Home Office","Central","France","52.38","26.16","2","0.4994"
"2016-12-01","Office Supplies","Fasteners","Consumer","Central","France","96.75","43.5","5","0.4496"
"2016-12-01","Office Supplies","Fasteners","Consumer","Central","Germany","33.6","12.42","2","0.3696"
"2016-12-01","Office Supplies","Fasteners","Consumer","Central","Switzerland","57.45","0.45","5","0.0078"
"2016-12-01","Office Supplies","Fasteners","Consumer","North","United Kingdom","109.89","40.38","7","0.3675"
"2016-12-01","Office Supplies","Fasteners","Corporate","Central","France","57.3","23.4","5","0.4084"
"2016-12-01","Office Supplies","Fasteners","Home Office","Central","France","51.72","1.44","4","0.0278"
"2016-12-01","Office Supplies","Fasteners","Home Office","North","United Kingdom","50.08","16.84","3","0.3363"
"2016-12-01","Office Supplies","Labels","Consumer","Central","France","52.44","8.7","5","0.1659"
"2016-12-01","Office Supplies","Labels","Consumer","Central","Germany","14.58","0.72","2","0.0494"
"2016-12-01","Office Supplies","Labels","Consumer","North","Denmark","10.71","-2.43","3","-0.2269"
"2016-12-01","Office Supplies","Labels","Consumer","North","United Kingdom","26.88","6.72","4","0.25"
"2016-12-01","Office Supplies","Labels","Consumer","South","Italy","20.7","7.44","2","0.3594"
"2016-12-01","Office Supplies","Labels","Consumer","South","Spain","18","2.52","2","0.14"
"2016-12-01","Office Supplies","Labels","Corporate","Central","France","69.33","5.7","8","0.0822"
"2016-12-01","Office Supplies","Labels","Corporate","Central","Germany","79.59","22.26","7","0.2797"
"2016-12-01","Office Supplies","Labels","Corporate","South","Spain","35.52","0.24","4","0.0068"
"2016-12-01","Office Supplies","Paper","Consumer","North","Norway","133.68","25.2","8","0.1885"
"2016-12-01","Office Supplies","Paper","Consumer","North","United Kingdom","62.34","14.28","2","0.2291"
"2016-12-01","Office Supplies","Paper","Consumer","South","Italy","125.07","22.29","5","0.1782"
"2016-12-01","Office Supplies","Paper","Corporate","Central","France","33.96","12.9","2","0.3799"
"2016-12-01","Office Supplies","Paper","Home Office","Central","France","56.94","27.3","2","0.4795"
"2016-12-01","Office Supplies","Storage","Consumer","Central","France","2080.48","481.45","34","0.2314"
"2016-12-01","Office Supplies","Storage","Consumer","Central","Germany","446.72","62.6","13","0.1401"
"2016-12-01","Office Supplies","Storage","Consumer","Central","Switzerland","48.96","16.14","1","0.3297"
"2016-12-01","Office Supplies","Storage","Consumer","North","Sweden","53.28","0","2","0"
"2016-12-01","Office Supplies","Storage","Consumer","North","United Kingdom","271.36","67.72","5","0.2496"
"2016-12-01","Office Supplies","Storage","Consumer","South","Italy","843.8","-256.96","21","-0.3045"
"2016-12-01","Office Supplies","Storage","Consumer","South","Spain","882.87","223.53","12","0.2532"
"2016-12-01","Office Supplies","Storage","Corporate","Central","France","48.38","6.98","2","0.1443"
"2016-12-01","Office Supplies","Storage","Corporate","Central","Germany","417.31","179.71","9","0.4306"
"2016-12-01","Office Supplies","Storage","Corporate","South","Italy","413.41","-52.31","11","-0.1265"
"2016-12-01","Office Supplies","Storage","Corporate","South","Spain","766.53","3.69","10","0.0048"
"2016-12-01","Office Supplies","Storage","Home Office","Central","France","198.5","19.82","4","0.0999"
"2016-12-01","Office Supplies","Storage","Home Office","South","Italy","117.36","-72.48","4","-0.6176"
"2016-12-01","Office Supplies","Supplies","Consumer","Central","France","214.2","83.22","10","0.3885"
"2016-12-01","Office Supplies","Supplies","Consumer","North","United Kingdom","168.21","59.64","7","0.3546"
"2016-12-01","Office Supplies","Supplies","Consumer","South","Italy","118.26","57.87","3","0.4893"
"2016-12-01","Office Supplies","Supplies","Consumer","South","Portugal","125.58","-77.94","7","-0.6206"
"2016-12-01","Office Supplies","Supplies","Consumer","South","Spain","600.6","131.82","13","0.2195"
"2016-12-01","Office Supplies","Supplies","Corporate","Central","France","355.32","145.44","12","0.4093"
"2016-12-01","Office Supplies","Supplies","Home Office","Central","France","173.58","40.14","8","0.2312"
"2016-12-01","Office Supplies","Supplies","Home Office","North","United Kingdom","369.6","81.12","8","0.2195"
"2016-12-01","Technology","Accessories","Consumer","Central","France","1601.73","-1345.5","13","-0.84"
"2016-12-01","Technology","Accessories","Consumer","Central","Germany","220.44","39.66","2","0.1799"
"2016-12-01","Technology","Accessories","Consumer","North","Norway","135.63","40.68","3","0.2999"
"2016-12-01","Technology","Accessories","Consumer","North","United Kingdom","119.25","3.51","3","0.0294"
"2016-12-01","Technology","Accessories","Consumer","South","Spain","92.16","27.63","3","0.2998"
"2016-12-01","Technology","Accessories","Corporate","Central","France","139.59","59.94","3","0.4294"
"2016-12-01","Technology","Accessories","Corporate","North","United Kingdom","243.81","121.86","3","0.4998"
"2016-12-01","Technology","Accessories","Home Office","Central","Austria","1236.6","98.85","5","0.0799"
"2016-12-01","Technology","Copiers","Consumer","Central","France","5019.32","850.31","26","0.1694"
"2016-12-01","Technology","Copiers","Consumer","South","Italy","1478.25","132.9","5","0.0899"
"2016-12-01","Technology","Copiers","Consumer","South","Spain","372.15","178.56","3","0.4798"
"2016-12-01","Technology","Copiers","Corporate","Central","France","1224.71","-129.73","4","-0.1059"
"2016-12-01","Technology","Copiers","Corporate","North","United Kingdom","440.82","110.16","3","0.2499"
"2016-12-01","Technology","Copiers","Corporate","South","Italy","884.7","249.72","3","0.2823"
"2016-12-01","Technology","Copiers","Home Office","Central","France","780.42","-535.23","7","-0.6858"
"2016-12-01","Technology","Machines","Consumer","Central","France","345.93","-53.1","9","-0.1535"
"2016-12-01","Technology","Machines","Consumer","Central","Germany","2131.92","532.8","8","0.2499"
"2016-12-01","Technology","Machines","Corporate","Central","France","1238.61","14.43","9","0.0117"
"2016-12-01","Technology","Machines","Corporate","Central","Germany","679.8","95.16","4","0.14"
"2016-12-01","Technology","Machines","Corporate","North","United Kingdom","1964.7","500.1","10","0.2545"
"2016-12-01","Technology","Machines","Corporate","South","Italy","58.43","-6.85","2","-0.1173"
"2016-12-01","Technology","Machines","Corporate","South","Spain","69.07","-6.17","2","-0.0894"
"2016-12-01","Technology","Phones","Consumer","Central","France","494.35","-152.15","6","-0.3078"
"2016-12-01","Technology","Phones","Consumer","North","United Kingdom","5785.02","404.73","9","0.07"
"2016-12-01","Technology","Phones","Corporate","North","United Kingdom","1010.94","161.7","7","0.16"
"2017-01-01","Furniture","Bookcases","Consumer","Central","France","3030.51","1267.23","9","0.4182"
"2017-01-01","Furniture","Bookcases","Consumer","North","Ireland","303.82","-18.38","5","-0.0605"
"2017-01-01","Furniture","Bookcases","Consumer","North","United Kingdom","2225.2","294.65","11","0.1324"
"2017-01-01","Furniture","Bookcases","Consumer","South","Spain","740.7","103.68","6","0.14"
"2017-01-01","Furniture","Bookcases","Corporate","Central","France","135.3","39.06","1","0.2887"
"2017-01-01","Furniture","Bookcases","Corporate","Central","Netherlands","515.61","-237.33","6","-0.4603"
"2017-01-01","Furniture","Chairs","Consumer","Central","France","200.34","-260.46","3","-1"
"2017-01-01","Furniture","Chairs","Consumer","Central","Germany","372.9","-4.26","7","-0.0114"
"2017-01-01","Furniture","Chairs","Consumer","Central","Switzerland","681.72","327.12","4","0.4798"
"2017-01-01","Furniture","Chairs","Consumer","South","Italy","21.56","-20.5","1","-0.9505"
"2017-01-01","Furniture","Chairs","Corporate","North","United Kingdom","441.63","24.3","6","0.055"
"2017-01-01","Furniture","Chairs","Home Office","South","Italy","299.9","-226.75","9","-0.7561"
"2017-01-01","Furniture","Furnishings","Consumer","Central","France","188.76","39.6","4","0.2098"
"2017-01-01","Furniture","Furnishings","Consumer","Central","Germany","217.32","4.32","2","0.0199"
"2017-01-01","Furniture","Furnishings","Corporate","Central","Austria","146.34","7.29","3","0.0498"
"2017-01-01","Furniture","Furnishings","Corporate","Central","Belgium","131.58","9.18","3","0.0698"
"2017-01-01","Furniture","Furnishings","Home Office","Central","Germany","39.28","9.16","1","0.2333"
"2017-01-01","Furniture","Furnishings","Home Office","South","Italy","220.08","17.58","2","0.0799"
"2017-01-01","Furniture","Tables","Consumer","North","United Kingdom","6267.56","2434.22","8","0.3884"
"2017-01-01","Office Supplies","Appliances","Consumer","Central","Austria","387.96","147.36","4","0.3798"
"2017-01-01","Office Supplies","Appliances","Consumer","Central","Belgium","1583.82","126.63","3","0.08"
"2017-01-01","Office Supplies","Appliances","Consumer","Central","France","1832.38","82.18","7","0.0448"
"2017-01-01","Office Supplies","Appliances","Corporate","Central","France","1027.62","296.82","2","0.2888"
"2017-01-01","Office Supplies","Appliances","Corporate","Central","Germany","970.27","215.59","2","0.2222"
"2017-01-01","Office Supplies","Appliances","Corporate","South","Spain","5430.9","2063.7","10","0.38"
"2017-01-01","Office Supplies","Appliances","Home Office","South","Italy","2069.88","413.88","4","0.2"
"2017-01-01","Office Supplies","Art","Consumer","Central","Austria","180.69","71.61","9","0.3963"
"2017-01-01","Office Supplies","Art","Consumer","Central","France","263.49","62.43","10","0.2369"
"2017-01-01","Office Supplies","Art","Consumer","Central","Germany","139.62","25.56","3","0.1831"
"2017-01-01","Office Supplies","Art","Consumer","North","Sweden","16.02","-14.76","2","-0.9213"
"2017-01-01","Office Supplies","Art","Consumer","North","United Kingdom","357.08","64.07","11","0.1794"
"2017-01-01","Office Supplies","Art","Consumer","South","Spain","203.16","39.36","4","0.1937"
"2017-01-01","Office Supplies","Art","Corporate","Central","Belgium","52.74","21.6","2","0.4096"
"2017-01-01","Office Supplies","Art","Corporate","Central","France","462.57","133.41","14","0.2884"
"2017-01-01","Office Supplies","Art","Corporate","North","United Kingdom","77.18","-38.21","6","-0.495"
"2017-01-01","Office Supplies","Binders","Consumer","Central","Austria","200.91","79.14","5","0.3939"
"2017-01-01","Office Supplies","Binders","Consumer","Central","France","511.65","135.21","23","0.2643"
"2017-01-01","Office Supplies","Binders","Consumer","Central","Germany","231.21","71.58","9","0.3096"
"2017-01-01","Office Supplies","Binders","Consumer","Central","Netherlands","27.99","-9.57","2","-0.3419"
"2017-01-01","Office Supplies","Binders","Consumer","North","Denmark","28.8","-2.88","2","-0.1"
"2017-01-01","Office Supplies","Binders","Consumer","North","Ireland","28.56","-1.89","7","-0.0662"
"2017-01-01","Office Supplies","Binders","Consumer","South","Spain","98.73","41.76","8","0.423"
"2017-01-01","Office Supplies","Binders","Corporate","Central","France","147.96","16.2","3","0.1095"
"2017-01-01","Office Supplies","Binders","Corporate","Central","Germany","42.03","9.15","7","0.2177"
"2017-01-01","Office Supplies","Binders","Corporate","Central","Netherlands","27.98","-13.58","5","-0.4853"
"2017-01-01","Office Supplies","Binders","Corporate","North","Sweden","45.88","-39.58","7","-0.8627"
"2017-01-01","Office Supplies","Binders","Corporate","North","United Kingdom","69.14","-22.99","11","-0.3325"
"2017-01-01","Office Supplies","Binders","Home Office","Central","France","123.24","34.44","4","0.2795"
"2017-01-01","Office Supplies","Binders","Home Office","North","United Kingdom","57.72","21.51","8","0.3727"
"2017-01-01","Office Supplies","Binders","Home Office","South","Italy","18.99","0.72","3","0.0379"
"2017-01-01","Office Supplies","Envelopes","Consumer","Central","France","199.32","64.32","8","0.3227"
"2017-01-01","Office Supplies","Envelopes","Consumer","South","Italy","163.8","63.84","4","0.3897"
"2017-01-01","Office Supplies","Envelopes","Corporate","Central","Belgium","190.8","89.55","5","0.4693"
"2017-01-01","Office Supplies","Envelopes","Corporate","Central","France","180.96","48.84","4","0.2699"
"2017-01-01","Office Supplies","Envelopes","Corporate","North","United Kingdom","218.8","42.67","11","0.195"
"2017-01-01","Office Supplies","Envelopes","Corporate","South","Spain","73.44","13.2","4","0.1797"
"2017-01-01","Office Supplies","Fasteners","Consumer","Central","Belgium","31.23","12.78","3","0.4092"
"2017-01-01","Office Supplies","Fasteners","Consumer","Central","France","69.03","8.85","7","0.1282"
"2017-01-01","Office Supplies","Fasteners","Consumer","Central","Netherlands","18.66","-0.78","2","-0.0418"
"2017-01-01","Office Supplies","Fasteners","Consumer","North","Sweden","14.52","-6.12","2","-0.4215"
"2017-01-01","Office Supplies","Fasteners","Consumer","North","United Kingdom","14.13","3.24","1","0.2293"
"2017-01-01","Office Supplies","Fasteners","Corporate","Central","Belgium","15.96","1.59","1","0.0996"
"2017-01-01","Office Supplies","Fasteners","Home Office","Central","France","37.71","11.61","3","0.3079"
"2017-01-01","Office Supplies","Labels","Consumer","Central","France","10.08","1.68","2","0.1667"
"2017-01-01","Office Supplies","Labels","Consumer","Central","Germany","148.05","51.3","14","0.3465"
"2017-01-01","Office Supplies","Labels","Consumer","South","Italy","55.65","13.8","5","0.248"
"2017-01-01","Office Supplies","Labels","Consumer","South","Spain","45.96","8.64","4","0.188"
"2017-01-01","Office Supplies","Labels","Corporate","Central","France","41.4","14.88","4","0.3594"
"2017-01-01","Office Supplies","Paper","Consumer","Central","Belgium","83.28","34.08","4","0.4092"
"2017-01-01","Office Supplies","Paper","Consumer","Central","France","521.43","133.26","19","0.2556"
"2017-01-01","Office Supplies","Paper","Consumer","Central","Germany","83.4","2.4","5","0.0288"
"2017-01-01","Office Supplies","Paper","Consumer","Central","Netherlands","78.84","-36.27","3","-0.46"
"2017-01-01","Office Supplies","Paper","Corporate","South","Italy","102.45","14.25","5","0.1391"
"2017-01-01","Office Supplies","Paper","Home Office","South","Italy","56.76","2.82","2","0.0497"
"2017-01-01","Office Supplies","Storage","Consumer","Central","France","1690.09","-52.58","14","-0.0311"
"2017-01-01","Office Supplies","Storage","Consumer","Central","Netherlands","8.02","-6.44","1","-0.8019"
"2017-01-01","Office Supplies","Storage","Consumer","North","United Kingdom","1187.48","344.87","15","0.2904"
"2017-01-01","Office Supplies","Storage","Consumer","South","Spain","2157.68","-216.22","18","-0.1002"
"2017-01-01","Office Supplies","Storage","Corporate","Central","France","118.12","2.26","6","0.0192"
"2017-01-01","Office Supplies","Storage","Corporate","Central","Germany","197.73","31.23","2","0.1579"
"2017-01-01","Office Supplies","Storage","Corporate","Central","Netherlands","46.08","-38.79","3","-0.8418"
"2017-01-01","Office Supplies","Storage","Corporate","North","United Kingdom","1759.08","121.83","14","0.0693"
"2017-01-01","Office Supplies","Storage","Home Office","Central","Germany","529.29","114.03","5","0.2154"
"2017-01-01","Office Supplies","Storage","Home Office","North","United Kingdom","56.25","25.83","3","0.4592"
"2017-01-01","Office Supplies","Storage","Home Office","South","Italy","97.63","-3.26","3","-0.0334"
"2017-01-01","Office Supplies","Supplies","Consumer","Central","Austria","76.92","4.56","4","0.0593"
"2017-01-01","Office Supplies","Supplies","Consumer","Central","France","39.72","17.82","2","0.4486"
"2017-01-01","Office Supplies","Supplies","Corporate","Central","France","135.3","37.8","5","0.2794"
"2017-01-01","Office Supplies","Supplies","Corporate","South","Spain","333.36","16.56","8","0.0497"
"2017-01-01","Office Supplies","Supplies","Home Office","Central","France","124.29","33.48","3","0.2694"
"2017-01-01","Technology","Accessories","Consumer","Central","Austria","88.83","7.92","3","0.0892"
"2017-01-01","Technology","Accessories","Consumer","Central","Germany","36.12","7.2","1","0.1993"
"2017-01-01","Technology","Accessories","Consumer","North","Ireland","54.42","-43.62","4","-0.8015"
"2017-01-01","Technology","Accessories","Consumer","South","Spain","516.9","72.3","5","0.1399"
"2017-01-01","Technology","Accessories","Corporate","Central","Belgium","125.37","0","3","0"
"2017-01-01","Technology","Accessories","Corporate","Central","Netherlands","37.35","-35.91","2","-0.9614"
"2017-01-01","Technology","Accessories","Corporate","North","United Kingdom","38.72","9.89","1","0.2554"
"2017-01-01","Technology","Accessories","Home Office","South","Italy","277.8","41.55","5","0.1496"
"2017-01-01","Technology","Copiers","Consumer","North","United Kingdom","717.12","93.15","3","0.1299"
"2017-01-01","Technology","Copiers","Home Office","Central","France","242.05","-28.49","2","-0.1177"
"2017-01-01","Technology","Machines","Corporate","Central","Netherlands","181.35","-87.12","3","-0.4804"
"2017-01-01","Technology","Machines","Home Office","North","United Kingdom","799.83","167.94","3","0.21"
"2017-01-01","Technology","Phones","Consumer","Central","France","209.51","-22.21","2","-0.106"
"2017-01-01","Technology","Phones","Consumer","Central","Germany","3553.74","1052.61","7","0.2962"
"2017-01-01","Technology","Phones","Consumer","Central","Netherlands","788.85","-363.15","9","-0.4604"
"2017-01-01","Technology","Phones","Consumer","North","Ireland","409.5","-172.08","6","-0.4202"
"2017-01-01","Technology","Phones","Corporate","Central","Germany","176.88","70.74","2","0.3999"
"2017-01-01","Technology","Phones","Home Office","Central","Austria","520.11","202.77","3","0.3899"
"2017-01-01","Technology","Phones","Home Office","Central","Germany","2892.51","-96.54","5","-0.0334"
"2017-01-01","Technology","Phones","Home Office","North","United Kingdom","1275.12","497.28","7","0.39"
"2017-02-01","Furniture","Bookcases","Consumer","Central","France","611.63","149.15","4","0.2439"
"2017-02-01","Furniture","Bookcases","Consumer","North","United Kingdom","876.3","227.82","2","0.26"
"2017-02-01","Furniture","Bookcases","Corporate","Central","Germany","3083.56","878.29","8","0.2848"
"2017-02-01","Furniture","Bookcases","Corporate","South","Portugal","1322.01","-317.43","6","-0.2401"
"2017-02-01","Furniture","Bookcases","Home Office","North","Sweden","297.98","-100.94","4","-0.3387"
"2017-02-01","Furniture","Chairs","Consumer","Central","France","1161.81","52.29","13","0.045"
"2017-02-01","Furniture","Chairs","Consumer","Central","Germany","149.53","4.96","1","0.0331"
"2017-02-01","Furniture","Chairs","Corporate","South","Spain","409.03","143.08","3","0.3498"
"2017-02-01","Furniture","Chairs","Home Office","Central","Germany","256.44","83.34","5","0.325"
"2017-02-01","Furniture","Chairs","Home Office","South","Italy","428.54","-225.22","8","-0.5255"
"2017-02-01","Furniture","Furnishings","Consumer","Central","France","310.74","46.83","5","0.1507"
"2017-02-01","Furniture","Furnishings","Consumer","Central","Germany","122.94","17.19","3","0.1398"
"2017-02-01","Furniture","Furnishings","Consumer","South","Spain","127.26","19.08","3","0.1499"
"2017-02-01","Furniture","Furnishings","Corporate","Central","France","535.05","128.4","5","0.24"
"2017-02-01","Furniture","Furnishings","Corporate","Central","Germany","188.58","83.07","4","0.4405"
"2017-02-01","Furniture","Furnishings","Corporate","South","Italy","100.62","38.22","2","0.3798"
"2017-02-01","Furniture","Furnishings","Corporate","South","Portugal","142.9","-105.94","7","-0.7414"
"2017-02-01","Furniture","Furnishings","Corporate","South","Spain","486.84","232.89","11","0.4784"
"2017-02-01","Furniture","Furnishings","Home Office","Central","Germany","313.98","66.72","6","0.2125"
"2017-02-01","Furniture","Furnishings","Home Office","South","Italy","856.59","339.33","9","0.3961"
"2017-02-01","Furniture","Tables","Consumer","North","United Kingdom","2842.83","255.69","9","0.0899"
"2017-02-01","Office Supplies","Appliances","Consumer","Central","France","984.82","-7.99","17","-0.0081"
"2017-02-01","Office Supplies","Appliances","Consumer","North","United Kingdom","2614.77","1088.55","7","0.4163"
"2017-02-01","Office Supplies","Appliances","Corporate","Central","France","187.76","60.5","3","0.3222"
"2017-02-01","Office Supplies","Appliances","Home Office","North","Sweden","993.66","-655.86","4","-0.66"
"2017-02-01","Office Supplies","Appliances","Home Office","North","United Kingdom","5273.7","1898.4","10","0.36"
"2017-02-01","Office Supplies","Art","Consumer","Central","Austria","19.2","4.41","1","0.2297"
"2017-02-01","Office Supplies","Art","Consumer","Central","France","353.64","-12.87","24","-0.0364"
"2017-02-01","Office Supplies","Art","Consumer","Central","Germany","227.13","6.78","11","0.0299"
"2017-02-01","Office Supplies","Art","Consumer","South","Italy","146.73","39.15","5","0.2668"
"2017-02-01","Office Supplies","Art","Consumer","South","Spain","81.27","40.59","3","0.4994"
"2017-02-01","Office Supplies","Art","Corporate","Central","France","70.56","1.35","3","0.0191"
"2017-02-01","Office Supplies","Art","Corporate","South","Italy","94.98","17.79","5","0.1873"
"2017-02-01","Office Supplies","Art","Corporate","South","Spain","160.92","40.23","3","0.25"
"2017-02-01","Office Supplies","Art","Home Office","Central","France","117.6","27.96","8","0.2378"
"2017-02-01","Office Supplies","Art","Home Office","Central","Germany","89.25","7.05","5","0.079"
"2017-02-01","Office Supplies","Art","Home Office","North","Sweden","18.87","-9.45","2","-0.5008"
"2017-02-01","Office Supplies","Binders","Consumer","Central","Austria","338.94","101.64","7","0.2999"
"2017-02-01","Office Supplies","Binders","Consumer","Central","France","220.53","56.61","16","0.2567"
"2017-02-01","Office Supplies","Binders","Consumer","Central","Germany","122.85","17.01","9","0.1385"
"2017-02-01","Office Supplies","Binders","Consumer","North","United Kingdom","151.02","9","3","0.0596"
"2017-02-01","Office Supplies","Binders","Consumer","South","Italy","26.82","5.85","3","0.2181"
"2017-02-01","Office Supplies","Binders","Consumer","South","Spain","165.99","51.51","9","0.3103"
"2017-02-01","Office Supplies","Binders","Corporate","Central","France","489.99","99.36","27","0.2028"
"2017-02-01","Office Supplies","Binders","Corporate","Central","Germany","158.64","46.98","5","0.2961"
"2017-02-01","Office Supplies","Binders","Corporate","South","Spain","55.95","14.4","5","0.2574"
"2017-02-01","Office Supplies","Binders","Home Office","Central","Austria","44.55","7.95","5","0.1785"
"2017-02-01","Office Supplies","Binders","Home Office","Central","Germany","50.38","12.82","2","0.2545"
"2017-02-01","Office Supplies","Binders","Home Office","North","Finland","29.91","11.94","1","0.3992"
"2017-02-01","Office Supplies","Binders","Home Office","South","Italy","275.64","79.83","19","0.2896"
"2017-02-01","Office Supplies","Envelopes","Consumer","Central","France","431.91","80.04","18","0.1853"
"2017-02-01","Office Supplies","Envelopes","Consumer","Central","Germany","208.53","1.89","7","0.0091"
"2017-02-01","Office Supplies","Envelopes","Consumer","North","Sweden","92.46","-14.82","4","-0.1603"
"2017-02-01","Office Supplies","Envelopes","Consumer","North","United Kingdom","56.43","9.54","3","0.1691"
"2017-02-01","Office Supplies","Envelopes","Consumer","South","Spain","86.67","6.93","3","0.08"
"2017-02-01","Office Supplies","Envelopes","Corporate","Central","France","47.88","2.79","3","0.0583"
"2017-02-01","Office Supplies","Envelopes","Corporate","North","United Kingdom","142.05","69.6","5","0.49"
"2017-02-01","Office Supplies","Envelopes","Corporate","South","Italy","147.24","64.62","6","0.4389"
"2017-02-01","Office Supplies","Envelopes","Home Office","Central","Germany","120.78","-2.94","10","-0.0243"
"2017-02-01","Office Supplies","Fasteners","Consumer","Central","France","110.76","24.48","7","0.221"
"2017-02-01","Office Supplies","Fasteners","Consumer","North","United Kingdom","84.96","31.32","6","0.3686"
"2017-02-01","Office Supplies","Fasteners","Corporate","South","Italy","54.12","16.68","4","0.3082"
"2017-02-01","Office Supplies","Fasteners","Home Office","North","Sweden","55.44","-39.42","7","-0.711"
"2017-02-01","Office Supplies","Labels","Consumer","Central","France","56.31","18.42","6","0.3271"
"2017-02-01","Office Supplies","Labels","Consumer","Central","Germany","16.32","2.28","2","0.1397"
"2017-02-01","Office Supplies","Labels","Consumer","Central","Netherlands","32.02","-9.68","5","-0.3021"
"2017-02-01","Office Supplies","Labels","Corporate","Central","France","43.98","13.44","4","0.3056"
"2017-02-01","Office Supplies","Labels","Corporate","South","Spain","19.29","3.87","2","0.2006"
"2017-02-01","Office Supplies","Paper","Corporate","Central","Germany","181.56","36.09","7","0.1988"
"2017-02-01","Office Supplies","Paper","Corporate","North","United Kingdom","69.97","-28.12","5","-0.4019"
"2017-02-01","Office Supplies","Paper","Corporate","South","Spain","225.63","37.62","9","0.1667"
"2017-02-01","Office Supplies","Paper","Home Office","Central","France","456.96","66.69","12","0.1459"
"2017-02-01","Office Supplies","Paper","Home Office","Central","Germany","307.86","141.54","14","0.4598"
"2017-02-01","Office Supplies","Paper","Home Office","North","Sweden","58.74","-31.38","6","-0.5342"
"2017-02-01","Office Supplies","Paper","Home Office","North","United Kingdom","111.72","40.2","4","0.3598"
"2017-02-01","Office Supplies","Storage","Consumer","Central","France","1124.12","210.98","18","0.1877"
"2017-02-01","Office Supplies","Storage","Consumer","Central","Germany","824.07","-37.53","20","-0.0455"
"2017-02-01","Office Supplies","Storage","Consumer","Central","Netherlands","694.47","-458.43","7","-0.6601"
"2017-02-01","Office Supplies","Storage","Consumer","North","United Kingdom","237.75","30.9","5","0.13"
"2017-02-01","Office Supplies","Storage","Consumer","South","Spain","43.2","17.28","1","0.4"
"2017-02-01","Office Supplies","Storage","Corporate","South","Spain","292.73","35.69","6","0.1219"
"2017-02-01","Office Supplies","Storage","Home Office","Central","France","890.6","-0.1","5","-0.0001"
"2017-02-01","Office Supplies","Storage","Home Office","North","United Kingdom","423.3","186.24","2","0.44"
"2017-02-01","Office Supplies","Supplies","Consumer","Central","France","250.8","54.96","8","0.2191"
"2017-02-01","Office Supplies","Supplies","Consumer","Central","Germany","450.18","178.2","15","0.3958"
"2017-02-01","Office Supplies","Supplies","Consumer","North","United Kingdom","66","17.7","5","0.2682"
"2017-02-01","Office Supplies","Supplies","Corporate","North","United Kingdom","71.73","15.75","3","0.2196"
"2017-02-01","Office Supplies","Supplies","Corporate","South","Spain","49.68","23.34","2","0.4698"
"2017-02-01","Office Supplies","Supplies","Home Office","South","Italy","178.32","51.6","4","0.2894"
"2017-02-01","Technology","Accessories","Consumer","Central","France","1011.06","101.25","13","0.1001"
"2017-02-01","Technology","Accessories","Consumer","Central","Netherlands","290.77","-116.32","5","-0.4001"
"2017-02-01","Technology","Accessories","Consumer","North","United Kingdom","743.13","349.2","3","0.4699"
"2017-02-01","Technology","Accessories","Corporate","Central","France","596.16","48.78","4","0.0818"
"2017-02-01","Technology","Accessories","Corporate","South","Spain","1026.24","482.28","4","0.4699"
"2017-02-01","Technology","Accessories","Home Office","North","United Kingdom","161.16","19.32","4","0.1199"
"2017-02-01","Technology","Copiers","Consumer","Central","France","965.05","-68.15","3","-0.0706"
"2017-02-01","Technology","Copiers","Consumer","South","Spain","950.22","208.98","3","0.2199"
"2017-02-01","Technology","Copiers","Corporate","Central","Germany","1347.57","444.57","7","0.3299"
"2017-02-01","Technology","Copiers","Corporate","South","Spain","2879.82","1295.73","9","0.4499"
"2017-02-01","Technology","Copiers","Home Office","Central","France","655.86","50.1","4","0.0764"
"2017-02-01","Technology","Copiers","Home Office","North","United Kingdom","1429.44","471.6","4","0.3299"
"2017-02-01","Technology","Machines","Consumer","Central","France","277.92","62.1","3","0.2235"
"2017-02-01","Technology","Machines","Consumer","North","United Kingdom","234.06","56.16","2","0.2399"
"2017-02-01","Technology","Machines","Consumer","South","Spain","441.77","73.58","3","0.1666"
"2017-02-01","Technology","Machines","Corporate","South","Spain","474.55","26.35","2","0.0555"
"2017-02-01","Technology","Machines","Home Office","Central","France","710.46","-65.1","4","-0.0916"
"2017-02-01","Technology","Machines","Home Office","South","Italy","1508.26","-980.54","8","-0.6501"
"2017-02-01","Technology","Phones","Consumer","Central","France","419.02","-44.42","4","-0.106"
"2017-02-01","Technology","Phones","Corporate","Central","France","1083.75","165.75","2","0.1529"
"2017-02-01","Technology","Phones","Corporate","South","Italy","221.9","-99.88","2","-0.4501"
"2017-02-01","Technology","Phones","Corporate","South","Portugal","773.4","-680.7","10","-0.8801"
"2017-03-01","Furniture","Bookcases","Consumer","Central","France","306.61","-13.67","2","-0.0446"
"2017-03-01","Furniture","Bookcases","Consumer","Central","Germany","2235.57","546.39","12","0.2444"
"2017-03-01","Furniture","Bookcases","Consumer","North","Finland","1236.33","383.22","3","0.31"
"2017-03-01","Furniture","Bookcases","Consumer","South","Italy","345.24","106.98","2","0.3099"
"2017-03-01","Furniture","Bookcases","Consumer","South","Spain","585.12","87.72","4","0.1499"
"2017-03-01","Furniture","Bookcases","Corporate","Central","France","329.1","3.63","1","0.011"
"2017-03-01","Furniture","Bookcases","Home Office","Central","Germany","370.58","115.28","1","0.3111"
"2017-03-01","Furniture","Bookcases","Home Office","Central","Netherlands","511.02","-449.82","6","-0.8802"
"2017-03-01","Furniture","Chairs","Consumer","Central","France","133.49","-4.48","3","-0.0336"
"2017-03-01","Furniture","Chairs","Consumer","Central","Germany","245.92","79.24","4","0.3222"
"2017-03-01","Furniture","Chairs","Corporate","Central","France","2092.5","720.75","5","0.3444"
"2017-03-01","Furniture","Chairs","Corporate","North","United Kingdom","412.2","148.32","3","0.3598"
"2017-03-01","Furniture","Chairs","Home Office","Central","France","563.52","68.61","9","0.1217"
"2017-03-01","Furniture","Chairs","Home Office","Central","Netherlands","2570.86","-2211.16","11","-0.8601"
"2017-03-01","Furniture","Furnishings","Consumer","Central","Germany","245.88","34.38","6","0.1398"
"2017-03-01","Furniture","Furnishings","Corporate","Central","France","52.38","25.11","3","0.4794"
"2017-03-01","Furniture","Furnishings","Corporate","North","Sweden","116.34","-157.11","5","-1"
"2017-03-01","Furniture","Tables","Consumer","Central","Netherlands","311.47","-643.73","2","-1"
"2017-03-01","Furniture","Tables","Corporate","South","Italy","453.48","0","2","0"
"2017-03-01","Office Supplies","Appliances","Consumer","Central","France","132.3","45.54","4","0.3442"
"2017-03-01","Office Supplies","Appliances","Consumer","North","United Kingdom","2698.65","890.46","9","0.33"
"2017-03-01","Office Supplies","Appliances","Corporate","Central","France","231.52","79.69","7","0.3442"
"2017-03-01","Office Supplies","Appliances","Home Office","Central","Austria","126.27","2.52","3","0.02"
"2017-03-01","Office Supplies","Appliances","Home Office","South","Italy","325.26","74.7","6","0.2297"
"2017-03-01","Office Supplies","Art","Consumer","Central","Austria","133.29","43.92","3","0.3295"
"2017-03-01","Office Supplies","Art","Consumer","Central","France","271.47","33.48","11","0.1233"
"2017-03-01","Office Supplies","Art","Consumer","Central","Germany","62.64","-0.72","4","-0.0115"
"2017-03-01","Office Supplies","Art","Consumer","North","Finland","75.15","4.5","3","0.0599"
"2017-03-01","Office Supplies","Art","Consumer","North","United Kingdom","299.58","94.92","11","0.3168"
"2017-03-01","Office Supplies","Art","Consumer","South","Italy","106.56","9.48","4","0.089"
"2017-03-01","Office Supplies","Art","Consumer","South","Spain","116.82","27.24","6","0.2332"
"2017-03-01","Office Supplies","Art","Corporate","Central","France","98.85","41.4","5","0.4188"
"2017-03-01","Office Supplies","Art","Corporate","Central","Germany","53.55","4.23","3","0.079"
"2017-03-01","Office Supplies","Art","Corporate","Central","Netherlands","208.44","-100.17","9","-0.4806"
"2017-03-01","Office Supplies","Art","Corporate","South","Spain","137.25","63.09","3","0.4597"
"2017-03-01","Office Supplies","Art","Home Office","Central","Germany","113.58","45.36","6","0.3994"
"2017-03-01","Office Supplies","Art","Home Office","Central","Netherlands","55.86","-43.62","4","-0.7809"
"2017-03-01","Office Supplies","Binders","Consumer","Central","Austria","295.8","50.1","10","0.1694"
"2017-03-01","Office Supplies","Binders","Consumer","Central","France","493.2","225.96","21","0.4582"
"2017-03-01","Office Supplies","Binders","Consumer","Central","Germany","270.72","47.52","7","0.1755"
"2017-03-01","Office Supplies","Binders","Consumer","North","United Kingdom","302.16","89.64","12","0.2967"
"2017-03-01","Office Supplies","Binders","Consumer","South","Italy","64.53","12.6","6","0.1953"
"2017-03-01","Office Supplies","Binders","Corporate","Central","Austria","21.06","4.8","2","0.2279"
"2017-03-01","Office Supplies","Binders","Corporate","Central","France","499.08","179.43","16","0.3595"
"2017-03-01","Office Supplies","Binders","Corporate","Central","Netherlands","69.66","-30.78","9","-0.4419"
"2017-03-01","Office Supplies","Binders","Home Office","Central","France","151.65","16.65","3","0.1098"
"2017-03-01","Office Supplies","Envelopes","Consumer","Central","France","29.7","11.88","3","0.4"
"2017-03-01","Office Supplies","Envelopes","Consumer","Central","Germany","213.78","104.58","7","0.4892"
"2017-03-01","Office Supplies","Envelopes","Consumer","Central","Netherlands","28.26","-0.63","3","-0.0223"
"2017-03-01","Office Supplies","Envelopes","Consumer","North","United Kingdom","86.7","23.4","5","0.2699"
"2017-03-01","Office Supplies","Envelopes","Corporate","North","United Kingdom","332.01","119.49","7","0.3599"
"2017-03-01","Office Supplies","Envelopes","Corporate","South","Italy","141.3","26.82","6","0.1898"
"2017-03-01","Office Supplies","Envelopes","Corporate","South","Spain","39.48","4.32","2","0.1094"
"2017-03-01","Office Supplies","Envelopes","Home Office","Central","Germany","159.21","3.03","9","0.019"
"2017-03-01","Office Supplies","Fasteners","Consumer","Central","Germany","24.06","6.12","2","0.2544"
"2017-03-01","Office Supplies","Fasteners","Consumer","North","Finland","33.18","10.92","2","0.3291"
"2017-03-01","Office Supplies","Fasteners","Consumer","South","Spain","30.06","12","2","0.3992"
"2017-03-01","Office Supplies","Fasteners","Corporate","Central","Germany","81.45","28.5","5","0.3499"
"2017-03-01","Office Supplies","Fasteners","Corporate","North","United Kingdom","13.53","4.5","1","0.3324"
"2017-03-01","Office Supplies","Fasteners","Home Office","North","United Kingdom","56.16","8.91","3","0.1587"
"2017-03-01","Office Supplies","Labels","Consumer","Central","France","22.5","4.02","2","0.1787"
"2017-03-01","Office Supplies","Labels","Consumer","Central","Germany","33.57","3.96","3","0.118"
"2017-03-01","Office Supplies","Labels","Consumer","Central","Netherlands","18.36","-6.3","3","-0.3431"
"2017-03-01","Office Supplies","Labels","Corporate","Central","France","9.12","3.24","2","0.3553"
"2017-03-01","Office Supplies","Labels","Corporate","Central","Germany","17.28","7.92","2","0.4583"
"2017-03-01","Office Supplies","Labels","Home Office","Central","Austria","76.68","11.16","8","0.1455"
"2017-03-01","Office Supplies","Labels","Home Office","Central","Germany","18.81","8.82","3","0.4689"
"2017-03-01","Office Supplies","Paper","Consumer","Central","Germany","122.76","36.78","5","0.2996"
"2017-03-01","Office Supplies","Paper","Consumer","North","United Kingdom","45.09","22.53","1","0.4997"
"2017-03-01","Office Supplies","Paper","Consumer","South","Spain","73.56","3.6","4","0.0489"
"2017-03-01","Office Supplies","Paper","Home Office","South","Italy","61.74","28.98","3","0.4694"
"2017-03-01","Office Supplies","Paper","Home Office","South","Spain","184.38","92.19","7","0.5"
"2017-03-01","Office Supplies","Storage","Consumer","Central","Belgium","283.2","48.12","2","0.1699"
"2017-03-01","Office Supplies","Storage","Consumer","Central","France","791.72","277.67","5","0.3507"
"2017-03-01","Office Supplies","Storage","Consumer","Central","Germany","1410.75","219.15","16","0.1553"
"2017-03-01","Office Supplies","Storage","Consumer","North","Finland","426.24","68.13","3","0.1598"
"2017-03-01","Office Supplies","Storage","Consumer","South","Spain","356.24","-0.04","2","-0.0001"
"2017-03-01","Office Supplies","Storage","Corporate","Central","France","341.25","86.91","9","0.2547"
"2017-03-01","Office Supplies","Storage","Corporate","South","Italy","337.64","-19.96","7","-0.0591"
"2017-03-01","Office Supplies","Storage","Home Office","Central","Austria","72.03","20.79","7","0.2886"
"2017-03-01","Office Supplies","Storage","Home Office","North","United Kingdom","41.04","10.56","4","0.2573"
"2017-03-01","Office Supplies","Supplies","Consumer","Central","France","59.22","24.24","2","0.4093"
"2017-03-01","Office Supplies","Supplies","Consumer","Central","Germany","225.54","13.5","6","0.0599"
"2017-03-01","Office Supplies","Supplies","Corporate","Central","France","503.4","105.18","13","0.2089"
"2017-03-01","Office Supplies","Supplies","Corporate","Central","Germany","144.6","7.2","5","0.0498"
"2017-03-01","Technology","Accessories","Consumer","Central","Germany","245.76","73.68","8","0.2998"
"2017-03-01","Technology","Accessories","Corporate","Central","Austria","130.32","12.96","3","0.0994"
"2017-03-01","Technology","Accessories","Corporate","South","Italy","331.92","53.04","4","0.1598"
"2017-03-01","Technology","Accessories","Corporate","South","Spain","173.88","53.82","3","0.3095"
"2017-03-01","Technology","Accessories","Home Office","North","United Kingdom","166.08","53.04","4","0.3194"
"2017-03-01","Technology","Copiers","Corporate","Central","France","667.92","-110.04","3","-0.1647"
"2017-03-01","Technology","Copiers","Corporate","South","Italy","527.16","131.76","2","0.2499"
"2017-03-01","Technology","Machines","Consumer","Central","France","566.71","179.83","8","0.3173"
"2017-03-01","Technology","Machines","Consumer","North","United Kingdom","621.18","236.04","2","0.38"
"2017-03-01","Technology","Machines","Consumer","South","Italy","60.48","-26.22","2","-0.4335"
"2017-03-01","Technology","Machines","Home Office","Central","France","101.41","23.83","1","0.235"
"2017-03-01","Technology","Machines","Home Office","Central","Germany","861.6","198.15","5","0.23"
"2017-03-01","Technology","Phones","Consumer","Central","Austria","464.04","27.81","3","0.0599"
"2017-03-01","Technology","Phones","Consumer","Central","France","350.01","46.35","4","0.1324"
"2017-03-01","Technology","Phones","Consumer","Central","Germany","1138.32","112.56","8","0.0989"
"2017-03-01","Technology","Phones","Consumer","North","Finland","262.14","28.8","2","0.1099"
"2017-03-01","Technology","Phones","Corporate","Central","France","779.28","-0.12","5","-0.0002"
"2017-04-01","Furniture","Bookcases","Consumer","Central","France","1615.9","277.78","12","0.1719"
"2017-04-01","Furniture","Bookcases","Consumer","Central","Germany","907.42","110.86","8","0.1222"
"2017-04-01","Furniture","Bookcases","Consumer","South","Italy","1242.81","397.62","3","0.3199"
"2017-04-01","Furniture","Bookcases","Corporate","South","Spain","370.53","40.68","3","0.1098"
"2017-04-01","Furniture","Chairs","Consumer","Central","Germany","507.28","174.64","4","0.3443"
"2017-04-01","Furniture","Chairs","Corporate","Central","Germany","720.48","135.03","5","0.1874"
"2017-04-01","Furniture","Chairs","Home Office","Central","France","129.6","15.84","2","0.1222"
"2017-04-01","Furniture","Furnishings","Consumer","Central","Austria","146.79","20.52","3","0.1398"
"2017-04-01","Furniture","Furnishings","Consumer","Central","France","37.8","6","2","0.1587"
"2017-04-01","Furniture","Furnishings","Consumer","South","Italy","444.72","208.92","4","0.4698"
"2017-04-01","Furniture","Furnishings","Corporate","Central","France","126.45","6.3","5","0.0498"
"2017-04-01","Furniture","Furnishings","Corporate","South","Italy","329.94","16.47","3","0.0499"
"2017-04-01","Furniture","Furnishings","Home Office","Central","France","259.5","57","5","0.2197"
"2017-04-01","Furniture","Tables","Corporate","Central","Netherlands","515.86","-395.54","2","-0.7668"
"2017-04-01","Office Supplies","Appliances","Corporate","Central","France","1339.42","223.24","3","0.1667"
"2017-04-01","Office Supplies","Appliances","Corporate","Central","Germany","123.55","37.03","4","0.2997"
"2017-04-01","Office Supplies","Appliances","Corporate","South","Spain","2636.85","949.2","5","0.36"
"2017-04-01","Office Supplies","Art","Consumer","Central","France","361.8","79.29","9","0.2192"
"2017-04-01","Office Supplies","Art","Consumer","Central","Germany","70.35","34.44","7","0.4896"
"2017-04-01","Office Supplies","Art","Consumer","North","Finland","37.86","13.62","2","0.3597"
"2017-04-01","Office Supplies","Art","Corporate","Central","France","145.05","59.4","5","0.4095"
"2017-04-01","Office Supplies","Art","Corporate","South","Italy","336.75","102.6","9","0.3047"
"2017-04-01","Office Supplies","Art","Corporate","South","Spain","48.57","12.42","3","0.2557"
"2017-04-01","Office Supplies","Art","Home Office","Central","Austria","107.4","8.58","2","0.0799"
"2017-04-01","Office Supplies","Art","Home Office","North","United Kingdom","53.55","4.23","3","0.079"
"2017-04-01","Office Supplies","Binders","Consumer","Central","Germany","30.1","5.2","5","0.1729"
"2017-04-01","Office Supplies","Binders","Consumer","North","Sweden","14.96","-3.02","1","-0.2016"
"2017-04-01","Office Supplies","Binders","Consumer","South","Italy","66.45","1.95","5","0.0293"
"2017-04-01","Office Supplies","Binders","Consumer","South","Spain","144.12","31.2","8","0.2165"
"2017-04-01","Office Supplies","Binders","Corporate","Central","France","146.37","59.58","9","0.4071"
"2017-04-01","Office Supplies","Binders","Corporate","Central","Germany","39.87","1.17","3","0.0293"
"2017-04-01","Office Supplies","Binders","Corporate","South","Italy","30.63","10.92","5","0.3565"
"2017-04-01","Office Supplies","Binders","Home Office","Central","Belgium","103.56","18.6","2","0.1796"
"2017-04-01","Office Supplies","Binders","Home Office","Central","Netherlands","8.94","-5.04","2","-0.5638"
"2017-04-01","Office Supplies","Binders","Home Office","North","Ireland","19.98","-3.6","3","-0.1802"
"2017-04-01","Office Supplies","Binders","Home Office","North","United Kingdom","26.82","5.85","3","0.2181"
"2017-04-01","Office Supplies","Envelopes","Consumer","Central","Germany","78.57","39.24","3","0.4994"
"2017-04-01","Office Supplies","Envelopes","Consumer","North","Sweden","42.62","-0.86","3","-0.0201"
"2017-04-01","Office Supplies","Envelopes","Consumer","South","Italy","11.91","2.85","1","0.2393"
"2017-04-01","Office Supplies","Envelopes","Corporate","Central","France","52.98","5.82","2","0.1099"
"2017-04-01","Office Supplies","Envelopes","Corporate","Central","Germany","74.07","5.85","3","0.079"
"2017-04-01","Office Supplies","Envelopes","Home Office","North","Ireland","34.65","-33.27","2","-0.9602"
"2017-04-01","Office Supplies","Fasteners","Consumer","North","United Kingdom","21.96","9","2","0.4098"
"2017-04-01","Office Supplies","Fasteners","Consumer","South","Italy","32.4","4.86","3","0.15"
"2017-04-01","Office Supplies","Fasteners","Corporate","Central","France","42.21","15.57","3","0.3689"
"2017-04-01","Office Supplies","Labels","Consumer","Central","France","73.44","10.26","9","0.1397"
"2017-04-01","Office Supplies","Labels","Consumer","North","Norway","28.08","0","3","0"
"2017-04-01","Office Supplies","Labels","Consumer","South","Italy","19.71","7.83","3","0.3973"
"2017-04-01","Office Supplies","Labels","Corporate","Central","France","27.81","12.78","3","0.4595"
"2017-04-01","Office Supplies","Labels","Corporate","South","Italy","25.11","1.71","3","0.0681"
"2017-04-01","Office Supplies","Paper","Corporate","Central","France","39.78","12.69","3","0.319"
"2017-04-01","Office Supplies","Paper","Corporate","South","Italy","142.5","14.25","5","0.1"
"2017-04-01","Office Supplies","Paper","Corporate","South","Spain","363","110.16","12","0.3035"
"2017-04-01","Office Supplies","Paper","Home Office","Central","France","140.88","28.08","8","0.1993"
"2017-04-01","Office Supplies","Storage","Consumer","Central","France","2007.78","362.46","21","0.1805"
"2017-04-01","Office Supplies","Storage","Consumer","North","Finland","52.56","16.29","3","0.3099"
"2017-04-01","Office Supplies","Storage","Consumer","South","Italy","203.26","-50.9","6","-0.2504"
"2017-04-01","Office Supplies","Storage","Corporate","Central","France","474.69","175.65","12","0.37"
"2017-04-01","Office Supplies","Storage","Corporate","Central","Germany","130.1","1.58","3","0.0122"
"2017-04-01","Office Supplies","Storage","Corporate","Central","Netherlands","191.2","-187.42","3","-0.9802"
"2017-04-01","Office Supplies","Storage","Corporate","South","Italy","593.73","-296.97","5","-0.5002"
"2017-04-01","Office Supplies","Storage","Home Office","Central","France","753.03","259.77","11","0.345"
"2017-04-01","Office Supplies","Supplies","Consumer","Central","France","116.12","-8.26","7","-0.0712"
"2017-04-01","Office Supplies","Supplies","Consumer","Central","Germany","83.79","34.29","3","0.4092"
"2017-04-01","Office Supplies","Supplies","Consumer","North","United Kingdom","351.36","129.84","8","0.3695"
"2017-04-01","Office Supplies","Supplies","Corporate","South","Spain","177.3","21.24","6","0.1198"
"2017-04-01","Office Supplies","Supplies","Home Office","Central","Belgium","56.76","26.64","2","0.4693"
"2017-04-01","Office Supplies","Supplies","Home Office","Central","Germany","166.68","8.28","4","0.0497"
"2017-04-01","Technology","Accessories","Consumer","Central","France","465.24","139.56","4","0.3"
"2017-04-01","Technology","Accessories","Consumer","South","Italy","232.62","69.78","2","0.3"
"2017-04-01","Technology","Accessories","Corporate","Central","France","42.15","13.89","1","0.3295"
"2017-04-01","Technology","Accessories","Corporate","South","Italy","512.28","204.9","2","0.4"
"2017-04-01","Technology","Accessories","Home Office","Central","Netherlands","138.9","-138.9","5","-1"
"2017-04-01","Technology","Copiers","Consumer","Central","France","406.37","-9.61","2","-0.0237"
"2017-04-01","Technology","Copiers","Consumer","Central","Germany","264.22","2.92","2","0.0111"
"2017-04-01","Technology","Copiers","Consumer","South","Italy","174.33","71.46","1","0.4099"
"2017-04-01","Technology","Copiers","Corporate","Central","France","286.01","63.89","2","0.2234"
"2017-04-01","Technology","Copiers","Corporate","South","Italy","1225.65","416.7","5","0.34"
"2017-04-01","Technology","Copiers","Corporate","South","Spain","612.45","159.15","5","0.2599"
"2017-04-01","Technology","Copiers","Home Office","North","Ireland","482.04","-144.63","3","-0.3"
"2017-04-01","Technology","Machines","Consumer","Central","France","932.69","40.37","4","0.0433"
"2017-04-01","Technology","Machines","Corporate","Central","France","2752.34","460.28","14","0.1672"
"2017-04-01","Technology","Machines","Corporate","Central","Germany","78.27","10.41","1","0.133"
"2017-04-01","Technology","Machines","Home Office","Central","France","510.31","-24.05","2","-0.0471"
"2017-04-01","Technology","Phones","Consumer","Central","France","3733.58","396.23","15","0.1061"
"2017-04-01","Technology","Phones","Consumer","North","Finland","910.35","200.25","5","0.22"
"2017-04-01","Technology","Phones","Consumer","South","Italy","300.4","-125.21","3","-0.4168"
"2017-04-01","Technology","Phones","Corporate","Central","Netherlands","227.74","-113.9","3","-0.5001"
"2017-04-01","Technology","Phones","Home Office","Central","France","387.4","31.9","6","0.0823"
"2017-04-01","Technology","Phones","Home Office","Central","Netherlands","166.83","-73.41","2","-0.44"
"2017-05-01","Furniture","Bookcases","Consumer","Central","Germany","367.98","-114.3","5","-0.3106"
"2017-05-01","Furniture","Bookcases","Corporate","Central","France","593.35","10.93","3","0.0184"
"2017-05-01","Furniture","Bookcases","Home Office","Central","France","1487.81","132.17","4","0.0888"
"2017-05-01","Furniture","Chairs","Consumer","Central","Germany","942.44","178.64","10","0.1895"
"2017-05-01","Furniture","Chairs","Consumer","Central","Switzerland","324.06","9.72","2","0.03"
"2017-05-01","Furniture","Chairs","Consumer","North","Denmark","920.4","-276.12","4","-0.3"
"2017-05-01","Furniture","Chairs","Consumer","North","United Kingdom","204.93","79.92","3","0.39"
"2017-05-01","Furniture","Chairs","Corporate","Central","France","614.57","247.67","8","0.403"
"2017-05-01","Furniture","Chairs","Corporate","Central","Netherlands","126.78","-55.86","4","-0.4406"
"2017-05-01","Furniture","Furnishings","Consumer","Central","France","136.8","32.64","8","0.2386"
"2017-05-01","Furniture","Furnishings","Consumer","Central","Germany","222.36","104.46","2","0.4698"
"2017-05-01","Furniture","Furnishings","Corporate","Central","France","329.67","125.19","3","0.3797"
"2017-05-01","Furniture","Furnishings","Corporate","Central","Netherlands","42.84","5.34","1","0.1246"
"2017-05-01","Furniture","Furnishings","Corporate","North","United Kingdom","93.11","-62.08","7","-0.6667"
"2017-05-01","Furniture","Tables","Consumer","Central","Germany","1726.34","-478.06","5","-0.2769"
"2017-05-01","Furniture","Tables","Consumer","North","United Kingdom","668.34","267.3","2","0.3999"
"2017-05-01","Furniture","Tables","Corporate","Central","France","1207.5","-309.27","4","-0.2561"
"2017-05-01","Office Supplies","Appliances","Consumer","Central","France","929.18","129.38","8","0.1392"
"2017-05-01","Office Supplies","Appliances","Consumer","Central","Germany","30.89","9.26","1","0.2997"
"2017-05-01","Office Supplies","Appliances","Consumer","Central","Netherlands","543.09","-130.35","2","-0.24"
"2017-05-01","Office Supplies","Appliances","Consumer","North","United Kingdom","566.61","28.32","1","0.05"
"2017-05-01","Office Supplies","Appliances","Corporate","Central","France","273.89","109.49","8","0.3998"
"2017-05-01","Office Supplies","Appliances","Corporate","South","Italy","1609.29","273.51","3","0.17"
"2017-05-01","Office Supplies","Appliances","Home Office","South","Italy","116.52","51.24","2","0.4398"
"2017-05-01","Office Supplies","Art","Consumer","Central","France","264.18","50.4","9","0.1908"
"2017-05-01","Office Supplies","Art","Consumer","Central","Germany","1284.05","282.35","35","0.2199"
"2017-05-01","Office Supplies","Art","Consumer","North","Norway","206.52","35.04","4","0.1697"
"2017-05-01","Office Supplies","Art","Consumer","North","United Kingdom","268.56","54.39","9","0.2025"
"2017-05-01","Office Supplies","Art","Consumer","South","Italy","442.74","151.86","13","0.343"
"2017-05-01","Office Supplies","Art","Consumer","South","Spain","164.7","29.61","3","0.1798"
"2017-05-01","Office Supplies","Art","Corporate","Central","France","256.74","69","10","0.2688"
"2017-05-01","Office Supplies","Art","Corporate","Central","Germany","256.41","33.48","9","0.1306"
"2017-05-01","Office Supplies","Art","Corporate","North","Sweden","111.75","-69.3","5","-0.6201"
"2017-05-01","Office Supplies","Art","Home Office","Central","France","267.03","87.9","11","0.3292"
"2017-05-01","Office Supplies","Art","Home Office","Central","Germany","565.38","108.12","13","0.1912"
"2017-05-01","Office Supplies","Art","Home Office","Central","Netherlands","138.96","-66.78","6","-0.4806"
"2017-05-01","Office Supplies","Binders","Consumer","Central","France","339.42","87.36","22","0.2574"
"2017-05-01","Office Supplies","Binders","Consumer","Central","Germany","326.55","114.57","20","0.3508"
"2017-05-01","Office Supplies","Binders","Consumer","North","Norway","240.96","45.6","8","0.1892"
"2017-05-01","Office Supplies","Binders","Consumer","North","United Kingdom","34.29","12.33","3","0.3596"
"2017-05-01","Office Supplies","Binders","Consumer","South","Italy","347.82","142.56","11","0.4099"
"2017-05-01","Office Supplies","Binders","Consumer","South","Spain","20.07","5.13","3","0.2556"
"2017-05-01","Office Supplies","Binders","Corporate","Central","France","182.58","32.79","13","0.1796"
"2017-05-01","Office Supplies","Binders","Corporate","Central","Germany","16.74","6.18","2","0.3692"
"2017-05-01","Office Supplies","Binders","Corporate","North","Sweden","11.55","-6.03","2","-0.5221"
"2017-05-01","Office Supplies","Binders","Corporate","North","United Kingdom","48.03","15.21","5","0.3167"
"2017-05-01","Office Supplies","Binders","Corporate","South","Italy","9.78","2.34","2","0.2393"
"2017-05-01","Office Supplies","Binders","Home Office","Central","France","158.76","72.99","3","0.4598"
"2017-05-01","Office Supplies","Binders","Home Office","Central","Germany","43.2","2.16","3","0.05"
"2017-05-01","Office Supplies","Binders","Home Office","South","Italy","30.66","1.5","2","0.0489"
"2017-05-01","Office Supplies","Envelopes","Consumer","Central","France","136.95","45.15","5","0.3297"
"2017-05-01","Office Supplies","Envelopes","Consumer","Central","Germany","147.84","33.96","4","0.2297"
"2017-05-01","Office Supplies","Envelopes","Consumer","Central","Switzerland","122.94","49.14","6","0.3997"
"2017-05-01","Office Supplies","Envelopes","Consumer","North","Denmark","26.01","-11.97","3","-0.4602"
"2017-05-01","Office Supplies","Envelopes","Consumer","North","United Kingdom","53.3","0.56","3","0.0105"
"2017-05-01","Office Supplies","Envelopes","Consumer","South","Italy","277.68","96.84","7","0.3487"
"2017-05-01","Office Supplies","Envelopes","Corporate","Central","Germany","40.98","16.38","2","0.3997"
"2017-05-01","Office Supplies","Fasteners","Consumer","Central","Germany","53.19","13.59","5","0.2555"
"2017-05-01","Office Supplies","Fasteners","Consumer","North","United Kingdom","43.92","15.36","4","0.3497"
"2017-05-01","Office Supplies","Fasteners","Corporate","Central","Germany","21.96","7.68","2","0.3497"
"2017-05-01","Office Supplies","Fasteners","Home Office","Central","Germany","41.4","7.83","3","0.1891"
"2017-05-01","Office Supplies","Labels","Consumer","Central","France","37.26","8.91","3","0.2391"
"2017-05-01","Office Supplies","Labels","Consumer","Central","Germany","27.66","9.42","3","0.3406"
"2017-05-01","Office Supplies","Labels","Corporate","Central","Germany","25.92","11.88","3","0.4583"
"2017-05-01","Office Supplies","Labels","Corporate","Central","Netherlands","15.48","-5.94","3","-0.3837"
"2017-05-01","Office Supplies","Paper","Consumer","Central","France","118.17","20.73","8","0.1754"
"2017-05-01","Office Supplies","Paper","Consumer","Central","Germany","116.73","12.69","6","0.1087"
"2017-05-01","Office Supplies","Paper","Consumer","South","Italy","205.8","96.6","10","0.4694"
"2017-05-01","Office Supplies","Paper","Corporate","North","United Kingdom","249","29.85","5","0.1199"
"2017-05-01","Office Supplies","Paper","Home Office","North","United Kingdom","172.56","53.7","10","0.3112"
"2017-05-01","Office Supplies","Storage","Consumer","Central","France","46.17","8.07","5","0.1748"
"2017-05-01","Office Supplies","Storage","Consumer","Central","Germany","271.24","107.2","7","0.3952"
"2017-05-01","Office Supplies","Storage","Consumer","Central","Netherlands","636.3","-152.82","6","-0.2402"
"2017-05-01","Office Supplies","Storage","Consumer","North","Denmark","16.16","-16.16","3","-1"
"2017-05-01","Office Supplies","Storage","Consumer","North","United Kingdom","852.09","217.53","12","0.2553"
"2017-05-01","Office Supplies","Storage","Consumer","South","Italy","1280.57","-134.95","15","-0.1054"
"2017-05-01","Office Supplies","Storage","Consumer","South","Spain","535.65","232.08","3","0.4333"
"2017-05-01","Office Supplies","Storage","Corporate","Central","France","376.46","29.06","3","0.0772"
"2017-05-01","Office Supplies","Storage","Corporate","Central","Germany","96.71","2.09","2","0.0217"
"2017-05-01","Office Supplies","Storage","Corporate","South","Spain","204.34","19.96","5","0.0977"
"2017-05-01","Office Supplies","Storage","Home Office","Central","France","44.55","7.38","3","0.1657"
"2017-05-01","Office Supplies","Storage","Home Office","South","Italy","20.95","-12.95","2","-0.618"
"2017-05-01","Office Supplies","Storage","Home Office","South","Spain","305.24","125.48","7","0.4111"
"2017-05-01","Office Supplies","Supplies","Consumer","Central","Germany","96.78","0","2","0"
"2017-05-01","Office Supplies","Supplies","Corporate","Central","Germany","88.68","25.68","2","0.2896"
"2017-05-01","Office Supplies","Supplies","Corporate","North","United Kingdom","171.88","34.36","6","0.1999"
"2017-05-01","Office Supplies","Supplies","Home Office","South","Italy","86.94","4.32","2","0.0497"
"2017-05-01","Technology","Accessories","Consumer","North","Denmark","298.83","-197.4","7","-0.6606"
"2017-05-01","Technology","Accessories","Consumer","North","Norway","113.52","21.48","4","0.1892"
"2017-05-01","Technology","Accessories","Consumer","North","Sweden","303.57","-291.51","6","-0.9603"
"2017-05-01","Technology","Accessories","Consumer","South","Italy","54.42","5.4","2","0.0992"
"2017-05-01","Technology","Accessories","Corporate","Central","France","142.68","19.92","2","0.1396"
"2017-05-01","Technology","Accessories","Corporate","Central","Germany","254.88","109.53","3","0.4297"
"2017-05-01","Technology","Accessories","Home Office","Central","Austria","147.9","14.76","2","0.0998"
"2017-05-01","Technology","Accessories","Home Office","Central","Belgium","250.38","120.15","3","0.4799"
"2017-05-01","Technology","Accessories","Home Office","Central","Germany","84.51","3.33","3","0.0394"
"2017-05-01","Technology","Copiers","Consumer","Central","France","312.66","-25.83","3","-0.0826"
"2017-05-01","Technology","Copiers","Consumer","Central","Germany","5556.45","968.79","18","0.1744"
"2017-05-01","Technology","Copiers","Consumer","Central","Netherlands","392.67","-306.36","3","-0.7802"
"2017-05-01","Technology","Copiers","Consumer","South","Italy","142.53","2.85","1","0.02"
"2017-05-01","Technology","Copiers","Corporate","Central","France","1181.06","-151.36","8","-0.1282"
"2017-05-01","Technology","Copiers","Corporate","South","Italy","2272.86","840.78","6","0.3699"
"2017-05-01","Technology","Copiers","Home Office","Central","Austria","1084.95","10.8","3","0.01"
"2017-05-01","Technology","Copiers","Home Office","North","United Kingdom","572.62","-0.02","2","0"
"2017-05-01","Technology","Copiers","Home Office","South","Italy","172.53","86.25","1","0.4999"
"2017-05-01","Technology","Machines","Consumer","Central","France","799.27","9.34","3","0.0117"
"2017-05-01","Technology","Machines","Consumer","North","United Kingdom","484.08","212.88","4","0.4398"
"2017-05-01","Technology","Machines","Corporate","Central","France","3122.48","-83.78","14","-0.0268"
"2017-05-01","Technology","Machines","Corporate","South","Italy","134.14","-71.6","3","-0.5338"
"2017-05-01","Technology","Phones","Consumer","Central","France","124.44","-14.64","2","-0.1176"
"2017-05-01","Technology","Phones","Consumer","Central","Germany","5243.25","2048.4","9","0.3907"
"2017-05-01","Technology","Phones","Consumer","North","United Kingdom","117.5","-5.26","2","-0.0447"
"2017-05-01","Technology","Phones","Corporate","Central","Germany","1282.59","298.59","10","0.2328"
"2017-05-01","Technology","Phones","Corporate","Central","Netherlands","273.3","-224.22","4","-0.8204"
"2017-05-01","Technology","Phones","Home Office","Central","France","146.48","-167.44","3","-1"
"2017-05-01","Technology","Phones","Home Office","Central","Germany","628.11","213.36","7","0.3397"
"2017-06-01","Furniture","Bookcases","Consumer","Central","France","414.53","61.82","3","0.1491"
"2017-06-01","Furniture","Bookcases","Consumer","Central","Netherlands","580.64","-197.5","3","-0.3402"
"2017-06-01","Furniture","Bookcases","Consumer","North","United Kingdom","1284.39","254.64","5","0.1983"
"2017-06-01","Furniture","Bookcases","Consumer","South","Italy","491.76","4.8","4","0.0098"
"2017-06-01","Furniture","Bookcases","Consumer","South","Spain","2476.08","1015.02","6","0.4099"
"2017-06-01","Furniture","Bookcases","Corporate","Central","France","307.26","81.9","2","0.2665"
"2017-06-01","Furniture","Bookcases","Corporate","South","Italy","368.91","92.16","3","0.2498"
"2017-06-01","Furniture","Bookcases","Home Office","Central","Austria","448.38","80.64","3","0.1798"
"2017-06-01","Furniture","Bookcases","Home Office","Central","Netherlands","71.4","-58.56","1","-0.8202"
"2017-06-01","Furniture","Chairs","Consumer","Central","France","3066.85","827.53","18","0.2698"
"2017-06-01","Furniture","Chairs","Consumer","Central","Germany","409.03","143.08","3","0.3498"
"2017-06-01","Furniture","Chairs","Consumer","Central","Netherlands","71.1","-54.09","3","-0.7608"
"2017-06-01","Furniture","Chairs","Consumer","North","United Kingdom","225.36","67.56","4","0.2998"
"2017-06-01","Furniture","Chairs","Consumer","South","Italy","78.31","-64.61","2","-0.825"
"2017-06-01","Furniture","Chairs","Corporate","Central","France","228.1","-12.74","3","-0.0559"
"2017-06-01","Furniture","Chairs","Corporate","North","Sweden","96.16","-7.7","3","-0.08"
"2017-06-01","Furniture","Chairs","Corporate","North","United Kingdom","278.28","58.32","4","0.2096"
"2017-06-01","Furniture","Chairs","Corporate","South","Spain","735.02","-183.76","2","-0.25"
"2017-06-01","Furniture","Furnishings","Consumer","Central","Austria","428.28","175.56","4","0.4099"
"2017-06-01","Furniture","Furnishings","Consumer","Central","France","984.72","249.57","18","0.2534"
"2017-06-01","Furniture","Furnishings","Consumer","Central","Germany","314.46","114.18","8","0.3631"
"2017-06-01","Furniture","Furnishings","Consumer","Central","Netherlands","369.14","77.99","9","0.2113"
"2017-06-01","Furniture","Furnishings","Consumer","North","United Kingdom","330.18","54.6","6","0.1654"
"2017-06-01","Furniture","Furnishings","Consumer","South","Italy","159.12","60.39","3","0.3795"
"2017-06-01","Furniture","Furnishings","Consumer","South","Spain","116.34","6.96","2","0.0598"
"2017-06-01","Furniture","Furnishings","Corporate","Central","France","686.04","178.89","9","0.2608"
"2017-06-01","Furniture","Furnishings","Corporate","Central","Germany","269.64","47.85","11","0.1775"
"2017-06-01","Furniture","Furnishings","Corporate","Central","Switzerland","251.1","40.05","5","0.1595"
"2017-06-01","Furniture","Furnishings","Corporate","North","Sweden","96.34","-31.46","12","-0.3266"
"2017-06-01","Furniture","Furnishings","Corporate","South","Italy","244.35","109.95","5","0.45"
"2017-06-01","Furniture","Furnishings","Home Office","Central","Austria","40.26","8.04","2","0.1997"
"2017-06-01","Furniture","Furnishings","Home Office","Central","Germany","122.94","17.19","3","0.1398"
"2017-06-01","Furniture","Furnishings","Home Office","Central","Netherlands","75.14","-2.41","5","-0.032"
"2017-06-01","Furniture","Furnishings","Home Office","South","Spain","325.8","107.46","3","0.3298"
"2017-06-01","Furniture","Tables","Consumer","Central","France","1095.8","-421.6","5","-0.3847"
"2017-06-01","Furniture","Tables","Consumer","Central","Germany","1691.24","-832.66","5","-0.4923"
"2017-06-01","Furniture","Tables","Consumer","North","United Kingdom","1771.83","456.66","3","0.2577"
"2017-06-01","Furniture","Tables","Consumer","South","Italy","989.04","-435.24","4","-0.4401"
"2017-06-01","Office Supplies","Appliances","Consumer","Central","France","899.21","79.91","2","0.0889"
"2017-06-01","Office Supplies","Appliances","Consumer","Central","Germany","1448.85","321.84","5","0.2221"
"2017-06-01","Office Supplies","Appliances","Consumer","North","United Kingdom","277.89","13.89","1","0.05"
"2017-06-01","Office Supplies","Appliances","Corporate","Central","Austria","260.52","98.88","4","0.3795"
"2017-06-01","Office Supplies","Appliances","Corporate","Central","France","552.2","104.3","2","0.1889"
"2017-06-01","Office Supplies","Appliances","Corporate","Central","Germany","165.38","56.92","5","0.3442"
"2017-06-01","Office Supplies","Appliances","Corporate","North","United Kingdom","905.13","81.45","3","0.09"
"2017-06-01","Office Supplies","Appliances","Corporate","South","Italy","2593.8","1141.2","5","0.44"
"2017-06-01","Office Supplies","Appliances","Corporate","South","Portugal","3399.66","-3059.82","12","-0.9"
"2017-06-01","Office Supplies","Appliances","Home Office","Central","Austria","1987.32","337.8","4","0.17"
"2017-06-01","Office Supplies","Art","Consumer","Central","Austria","28.98","9.54","2","0.3292"
"2017-06-01","Office Supplies","Art","Consumer","Central","France","1519.02","203.46","39","0.1339"
"2017-06-01","Office Supplies","Art","Consumer","Central","Germany","757.77","75.9","22","0.1002"
"2017-06-01","Office Supplies","Art","Consumer","Central","Netherlands","148.5","-47.07","7","-0.317"
"2017-06-01","Office Supplies","Art","Consumer","North","Finland","58.44","7.56","2","0.1294"
"2017-06-01","Office Supplies","Art","Consumer","North","United Kingdom","201.06","61.71","12","0.3069"
"2017-06-01","Office Supplies","Art","Consumer","South","Italy","261.66","63.6","12","0.2431"
"2017-06-01","Office Supplies","Art","Consumer","South","Spain","493.92","65.94","22","0.1335"
"2017-06-01","Office Supplies","Art","Corporate","Central","France","232.38","83.55","9","0.3595"
"2017-06-01","Office Supplies","Art","Corporate","Central","Germany","180.69","16.32","7","0.0903"
"2017-06-01","Office Supplies","Art","Corporate","North","Norway","51.84","7.77","1","0.1499"
"2017-06-01","Office Supplies","Art","Corporate","North","United Kingdom","579.27","156.21","15","0.2697"
"2017-06-01","Office Supplies","Art","Corporate","South","Italy","135.09","17.1","6","0.1266"
"2017-06-01","Office Supplies","Art","Home Office","Central","Austria","164.7","29.61","3","0.1798"
"2017-06-01","Office Supplies","Art","Home Office","Central","Germany","290.82","135.42","10","0.4656"
"2017-06-01","Office Supplies","Art","Home Office","North","United Kingdom","91.38","14.58","2","0.1596"
"2017-06-01","Office Supplies","Art","Home Office","South","Italy","242.16","82.32","8","0.3399"
"2017-06-01","Office Supplies","Binders","Consumer","Central","Austria","33.96","0.96","2","0.0283"
"2017-06-01","Office Supplies","Binders","Consumer","Central","France","600.15","147.36","29","0.2455"
"2017-06-01","Office Supplies","Binders","Consumer","Central","Germany","90.3","19.08","10","0.2113"
"2017-06-01","Office Supplies","Binders","Consumer","Central","Netherlands","226.26","-158.79","13","-0.7018"
"2017-06-01","Office Supplies","Binders","Consumer","North","Ireland","56.7","-41.82","10","-0.7376"
"2017-06-01","Office Supplies","Binders","Consumer","North","United Kingdom","139.98","21","14","0.15"
"2017-06-01","Office Supplies","Binders","Consumer","South","Italy","297.15","68.91","13","0.2319"
"2017-06-01","Office Supplies","Binders","Consumer","South","Spain","10.53","2.4","1","0.2279"
"2017-06-01","Office Supplies","Binders","Corporate","Central","France","142.74","53.04","6","0.3716"
"2017-06-01","Office Supplies","Binders","Corporate","Central","Germany","49.32","5.4","1","0.1095"
"2017-06-01","Office Supplies","Binders","Corporate","North","Sweden","100.68","-88.68","4","-0.8808"
"2017-06-01","Office Supplies","Binders","Corporate","North","United Kingdom","241.08","49.32","7","0.2046"
"2017-06-01","Office Supplies","Binders","Corporate","South","Italy","583.2","73.74","18","0.1264"
"2017-06-01","Office Supplies","Binders","Corporate","South","Spain","50.46","0.99","1","0.0196"
"2017-06-01","Office Supplies","Binders","Home Office","Central","Austria","58.74","20.52","2","0.3493"
"2017-06-01","Office Supplies","Binders","Home Office","Central","France","63.18","14.4","6","0.2279"
"2017-06-01","Office Supplies","Binders","Home Office","Central","Germany","85.23","28.35","15","0.3326"
"2017-06-01","Office Supplies","Binders","Home Office","Central","Netherlands","258.9","-165.9","10","-0.6408"
"2017-06-01","Office Supplies","Binders","Home Office","North","United Kingdom","33.45","8.55","5","0.2556"
"2017-06-01","Office Supplies","Binders","Home Office","South","Spain","212.4","75.24","9","0.3542"
"2017-06-01","Office Supplies","Envelopes","Consumer","Central","France","194.79","59.19","7","0.3039"
"2017-06-01","Office Supplies","Envelopes","Consumer","Central","Germany","285.12","88.02","12","0.3087"
"2017-06-01","Office Supplies","Envelopes","Consumer","Central","Netherlands","27.39","-9.33","2","-0.3406"
"2017-06-01","Office Supplies","Envelopes","Corporate","Central","France","13.44","4.95","1","0.3683"
"2017-06-01","Office Supplies","Envelopes","Corporate","North","Norway","68.67","10.98","3","0.1599"
"2017-06-01","Office Supplies","Envelopes","Corporate","North","Sweden","29.7","-16.11","3","-0.5424"
"2017-06-01","Office Supplies","Envelopes","Corporate","North","United Kingdom","152.19","49.65","10","0.3262"
"2017-06-01","Office Supplies","Envelopes","Corporate","South","Italy","99.66","9.96","2","0.0999"
"2017-06-01","Office Supplies","Envelopes","Home Office","South","Italy","258.72","59.43","7","0.2297"
"2017-06-01","Office Supplies","Fasteners","Consumer","Central","France","60.62","-54.68","9","-0.902"
"2017-06-01","Office Supplies","Fasteners","Consumer","Central","Germany","15.12","4.53","1","0.2996"
"2017-06-01","Office Supplies","Fasteners","Consumer","South","Italy","24.75","10.62","3","0.4291"
"2017-06-01","Office Supplies","Fasteners","Corporate","Central","France","42.12","2.52","3","0.0598"
"2017-06-01","Office Supplies","Fasteners","Corporate","Central","Germany","71.73","28.98","6","0.404"
"2017-06-01","Office Supplies","Fasteners","Corporate","South","Italy","48.06","12.96","3","0.2697"
"2017-06-01","Office Supplies","Fasteners","Home Office","South","Spain","44.16","6.6","4","0.1495"
"2017-06-01","Office Supplies","Labels","Consumer","Central","France","50.04","18.93","4","0.3783"
"2017-06-01","Office Supplies","Labels","Consumer","Central","Netherlands","4.8","-1.92","2","-0.4"
"2017-06-01","Office Supplies","Labels","Consumer","North","United Kingdom","11.34","1.68","1","0.1481"
"2017-06-01","Office Supplies","Labels","Corporate","Central","France","17.46","5.4","2","0.3093"
"2017-06-01","Office Supplies","Labels","Corporate","North","Sweden","19.93","-0.86","3","-0.0429"
"2017-06-01","Office Supplies","Labels","Corporate","North","United Kingdom","22.38","10.02","2","0.4477"
"2017-06-01","Office Supplies","Labels","Home Office","Central","Germany","71.52","23.52","8","0.3289"
"2017-06-01","Office Supplies","Labels","Home Office","South","Spain","69.84","21.6","8","0.3093"
"2017-06-01","Office Supplies","Paper","Consumer","Central","France","862.96","68.05","28","0.0789"
"2017-06-01","Office Supplies","Paper","Consumer","Central","Germany","132.51","17.04","7","0.1286"
"2017-06-01","Office Supplies","Paper","Consumer","Central","Netherlands","76.86","-63.09","3","-0.8208"
"2017-06-01","Office Supplies","Paper","Consumer","North","Finland","33.36","0.96","2","0.0288"
"2017-06-01","Office Supplies","Paper","Consumer","North","Ireland","13.98","-9.81","1","-0.7017"
"2017-06-01","Office Supplies","Paper","Consumer","North","United Kingdom","104.1","42.6","5","0.4092"
"2017-06-01","Office Supplies","Paper","Consumer","South","Italy","66.48","10.56","4","0.1588"
"2017-06-01","Office Supplies","Paper","Consumer","South","Portugal","54.36","-32.76","6","-0.6026"
"2017-06-01","Office Supplies","Paper","Corporate","Central","Germany","60.84","18.81","3","0.3092"
"2017-06-01","Office Supplies","Paper","Corporate","Central","Switzerland","149.4","4.35","5","0.0291"
"2017-06-01","Office Supplies","Paper","Corporate","South","Spain","181.26","41.31","6","0.2279"
"2017-06-01","Office Supplies","Paper","Home Office","Central","Austria","148.5","66.75","5","0.4495"
"2017-06-01","Office Supplies","Paper","Home Office","Central","Belgium","105.06","18.9","2","0.1799"
"2017-06-01","Office Supplies","Paper","Home Office","Central","France","33.93","13.89","1","0.4094"
"2017-06-01","Office Supplies","Paper","Home Office","Central","Netherlands","39.42","-23.67","3","-0.6005"
"2017-06-01","Office Supplies","Paper","Home Office","North","United Kingdom","106.05","17.85","7","0.1683"
"2017-06-01","Office Supplies","Storage","Consumer","Central","Austria","239.85","43.05","5","0.1795"
"2017-06-01","Office Supplies","Storage","Consumer","Central","France","333.29","58.34","13","0.175"
"2017-06-01","Office Supplies","Storage","Consumer","Central","Germany","76.8","12.48","2","0.1625"
"2017-06-01","Office Supplies","Storage","Consumer","Central","Netherlands","48.51","-17.49","2","-0.3605"
"2017-06-01","Office Supplies","Storage","Consumer","North","United Kingdom","50.62","20.2","3","0.3991"
"2017-06-01","Office Supplies","Storage","Consumer","South","Italy","47.23","-19.01","4","-0.4024"
"2017-06-01","Office Supplies","Storage","Corporate","Central","France","176.26","44.98","4","0.2552"
"2017-06-01","Office Supplies","Storage","Corporate","Central","Switzerland","269.22","126.48","2","0.4698"
"2017-06-01","Office Supplies","Storage","Corporate","North","United Kingdom","275.55","-124.38","7","-0.4514"
"2017-06-01","Office Supplies","Storage","Corporate","South","Italy","692.33","52.91","7","0.0764"
"2017-06-01","Office Supplies","Storage","Corporate","South","Spain","500.77","-12.53","11","-0.025"
"2017-06-01","Office Supplies","Storage","Home Office","Central","Austria","49.2","8.25","5","0.1677"
"2017-06-01","Office Supplies","Storage","Home Office","Central","France","172.69","15.25","4","0.0883"
"2017-06-01","Office Supplies","Storage","Home Office","Central","Germany","362.23","-4.07","3","-0.0112"
"2017-06-01","Office Supplies","Supplies","Consumer","Central","France","415.17","46.44","12","0.1119"
"2017-06-01","Office Supplies","Supplies","Consumer","Central","Germany","115.8","55.5","5","0.4793"
"2017-06-01","Office Supplies","Supplies","Consumer","Central","Netherlands","75.9","-64.02","11","-0.8435"
"2017-06-01","Office Supplies","Supplies","Consumer","South","Italy","271.47","51.66","9","0.1903"
"2017-06-01","Office Supplies","Supplies","Consumer","South","Portugal","74.34","-56.52","6","-0.7603"
"2017-06-01","Office Supplies","Supplies","Corporate","Central","France","28.86","0.24","2","0.0083"
"2017-06-01","Office Supplies","Supplies","Corporate","Central","Germany","249.54","35.1","9","0.1407"
"2017-06-01","Office Supplies","Supplies","Home Office","North","United Kingdom","115.8","55.5","5","0.4793"
"2017-06-01","Office Supplies","Supplies","Home Office","South","Italy","53.4","22.38","2","0.4191"
"2017-06-01","Technology","Accessories","Consumer","Central","France","1912.98","528.21","20","0.2761"
"2017-06-01","Technology","Accessories","Consumer","Central","Germany","1088.64","118.17","12","0.1085"
"2017-06-01","Technology","Accessories","Consumer","Central","Netherlands","72.45","-57.99","2","-0.8004"
"2017-06-01","Technology","Accessories","Corporate","North","Norway","347.67","65.97","3","0.1897"
"2017-06-01","Technology","Accessories","Corporate","North","Sweden","224.4","-13.56","4","-0.0604"
"2017-06-01","Technology","Accessories","Corporate","South","Italy","1552.5","62.1","6","0.04"
"2017-06-01","Technology","Accessories","Home Office","Central","France","163.38","9.78","2","0.0599"
"2017-06-01","Technology","Accessories","Home Office","Central","Germany","393.09","131.25","9","0.3339"
"2017-06-01","Technology","Accessories","Home Office","South","Spain","2660.19","1026.69","13","0.3859"
"2017-06-01","Technology","Copiers","Consumer","Central","France","753.45","69.54","6","0.0923"
"2017-06-01","Technology","Copiers","Consumer","Central","Germany","1772.49","566.67","5","0.3197"
"2017-06-01","Technology","Copiers","Consumer","Central","Netherlands","896.02","-35.92","5","-0.0401"
"2017-06-01","Technology","Copiers","Consumer","North","United Kingdom","3116.35","202.06","15","0.0648"
"2017-06-01","Technology","Copiers","Consumer","South","Italy","954.09","219.42","3","0.23"
"2017-06-01","Technology","Copiers","Corporate","Central","France","591.95","-642.85","12","-1"
"2017-06-01","Technology","Copiers","Corporate","Central","Switzerland","3421.71","1060.56","9","0.31"
"2017-06-01","Technology","Copiers","Corporate","South","Spain","598.2","299.1","5","0.5"
"2017-06-01","Technology","Copiers","Home Office","Central","France","2752.85","841.79","9","0.3058"
"2017-06-01","Technology","Copiers","Home Office","North","United Kingdom","1199.76","479.88","4","0.4"
"2017-06-01","Technology","Copiers","Home Office","South","Spain","760.38","235.68","2","0.31"
"2017-06-01","Technology","Machines","Consumer","Central","Austria","298.08","23.76","4","0.0797"
"2017-06-01","Technology","Machines","Consumer","Central","France","1853.7","-136.5","9","-0.0736"
"2017-06-01","Technology","Machines","Consumer","Central","Netherlands","613.1","-343.46","7","-0.5602"
"2017-06-01","Technology","Machines","Consumer","North","United Kingdom","549.66","149.52","4","0.272"
"2017-06-01","Technology","Machines","Consumer","South","Italy","270.43","-56.93","3","-0.2105"
"2017-06-01","Technology","Machines","Corporate","Central","Austria","615.15","24.6","5","0.04"
"2017-06-01","Technology","Machines","Corporate","Central","France","448.19","-0.01","2","0"
"2017-06-01","Technology","Machines","Corporate","North","Norway","1533.15","505.8","5","0.3299"
"2017-06-01","Technology","Machines","Corporate","North","United Kingdom","1645.49","302.48","13","0.1838"
"2017-06-01","Technology","Machines","Home Office","Central","France","598.23","-49.29","4","-0.0824"
"2017-06-01","Technology","Phones","Consumer","Central","France","4201.09","270.58","14","0.0644"
"2017-06-01","Technology","Phones","Consumer","Central","Germany","408.75","77.55","5","0.1897"
"2017-06-01","Technology","Phones","Consumer","South","Italy","209.75","-108.4","5","-0.5168"
"2017-06-01","Technology","Phones","Corporate","North","Sweden","107.78","-13","3","-0.1207"
"2017-06-01","Technology","Phones","Corporate","North","United Kingdom","2845.15","933.7","10","0.3282"
"2017-06-01","Technology","Phones","Corporate","South","Spain","5726.16","-445.44","10","-0.0778"
"2017-06-01","Technology","Phones","Home Office","Central","Germany","292.44","35.04","4","0.1198"
"2017-07-01","Furniture","Bookcases","Consumer","Central","France","720.87","83.28","5","0.1155"
"2017-07-01","Furniture","Bookcases","Consumer","Central","Germany","134.51","11.93","1","0.0887"
"2017-07-01","Furniture","Bookcases","Corporate","Central","Germany","680.56","83.14","6","0.1222"
"2017-07-01","Furniture","Bookcases","Corporate","South","Italy","1235.25","469.35","3","0.38"
"2017-07-01","Furniture","Bookcases","Home Office","Central","France","1050.25","-23.36","3","-0.0222"
"2017-07-01","Furniture","Chairs","Consumer","Central","France","4037.04","1214.79","12","0.3009"
"2017-07-01","Furniture","Chairs","Consumer","Central","Germany","679.67","60.29","9","0.0887"
"2017-07-01","Furniture","Chairs","Consumer","Central","Netherlands","84.48","-76.08","2","-0.9006"
"2017-07-01","Furniture","Chairs","Consumer","South","Italy","920.4","-575.25","5","-0.625"
"2017-07-01","Furniture","Chairs","Corporate","Central","France","734.02","196.75","3","0.268"
"2017-07-01","Furniture","Chairs","Corporate","Central","Germany","323.06","-60.61","7","-0.1876"
"2017-07-01","Furniture","Chairs","Corporate","North","Ireland","122.13","-7.38","3","-0.0604"
"2017-07-01","Furniture","Chairs","Home Office","Central","France","2155.9","600.25","9","0.2784"
"2017-07-01","Furniture","Furnishings","Consumer","Central","France","113.46","38.52","2","0.3395"
"2017-07-01","Furniture","Furnishings","Consumer","South","Italy","188.76","39.6","4","0.2098"
"2017-07-01","Furniture","Furnishings","Consumer","South","Spain","180.36","10.8","4","0.0599"
"2017-07-01","Furniture","Furnishings","Corporate","North","United Kingdom","19.04","-0.04","2","-0.0019"
"2017-07-01","Furniture","Furnishings","Corporate","South","Italy","105.72","29.52","4","0.2792"
"2017-07-01","Furniture","Furnishings","Corporate","South","Spain","51.45","6.15","1","0.1195"
"2017-07-01","Furniture","Furnishings","Home Office","South","Spain","154.17","44.64","3","0.2896"
"2017-07-01","Furniture","Tables","Consumer","South","Italy","319.77","-76.77","2","-0.2401"
"2017-07-01","Furniture","Tables","Corporate","Central","Germany","940.91","-202.72","3","-0.2154"
"2017-07-01","Furniture","Tables","Home Office","South","Spain","214.85","-247.09","2","-1"
"2017-07-01","Office Supplies","Appliances","Consumer","South","Italy","3979.29","1989.54","7","0.5"
"2017-07-01","Office Supplies","Appliances","Corporate","Central","Austria","2147.46","579.81","7","0.27"
"2017-07-01","Office Supplies","Art","Consumer","Central","France","220.35","22.23","10","0.1009"
"2017-07-01","Office Supplies","Art","Consumer","Central","Germany","214.8","64.2","10","0.2989"
"2017-07-01","Office Supplies","Art","Consumer","Central","Switzerland","318.36","9.45","7","0.0297"
"2017-07-01","Office Supplies","Art","Consumer","North","United Kingdom","326.58","115.29","6","0.353"
"2017-07-01","Office Supplies","Art","Consumer","South","Italy","754.5","230.25","15","0.3052"
"2017-07-01","Office Supplies","Art","Corporate","Central","France","83.58","24.09","4","0.2882"
"2017-07-01","Office Supplies","Art","Corporate","Central","Germany","182.28","61.95","7","0.3399"
"2017-07-01","Office Supplies","Art","Corporate","North","United Kingdom","85.97","30.53","8","0.3551"
"2017-07-01","Office Supplies","Art","Corporate","South","Italy","71.4","5.64","4","0.079"
"2017-07-01","Office Supplies","Art","Corporate","South","Spain","87.84","4.32","3","0.0492"
"2017-07-01","Office Supplies","Art","Home Office","Central","Belgium","369.84","148.74","8","0.4022"
"2017-07-01","Office Supplies","Art","Home Office","Central","Netherlands","26.96","-14.56","1","-0.5403"
"2017-07-01","Office Supplies","Art","Home Office","South","Italy","529.44","175.56","12","0.3316"
"2017-07-01","Office Supplies","Art","Home Office","South","Spain","190.89","32.34","7","0.1694"
"2017-07-01","Office Supplies","Binders","Consumer","Central","France","253.8","15.6","8","0.0615"
"2017-07-01","Office Supplies","Binders","Consumer","Central","Germany","255.45","73.95","5","0.2895"
"2017-07-01","Office Supplies","Binders","Consumer","South","Italy","50.34","3","1","0.0596"
"2017-07-01","Office Supplies","Binders","Corporate","Central","France","180.54","23.04","14","0.1276"
"2017-07-01","Office Supplies","Binders","Corporate","Central","Germany","6.66","0.57","1","0.0856"
"2017-07-01","Office Supplies","Binders","Corporate","Central","Netherlands","12.48","-10.5","2","-0.8413"
"2017-07-01","Office Supplies","Binders","Corporate","North","United Kingdom","231.39","-2.61","5","-0.0113"
"2017-07-01","Office Supplies","Binders","Corporate","South","Spain","154.35","38.52","3","0.2496"
"2017-07-01","Office Supplies","Binders","Home Office","Central","Belgium","146.85","51.3","5","0.3493"
"2017-07-01","Office Supplies","Binders","Home Office","Central","France","33.21","10.26","3","0.3089"
"2017-07-01","Office Supplies","Binders","Home Office","South","Italy","133.2","37.2","8","0.2793"
"2017-07-01","Office Supplies","Envelopes","Consumer","South","Italy","31.92","1.86","2","0.0583"
"2017-07-01","Office Supplies","Envelopes","Corporate","South","Italy","83.37","19.95","7","0.2393"
"2017-07-01","Office Supplies","Envelopes","Home Office","Central","France","255.63","10.83","9","0.0424"
"2017-07-01","Office Supplies","Envelopes","Home Office","North","United Kingdom","348.81","34.86","7","0.0999"
"2017-07-01","Office Supplies","Fasteners","Consumer","North","United Kingdom","88.65","17.22","7","0.1942"
"2017-07-01","Office Supplies","Fasteners","Corporate","Central","France","127.62","44.01","9","0.3449"
"2017-07-01","Office Supplies","Fasteners","Corporate","South","Italy","21.96","9","2","0.4098"
"2017-07-01","Office Supplies","Fasteners","Corporate","South","Spain","13.59","6.78","1","0.4989"
"2017-07-01","Office Supplies","Fasteners","Home Office","Central","Germany","19.41","8.91","1","0.459"
"2017-07-01","Office Supplies","Labels","Consumer","North","United Kingdom","18.24","7.98","2","0.4375"
"2017-07-01","Office Supplies","Labels","Consumer","South","Italy","32.13","5.13","3","0.1597"
"2017-07-01","Office Supplies","Labels","Corporate","Central","France","44.4","2.64","4","0.0595"
"2017-07-01","Office Supplies","Labels","Home Office","South","Italy","68.58","16.38","6","0.2388"
"2017-07-01","Office Supplies","Paper","Consumer","South","Italy","165.24","59.4","9","0.3595"
"2017-07-01","Office Supplies","Paper","Corporate","South","Spain","17.88","4.8","1","0.2685"
"2017-07-01","Office Supplies","Paper","Home Office","Central","Germany","55.56","13.86","2","0.2495"
"2017-07-01","Office Supplies","Storage","Consumer","Central","France","335.64","-114.21","14","-0.3403"
"2017-07-01","Office Supplies","Storage","Consumer","Central","Germany","86.29","-7.79","4","-0.0903"
"2017-07-01","Office Supplies","Storage","Consumer","North","Denmark","191.88","-122.85","3","-0.6402"
"2017-07-01","Office Supplies","Storage","Consumer","South","Italy","53.5","7.06","4","0.1319"
"2017-07-01","Office Supplies","Storage","Corporate","Central","Austria","596.7","167.04","3","0.2799"
"2017-07-01","Office Supplies","Storage","Corporate","Central","France","127.47","22.65","1","0.1777"
"2017-07-01","Office Supplies","Storage","Corporate","Central","Germany","461.48","116.36","7","0.2522"
"2017-07-01","Office Supplies","Storage","Corporate","North","United Kingdom","215.05","44.14","4","0.2053"
"2017-07-01","Office Supplies","Storage","Corporate","South","Italy","612.79","-214.61","8","-0.3502"
"2017-07-01","Office Supplies","Storage","Corporate","South","Spain","419.9","158.54","8","0.3776"
"2017-07-01","Office Supplies","Storage","Home Office","Central","Belgium","641.85","275.85","5","0.4298"
"2017-07-01","Office Supplies","Storage","Home Office","Central","France","215.7","94.02","4","0.4359"
"2017-07-01","Office Supplies","Storage","Home Office","Central","Germany","27.65","-0.64","1","-0.0232"
"2017-07-01","Office Supplies","Storage","Home Office","South","Italy","487.73","-73.27","4","-0.1502"
"2017-07-01","Office Supplies","Storage","Home Office","South","Spain","1332.64","547.57","11","0.4109"
"2017-07-01","Office Supplies","Supplies","Consumer","North","Denmark","102.68","-2.17","5","-0.0212"
"2017-07-01","Office Supplies","Supplies","Consumer","North","United Kingdom","49.26","9.3","2","0.1888"
"2017-07-01","Office Supplies","Supplies","Corporate","Central","France","78.84","38.58","2","0.4893"
"2017-07-01","Office Supplies","Supplies","Home Office","Central","France","384.72","34.56","8","0.0898"
"2017-07-01","Office Supplies","Supplies","Home Office","Central","Germany","94.05","20.61","3","0.2191"
"2017-07-01","Office Supplies","Supplies","Home Office","South","Italy","88.56","5.28","4","0.0596"
"2017-07-01","Technology","Accessories","Consumer","Central","France","479.34","-11.97","5","-0.025"
"2017-07-01","Technology","Accessories","Consumer","North","Finland","224.4","105.42","2","0.4698"
"2017-07-01","Technology","Accessories","Consumer","South","Italy","91.53","39.33","3","0.4297"
"2017-07-01","Technology","Accessories","Corporate","Central","Germany","154.87","44.71","4","0.2887"
"2017-07-01","Technology","Accessories","Corporate","North","United Kingdom","1032.1","225.97","7","0.2189"
"2017-07-01","Technology","Copiers","Consumer","Central","France","1736.09","139.55","8","0.0804"
"2017-07-01","Technology","Copiers","Consumer","Central","Germany","3492.96","602.34","13","0.1724"
"2017-07-01","Technology","Copiers","Consumer","North","United Kingdom","1190.28","583.17","7","0.4899"
"2017-07-01","Technology","Copiers","Consumer","South","Italy","1440.21","153.06","7","0.1063"
"2017-07-01","Technology","Copiers","Corporate","Central","France","1223.03","451.82","9","0.3694"
"2017-07-01","Technology","Copiers","Corporate","Central","Germany","441.9","0","3","0"
"2017-07-01","Technology","Copiers","Corporate","North","United Kingdom","263.58","65.88","1","0.2499"
"2017-07-01","Technology","Copiers","Home Office","Central","France","430.57","5.92","4","0.0137"
"2017-07-01","Technology","Copiers","Home Office","South","Italy","1020.48","63.66","4","0.0624"
"2017-07-01","Technology","Copiers","Home Office","South","Spain","2069.55","186.06","7","0.0899"
"2017-07-01","Technology","Machines","Consumer","North","Denmark","430.58","-103.42","5","-0.2402"
"2017-07-01","Technology","Machines","Consumer","North","Finland","768.51","169.02","3","0.2199"
"2017-07-01","Technology","Machines","Corporate","Central","France","407.36","60.56","4","0.1487"
"2017-07-01","Technology","Machines","Corporate","North","United Kingdom","201.6","28.2","4","0.1399"
"2017-07-01","Technology","Phones","Consumer","Central","France","285.8","-6.76","2","-0.0236"
"2017-07-01","Technology","Phones","Consumer","South","Italy","2934.9","-1538.91","10","-0.5243"
"2017-07-01","Technology","Phones","Corporate","Central","France","360.39","-21.21","3","-0.0588"
"2017-07-01","Technology","Phones","Corporate","Central","Germany","1116.56","201.95","8","0.1809"
"2017-07-01","Technology","Phones","Corporate","South","Italy","764.82","-369.72","2","-0.4834"
"2017-07-01","Technology","Phones","Corporate","South","Spain","245.75","70.79","4","0.2881"
"2017-07-01","Technology","Phones","Home Office","Central","France","129.13","10.63","2","0.0823"
"2017-07-01","Technology","Phones","Home Office","North","United Kingdom","286.26","114.48","2","0.3999"
"2017-07-01","Technology","Phones","Home Office","South","Spain","1330.99","-103.61","12","-0.0778"
"2017-08-01","Furniture","Bookcases","Consumer","Central","France","933.47","269.66","7","0.2889"
"2017-08-01","Furniture","Bookcases","Consumer","Central","Germany","618.08","27.44","4","0.0444"
"2017-08-01","Furniture","Bookcases","Consumer","North","United Kingdom","441.9","30.87","3","0.0699"
"2017-08-01","Furniture","Bookcases","Consumer","South","Italy","421.77","136.41","3","0.3234"
"2017-08-01","Furniture","Bookcases","Corporate","Central","France","1850.44","185","5","0.1"
"2017-08-01","Furniture","Bookcases","Corporate","North","United Kingdom","2922.57","508.38","13","0.1739"
"2017-08-01","Furniture","Bookcases","Home Office","Central","France","546.88","224.68","5","0.4108"
"2017-08-01","Furniture","Bookcases","Home Office","Central","Germany","450.36","190.08","4","0.4221"
"2017-08-01","Furniture","Bookcases","Home Office","South","Spain","1040.55","208.11","7","0.2"
"2017-08-01","Furniture","Chairs","Consumer","Central","France","493.69","-91.04","12","-0.1844"
"2017-08-01","Furniture","Chairs","Consumer","Central","Germany","488.23","44.35","6","0.0908"
"2017-08-01","Furniture","Chairs","Consumer","Central","Netherlands","209.18","-121.42","5","-0.5805"
"2017-08-01","Furniture","Chairs","Consumer","South","Italy","671.7","-854.07","5","-1"
"2017-08-01","Furniture","Chairs","Consumer","South","Spain","1484.54","-241.3","4","-0.1625"
"2017-08-01","Furniture","Chairs","Corporate","Central","Belgium","657.15","118.2","5","0.1799"
"2017-08-01","Furniture","Chairs","Corporate","Central","France","826.9","-91.88","2","-0.1111"
"2017-08-01","Furniture","Chairs","Corporate","Central","Germany","989.74","98.65","7","0.0997"
"2017-08-01","Furniture","Chairs","Corporate","North","United Kingdom","312.54","71.58","6","0.229"
"2017-08-01","Furniture","Chairs","Corporate","South","Spain","1107.43","-263.09","3","-0.2376"
"2017-08-01","Furniture","Chairs","Home Office","South","Spain","92.3","-17.32","2","-0.1876"
"2017-08-01","Furniture","Furnishings","Consumer","Central","France","195.72","27.36","4","0.1398"
"2017-08-01","Furniture","Furnishings","Consumer","Central","Germany","432.6","47.52","4","0.1098"
"2017-08-01","Furniture","Furnishings","Consumer","Central","Netherlands","124.49","-6.79","7","-0.0546"
"2017-08-01","Furniture","Furnishings","Consumer","North","United Kingdom","22.23","-41.22","5","-1"
"2017-08-01","Furniture","Furnishings","Consumer","South","Italy","457.44","167.79","5","0.3668"
"2017-08-01","Furniture","Furnishings","Consumer","South","Spain","326.64","42.24","8","0.1293"
"2017-08-01","Furniture","Furnishings","Corporate","Central","Belgium","64.08","32.04","4","0.5"
"2017-08-01","Furniture","Furnishings","Corporate","Central","France","95.22","37.98","6","0.3989"
"2017-08-01","Furniture","Furnishings","Corporate","Central","Germany","992.88","407.16","9","0.4101"
"2017-08-01","Furniture","Furnishings","Corporate","North","United Kingdom","233.35","-33.41","3","-0.1432"
"2017-08-01","Furniture","Furnishings","Home Office","Central","France","44.64","1.74","2","0.039"
"2017-08-01","Furniture","Furnishings","Home Office","Central","Germany","100.92","1.98","2","0.0196"
"2017-08-01","Furniture","Tables","Consumer","Central","Belgium","540.54","48.6","2","0.0899"
"2017-08-01","Furniture","Tables","Consumer","Central","France","1184.39","-182.35","6","-0.154"
"2017-08-01","Furniture","Tables","Consumer","Central","Germany","657.48","-252.96","3","-0.3847"
"2017-08-01","Furniture","Tables","Consumer","South","Italy","989.04","-435.24","4","-0.4401"
"2017-08-01","Furniture","Tables","Home Office","Central","Germany","1545.08","-546.82","5","-0.3539"
"2017-08-01","Office Supplies","Appliances","Consumer","Central","France","1352.38","14.98","3","0.0111"
"2017-08-01","Office Supplies","Appliances","Consumer","Central","Germany","464.29","89.77","8","0.1934"
"2017-08-01","Office Supplies","Appliances","Consumer","North","Denmark","91.94","-27.58","3","-0.3"
"2017-08-01","Office Supplies","Appliances","Consumer","North","United Kingdom","1614.87","-161.55","6","-0.1"
"2017-08-01","Office Supplies","Appliances","Corporate","Central","Belgium","116.52","51.24","2","0.4398"
"2017-08-01","Office Supplies","Appliances","Corporate","Central","France","228.82","50.8","3","0.222"
"2017-08-01","Office Supplies","Appliances","Corporate","Central","Germany","209.74","79.18","4","0.3775"
"2017-08-01","Office Supplies","Appliances","Home Office","Central","France","227.85","65.76","3","0.2886"
"2017-08-01","Office Supplies","Appliances","Home Office","Central","Germany","174.91","52.45","2","0.2999"
"2017-08-01","Office Supplies","Appliances","Home Office","Central","Netherlands","93.92","-18.86","3","-0.2008"
"2017-08-01","Office Supplies","Appliances","Home Office","North","Ireland","311.07","-292.41","2","-0.94"
"2017-08-01","Office Supplies","Art","Consumer","Central","Belgium","397.74","59.64","7","0.1499"
"2017-08-01","Office Supplies","Art","Consumer","Central","France","554.52","177.57","23","0.3202"
"2017-08-01","Office Supplies","Art","Consumer","Central","Germany","958.88","367.46","37","0.3832"
"2017-08-01","Office Supplies","Art","Consumer","North","Denmark","63.87","-31.47","6","-0.4927"
"2017-08-01","Office Supplies","Art","Consumer","North","Ireland","80.55","-80.55","3","-1"
"2017-08-01","Office Supplies","Art","Consumer","North","United Kingdom","62.24","-15.67","4","-0.2519"
"2017-08-01","Office Supplies","Art","Consumer","South","Italy","1052.1","235.53","26","0.2239"
"2017-08-01","Office Supplies","Art","Consumer","South","Spain","60.42","9.66","2","0.1599"
"2017-08-01","Office Supplies","Art","Corporate","Central","France","1051.23","356.34","33","0.339"
"2017-08-01","Office Supplies","Art","Corporate","Central","Germany","1024.41","200.01","35","0.1952"
"2017-08-01","Office Supplies","Art","Corporate","North","United Kingdom","89.25","13.68","3","0.1533"
"2017-08-01","Office Supplies","Art","Corporate","South","Italy","68.04","28.56","4","0.4198"
"2017-08-01","Office Supplies","Art","Corporate","South","Spain","164.88","57.69","3","0.3499"
"2017-08-01","Office Supplies","Art","Home Office","Central","France","339.81","52.86","16","0.1556"
"2017-08-01","Office Supplies","Art","Home Office","Central","Germany","442.41","85.26","13","0.1927"
"2017-08-01","Office Supplies","Art","Home Office","Central","Netherlands","62.62","-55.12","5","-0.8802"
"2017-08-01","Office Supplies","Art","Home Office","North","United Kingdom","406.56","-52.8","12","-0.1299"
"2017-08-01","Office Supplies","Art","Home Office","South","Italy","331.23","53.94","8","0.1628"
"2017-08-01","Office Supplies","Binders","Consumer","Central","Austria","127.62","34.38","6","0.2694"
"2017-08-01","Office Supplies","Binders","Consumer","Central","Belgium","28.95","7.8","5","0.2694"
"2017-08-01","Office Supplies","Binders","Consumer","Central","France","449.55","94.32","23","0.2098"
"2017-08-01","Office Supplies","Binders","Consumer","Central","Germany","367.56","114.63","18","0.3119"
"2017-08-01","Office Supplies","Binders","Consumer","Central","Netherlands","106.68","-87.57","7","-0.8209"
"2017-08-01","Office Supplies","Binders","Consumer","North","Denmark","51.27","-15.39","2","-0.3002"
"2017-08-01","Office Supplies","Binders","Consumer","North","Ireland","24.48","-22.56","8","-0.9216"
"2017-08-01","Office Supplies","Binders","Consumer","North","Norway","121.2","55.68","4","0.4594"
"2017-08-01","Office Supplies","Binders","Consumer","North","United Kingdom","200.62","34.63","15","0.1726"
"2017-08-01","Office Supplies","Binders","Consumer","South","Italy","20.43","5.67","3","0.2775"
"2017-08-01","Office Supplies","Binders","Corporate","Central","Belgium","82.38","30.12","6","0.3656"
"2017-08-01","Office Supplies","Binders","Corporate","Central","France","619.86","101.19","22","0.1632"
"2017-08-01","Office Supplies","Binders","Corporate","Central","Germany","409.47","171.48","21","0.4188"
"2017-08-01","Office Supplies","Binders","Corporate","North","United Kingdom","109.77","49.92","6","0.4548"
"2017-08-01","Office Supplies","Binders","Corporate","South","Italy","72.6","2.85","5","0.0393"
"2017-08-01","Office Supplies","Binders","Corporate","South","Spain","168.51","53.85","10","0.3196"
"2017-08-01","Office Supplies","Binders","Home Office","Central","France","122.76","36.81","10","0.2999"
"2017-08-01","Office Supplies","Binders","Home Office","Central","Germany","96.81","35.7","7","0.3688"
"2017-08-01","Office Supplies","Binders","Home Office","North","United Kingdom","140.67","58.95","7","0.4191"
"2017-08-01","Office Supplies","Binders","Home Office","South","Italy","18.12","9","4","0.4967"
"2017-08-01","Office Supplies","Envelopes","Consumer","Central","France","148.8","21.6","10","0.1452"
"2017-08-01","Office Supplies","Envelopes","Consumer","Central","Germany","647.76","222.54","22","0.3436"
"2017-08-01","Office Supplies","Envelopes","Consumer","North","United Kingdom","175.68","78.96","4","0.4495"
"2017-08-01","Office Supplies","Envelopes","Consumer","South","Italy","107.55","15.03","3","0.1397"
"2017-08-01","Office Supplies","Envelopes","Consumer","South","Spain","129","55.35","5","0.4291"
"2017-08-01","Office Supplies","Envelopes","Corporate","Central","Belgium","138.69","58.23","3","0.4199"
"2017-08-01","Office Supplies","Envelopes","Corporate","Central","France","322.44","74.94","10","0.2324"
"2017-08-01","Office Supplies","Envelopes","Corporate","Central","Germany","40.38","19.38","2","0.4799"
"2017-08-01","Office Supplies","Envelopes","Corporate","North","United Kingdom","174.13","49.21","12","0.2826"
"2017-08-01","Office Supplies","Envelopes","Corporate","South","Italy","129.48","7.86","4","0.0607"
"2017-08-01","Office Supplies","Envelopes","Home Office","Central","France","164.97","6.48","9","0.0393"
"2017-08-01","Office Supplies","Envelopes","Home Office","Central","Germany","6","1.26","1","0.21"
"2017-08-01","Office Supplies","Envelopes","Home Office","North","Sweden","14.2","-0.28","1","-0.0201"
"2017-08-01","Office Supplies","Envelopes","Home Office","South","Italy","52.47","18.36","3","0.3499"
"2017-08-01","Office Supplies","Envelopes","Home Office","South","Spain","32.22","3.78","3","0.1173"
"2017-08-01","Office Supplies","Fasteners","Consumer","Central","France","132.72","2.52","7","0.019"
"2017-08-01","Office Supplies","Fasteners","Consumer","Central","Germany","152.28","56.37","9","0.3702"
"2017-08-01","Office Supplies","Fasteners","Consumer","Central","Netherlands","18.66","-0.78","2","-0.0418"
"2017-08-01","Office Supplies","Fasteners","Consumer","North","United Kingdom","50.04","18.99","3","0.3795"
"2017-08-01","Office Supplies","Fasteners","Consumer","South","Italy","49.5","6.27","4","0.1267"
"2017-08-01","Office Supplies","Fasteners","Corporate","Central","France","65.7","16.35","5","0.2489"
"2017-08-01","Office Supplies","Fasteners","Corporate","Central","Germany","198.39","36.78","13","0.1854"
"2017-08-01","Office Supplies","Fasteners","Corporate","South","Spain","114","17.1","10","0.15"
"2017-08-01","Office Supplies","Fasteners","Home Office","Central","France","44.16","6.6","4","0.1495"
"2017-08-01","Office Supplies","Fasteners","Home Office","Central","Germany","87.18","27.69","7","0.3176"
"2017-08-01","Office Supplies","Fasteners","Home Office","North","Sweden","14.07","-3.69","2","-0.2623"
"2017-08-01","Office Supplies","Fasteners","Home Office","North","United Kingdom","40.32","-8.19","7","-0.2031"
"2017-08-01","Office Supplies","Fasteners","Home Office","South","Spain","35.91","0.63","3","0.0175"
"2017-08-01","Office Supplies","Labels","Consumer","Central","France","114.99","37.26","11","0.324"
"2017-08-01","Office Supplies","Labels","Consumer","Central","Germany","26.55","12.15","3","0.4576"
"2017-08-01","Office Supplies","Labels","Consumer","Central","Netherlands","13.32","-13.14","3","-0.9865"
"2017-08-01","Office Supplies","Labels","Consumer","North","United Kingdom","144.26","14.6","19","0.1012"
"2017-08-01","Office Supplies","Labels","Consumer","South","Italy","34.2","7.14","4","0.2088"
"2017-08-01","Office Supplies","Labels","Consumer","South","Spain","37.89","0.72","3","0.019"
"2017-08-01","Office Supplies","Labels","Corporate","Central","Belgium","133.65","14.04","15","0.1051"
"2017-08-01","Office Supplies","Labels","Corporate","Central","Germany","152.13","45.42","14","0.2986"
"2017-08-01","Office Supplies","Labels","Corporate","North","United Kingdom","43.65","13.5","5","0.3093"
"2017-08-01","Office Supplies","Labels","Home Office","Central","France","26.1","-2.1","4","-0.0805"
"2017-08-01","Office Supplies","Paper","Consumer","Central","France","172.98","35.82","4","0.2071"
"2017-08-01","Office Supplies","Paper","Consumer","Central","Germany","334.74","93.09","9","0.2781"
"2017-08-01","Office Supplies","Paper","Consumer","North","Denmark","49.8","-37.86","2","-0.7602"
"2017-08-01","Office Supplies","Paper","Consumer","North","United Kingdom","66.6","-36","5","-0.5405"
"2017-08-01","Office Supplies","Paper","Consumer","South","Italy","57.93","14.88","3","0.2569"
"2017-08-01","Office Supplies","Paper","Corporate","Central","Germany","406.53","53.4","13","0.1314"
"2017-08-01","Office Supplies","Paper","Corporate","North","United Kingdom","85.14","4.23","3","0.0497"
"2017-08-01","Office Supplies","Paper","Corporate","South","Italy","21.78","2.61","1","0.1198"
"2017-08-01","Office Supplies","Paper","Home Office","Central","France","39.69","-5.58","3","-0.1406"
"2017-08-01","Office Supplies","Paper","Home Office","Central","Germany","27.06","6.48","2","0.2395"
"2017-08-01","Office Supplies","Paper","Home Office","North","United Kingdom","119.19","39.3","5","0.3297"
"2017-08-01","Office Supplies","Storage","Consumer","Central","France","1260.87","364.71","19","0.2893"
"2017-08-01","Office Supplies","Storage","Consumer","Central","Germany","810.65","-14.11","17","-0.0174"
"2017-08-01","Office Supplies","Storage","Consumer","Central","Netherlands","30.69","-29.49","2","-0.9609"
"2017-08-01","Office Supplies","Storage","Consumer","North","Finland","204.15","53.07","1","0.26"
"2017-08-01","Office Supplies","Storage","Consumer","North","Sweden","23.97","-23.07","2","-0.9625"
"2017-08-01","Office Supplies","Storage","Consumer","North","United Kingdom","738.3","140.22","10","0.1899"
"2017-08-01","Office Supplies","Storage","Consumer","South","Italy","1389.85","-362.9","26","-0.2611"
"2017-08-01","Office Supplies","Storage","Corporate","Central","France","1770.82","150.67","20","0.0851"
"2017-08-01","Office Supplies","Storage","Corporate","Central","Germany","1888.08","508.02","22","0.2691"
"2017-08-01","Office Supplies","Storage","Corporate","South","Italy","111.89","-59.74","3","-0.5339"
"2017-08-01","Office Supplies","Storage","Corporate","South","Spain","88.13","22.49","2","0.2552"
"2017-08-01","Office Supplies","Storage","Home Office","Central","France","45.85","18.85","3","0.4111"
"2017-08-01","Office Supplies","Storage","Home Office","Central","Germany","346.76","-34.75","3","-0.1002"
"2017-08-01","Office Supplies","Storage","Home Office","Central","Netherlands","98.82","-51.42","4","-0.5203"
"2017-08-01","Office Supplies","Storage","Home Office","North","United Kingdom","11.25","-9.45","2","-0.84"
"2017-08-01","Office Supplies","Storage","Home Office","South","Italy","74.97","-13.32","5","-0.1777"
"2017-08-01","Office Supplies","Storage","Home Office","South","Spain","110.59","-2.57","4","-0.0232"
"2017-08-01","Office Supplies","Supplies","Consumer","Central","France","199.26","11.88","9","0.0596"
"2017-08-01","Office Supplies","Supplies","Consumer","Central","Germany","620.4","236.55","14","0.3813"
"2017-08-01","Office Supplies","Supplies","Consumer","North","United Kingdom","87.84","32.46","2","0.3695"
"2017-08-01","Office Supplies","Supplies","Corporate","Central","Germany","179.82","56.58","6","0.3146"
"2017-08-01","Office Supplies","Supplies","Corporate","North","United Kingdom","31.35","-17.61","2","-0.5617"
"2017-08-01","Office Supplies","Supplies","Home Office","North","Sweden","88.65","-67.41","6","-0.7604"
"2017-08-01","Technology","Accessories","Consumer","Central","France","1440.81","338.04","12","0.2346"
"2017-08-01","Technology","Accessories","Consumer","North","United Kingdom","477.93","64.38","10","0.1347"
"2017-08-01","Technology","Accessories","Corporate","Central","France","170.55","28.98","3","0.1699"
"2017-08-01","Technology","Accessories","Corporate","Central","Germany","90.42","27.12","2","0.2999"
"2017-08-01","Technology","Accessories","Corporate","North","United Kingdom","256.08","120.24","8","0.4695"
"2017-08-01","Technology","Accessories","Home Office","Central","France","221.85","22.14","3","0.0998"
"2017-08-01","Technology","Accessories","Home Office","Central","Germany","1879.38","617.04","12","0.3283"
"2017-08-01","Technology","Accessories","Home Office","North","United Kingdom","21.1","-13.52","1","-0.6404"
"2017-08-01","Technology","Copiers","Consumer","Central","France","813.83","95.63","5","0.1175"
"2017-08-01","Technology","Copiers","Consumer","Central","Germany","378.39","185.4","1","0.49"
"2017-08-01","Technology","Copiers","Consumer","North","United Kingdom","388.62","85.44","2","0.2199"
"2017-08-01","Technology","Copiers","Consumer","South","Italy","844.86","303.6","4","0.3593"
"2017-08-01","Technology","Copiers","Corporate","Central","France","2502.77","521.99","10","0.2086"
"2017-08-01","Technology","Copiers","Corporate","Central","Germany","718.2","315.99","3","0.44"
"2017-08-01","Technology","Copiers","Corporate","North","Norway","636.06","146.28","2","0.23"
"2017-08-01","Technology","Copiers","Home Office","Central","France","1433.67","-299.01","6","-0.2086"
"2017-08-01","Technology","Copiers","Home Office","North","United Kingdom","441.45","207.45","3","0.4699"
"2017-08-01","Technology","Machines","Consumer","Central","France","386.68","68.86","5","0.1781"
"2017-08-01","Technology","Machines","Consumer","Central","Germany","228.36","114.18","2","0.5"
"2017-08-01","Technology","Machines","Consumer","North","United Kingdom","1002.6","451.08","6","0.4499"
"2017-08-01","Technology","Machines","Consumer","South","Italy","451.71","-113.19","5","-0.2506"
"2017-08-01","Technology","Machines","Consumer","South","Spain","470.45","125.39","3","0.2665"
"2017-08-01","Technology","Machines","Corporate","Central","Germany","1048.5","263.61","6","0.2514"
"2017-08-01","Technology","Phones","Consumer","Central","France","830.28","184.98","8","0.2228"
"2017-08-01","Technology","Phones","Consumer","Central","Netherlands","1428.6","-437.52","6","-0.3063"
"2017-08-01","Technology","Phones","Consumer","North","Ireland","250.38","-120.24","3","-0.4802"
"2017-08-01","Technology","Phones","Corporate","Central","Germany","2017.47","381.6","16","0.1891"
"2017-08-01","Technology","Phones","Home Office","North","United Kingdom","415.44","16.56","3","0.0399"
"2017-09-01","Furniture","Bookcases","Consumer","Central","Belgium","614.85","153.6","5","0.2498"
"2017-09-01","Furniture","Bookcases","Consumer","Central","France","1678.64","483.5","10","0.288"
"2017-09-01","Furniture","Bookcases","Consumer","Central","Germany","449.23","149.83","4","0.3335"
"2017-09-01","Furniture","Bookcases","Consumer","North","United Kingdom","2496.87","709.02","11","0.284"
"2017-09-01","Furniture","Bookcases","Consumer","South","Spain","1091.25","119.97","3","0.1099"
"2017-09-01","Furniture","Bookcases","Corporate","Central","France","1672.54","131.2","12","0.0784"
"2017-09-01","Furniture","Bookcases","Corporate","Central","Germany","654.1","247.06","2","0.3777"
"2017-09-01","Furniture","Bookcases","Corporate","North","Finland","341.46","30.72","2","0.09"
"2017-09-01","Furniture","Bookcases","Corporate","North","Sweden","653.17","-457.24","3","-0.7"
"2017-09-01","Furniture","Bookcases","Corporate","North","United Kingdom","336.06","77.28","2","0.23"
"2017-09-01","Furniture","Bookcases","Home Office","Central","Germany","2906.12","-156.67","10","-0.0539"
"2017-09-01","Furniture","Bookcases","Home Office","Central","Netherlands","219.75","-202.17","1","-0.92"
"2017-09-01","Furniture","Bookcases","Home Office","South","Italy","1334.61","531.03","11","0.3979"
"2017-09-01","Furniture","Bookcases","Home Office","South","Spain","881.34","334.86","2","0.3799"
"2017-09-01","Furniture","Chairs","Consumer","Central","France","1126.03","-85.28","12","-0.0757"
"2017-09-01","Furniture","Chairs","Consumer","Central","Germany","1264.84","343.18","14","0.2713"
"2017-09-01","Furniture","Chairs","Consumer","Central","Switzerland","2518.38","988.02","8","0.3923"
"2017-09-01","Furniture","Chairs","Consumer","North","Ireland","117.52","-77.62","5","-0.6605"
"2017-09-01","Furniture","Chairs","Consumer","South","Spain","714.24","-178.56","10","-0.25"
"2017-09-01","Furniture","Chairs","Corporate","Central","France","268.16","83.36","4","0.3109"
"2017-09-01","Furniture","Chairs","Corporate","Central","Germany","903.74","390.11","7","0.4317"
"2017-09-01","Furniture","Chairs","Corporate","North","Ireland","27.76","-20","1","-0.7202"
"2017-09-01","Furniture","Chairs","Corporate","North","United Kingdom","180.25","50.05","2","0.2777"
"2017-09-01","Furniture","Chairs","Home Office","Central","Germany","42.31","3.28","1","0.0775"
"2017-09-01","Furniture","Chairs","Home Office","North","United Kingdom","467.29","-26","9","-0.0556"
"2017-09-01","Furniture","Furnishings","Consumer","Central","France","461.16","122.67","12","0.266"
"2017-09-01","Furniture","Furnishings","Consumer","Central","Germany","47.88","5.67","3","0.1184"
"2017-09-01","Furniture","Furnishings","Consumer","North","Denmark","36.07","-48.71","2","-1"
"2017-09-01","Furniture","Furnishings","Consumer","North","United Kingdom","141.28","-56.45","5","-0.3995"
"2017-09-01","Furniture","Furnishings","Consumer","South","Spain","150.81","68.49","5","0.4541"
"2017-09-01","Furniture","Furnishings","Corporate","Central","France","37.8","6","2","0.1587"
"2017-09-01","Furniture","Furnishings","Corporate","North","Ireland","40.46","-46.54","4","-1"
"2017-09-01","Furniture","Furnishings","Corporate","North","United Kingdom","90.67","-13.64","3","-0.1505"
"2017-09-01","Furniture","Furnishings","Home Office","Central","France","23.85","1.65","1","0.0692"
"2017-09-01","Furniture","Furnishings","Home Office","Central","Germany","339.84","88.29","3","0.2598"
"2017-09-01","Furniture","Furnishings","Home Office","Central","Netherlands","40.56","12.66","2","0.3121"
"2017-09-01","Office Supplies","Appliances","Consumer","Central","France","48.96","-19.62","3","-0.4007"
"2017-09-01","Office Supplies","Appliances","Consumer","North","Ireland","44.84","-41.26","1","-0.9204"
"2017-09-01","Office Supplies","Appliances","Consumer","North","United Kingdom","249.21","112.14","3","0.45"
"2017-09-01","Office Supplies","Appliances","Consumer","South","Italy","1998.24","359.64","4","0.18"
"2017-09-01","Office Supplies","Appliances","Consumer","South","Portugal","139.12","-19.58","5","-0.1407"
"2017-09-01","Office Supplies","Appliances","Corporate","Central","France","558.58","-18.62","2","-0.0333"
"2017-09-01","Office Supplies","Appliances","Corporate","Central","Germany","136.94","54.74","4","0.3998"
"2017-09-01","Office Supplies","Appliances","Corporate","North","United Kingdom","379.47","87.15","7","0.2297"
"2017-09-01","Office Supplies","Appliances","Home Office","Central","France","3411.29","6.53","11","0.0019"
"2017-09-01","Office Supplies","Appliances","Home Office","South","Portugal","68.79","-64.71","2","-0.9407"
"2017-09-01","Office Supplies","Art","Consumer","Central","Austria","258.15","43.8","5","0.1697"
"2017-09-01","Office Supplies","Art","Consumer","Central","France","1227.7","70.12","29","0.0571"
"2017-09-01","Office Supplies","Art","Consumer","Central","Germany","819.8","-7.09","27","-0.0086"
"2017-09-01","Office Supplies","Art","Consumer","Central","Netherlands","252.27","-157.14","11","-0.6229"
"2017-09-01","Office Supplies","Art","Consumer","Central","Switzerland","148.5","48.96","3","0.3297"
"2017-09-01","Office Supplies","Art","Consumer","North","Denmark","19.77","-3.21","2","-0.1624"
"2017-09-01","Office Supplies","Art","Consumer","North","Ireland","173.54","-39.4","10","-0.2271"
"2017-09-01","Office Supplies","Art","Consumer","South","Italy","109.92","38.46","2","0.3499"
"2017-09-01","Office Supplies","Art","Consumer","South","Portugal","52.62","-32.64","2","-0.6203"
"2017-09-01","Office Supplies","Art","Consumer","South","Spain","691.8","168.99","13","0.2443"
"2017-09-01","Office Supplies","Art","Corporate","Central","France","430.11","96.39","9","0.2241"
"2017-09-01","Office Supplies","Art","Corporate","Central","Germany","27.22","7.84","2","0.2879"
"2017-09-01","Office Supplies","Art","Corporate","Central","Netherlands","18.93","-3.81","2","-0.2013"
"2017-09-01","Office Supplies","Art","Corporate","North","United Kingdom","178.16","-47.86","11","-0.2686"
"2017-09-01","Office Supplies","Art","Corporate","South","Italy","121.44","36.75","7","0.3026"
"2017-09-01","Office Supplies","Art","Home Office","Central","France","462.54","115.56","13","0.2498"
"2017-09-01","Office Supplies","Art","Home Office","Central","Germany","107.94","6.21","4","0.0575"
"2017-09-01","Office Supplies","Art","Home Office","North","United Kingdom","405.03","98.79","11","0.2439"
"2017-09-01","Office Supplies","Binders","Consumer","Central","Belgium","42.03","15.48","3","0.3683"
"2017-09-01","Office Supplies","Binders","Consumer","Central","France","228.99","5.16","21","0.0225"
"2017-09-01","Office Supplies","Binders","Consumer","Central","Germany","169.17","21.75","16","0.1286"
"2017-09-01","Office Supplies","Binders","Consumer","North","Ireland","41.4","-29.34","6","-0.7087"
"2017-09-01","Office Supplies","Binders","Consumer","North","United Kingdom","108.73","11.36","13","0.1044"
"2017-09-01","Office Supplies","Binders","Consumer","South","Italy","84.99","19.56","4","0.2301"
"2017-09-01","Office Supplies","Binders","Consumer","South","Portugal","122.91","-52.14","17","-0.4242"
"2017-09-01","Office Supplies","Binders","Consumer","South","Spain","139.95","46.05","5","0.329"
"2017-09-01","Office Supplies","Binders","Corporate","Central","France","267.45","3.57","15","0.0133"
"2017-09-01","Office Supplies","Binders","Corporate","Central","Germany","144.93","31.74","11","0.219"
"2017-09-01","Office Supplies","Binders","Corporate","South","Spain","20.52","4.23","3","0.2061"
"2017-09-01","Office Supplies","Binders","Home Office","Central","Belgium","27","8.64","2","0.32"
"2017-09-01","Office Supplies","Binders","Home Office","Central","France","40.86","11.34","6","0.2775"
"2017-09-01","Office Supplies","Binders","Home Office","Central","Germany","45.72","20.52","6","0.4488"
"2017-09-01","Office Supplies","Binders","Home Office","South","Spain","61.8","6.15","5","0.0995"
"2017-09-01","Office Supplies","Envelopes","Consumer","Central","France","28.8","0.54","3","0.0188"
"2017-09-01","Office Supplies","Envelopes","Consumer","Central","Germany","983.4","274.02","29","0.2786"
"2017-09-01","Office Supplies","Envelopes","Consumer","Central","Switzerland","261.45","31.29","7","0.1197"
"2017-09-01","Office Supplies","Envelopes","Corporate","Central","France","190.95","45.66","7","0.2391"
"2017-09-01","Office Supplies","Envelopes","Corporate","Central","Germany","45","0","5","0"
"2017-09-01","Office Supplies","Envelopes","Corporate","North","Denmark","79.24","-6.52","6","-0.0823"
"2017-09-01","Office Supplies","Envelopes","Corporate","North","United Kingdom","233.4","104.01","12","0.4456"
"2017-09-01","Office Supplies","Envelopes","Corporate","South","Italy","254.85","12.6","5","0.0494"
"2017-09-01","Office Supplies","Envelopes","Home Office","Central","France","167.25","30.84","7","0.1844"
"2017-09-01","Office Supplies","Fasteners","Consumer","Central","France","235.15","-5.92","17","-0.0252"
"2017-09-01","Office Supplies","Fasteners","Consumer","North","Denmark","13.98","-3.96","2","-0.2833"
"2017-09-01","Office Supplies","Fasteners","Consumer","North","Ireland","52.44","-16.92","8","-0.3227"
"2017-09-01","Office Supplies","Fasteners","Consumer","South","Spain","18.66","8.94","1","0.4791"
"2017-09-01","Office Supplies","Fasteners","Corporate","Central","France","166.35","10.77","10","0.0647"
"2017-09-01","Office Supplies","Fasteners","Corporate","North","United Kingdom","21","-4.65","5","-0.2214"
"2017-09-01","Office Supplies","Fasteners","Corporate","South","Spain","38.76","18.18","2","0.469"
"2017-09-01","Office Supplies","Fasteners","Home Office","Central","France","118.5","40.8","7","0.3443"
"2017-09-01","Office Supplies","Labels","Consumer","Central","France","234.21","54.84","26","0.2341"
"2017-09-01","Office Supplies","Labels","Consumer","Central","Germany","62.58","20.34","6","0.325"
"2017-09-01","Office Supplies","Labels","Consumer","Central","Switzerland","35.28","5.88","7","0.1667"
"2017-09-01","Office Supplies","Labels","Consumer","North","United Kingdom","46.44","3.24","4","0.0698"
"2017-09-01","Office Supplies","Labels","Corporate","Central","France","72","2.88","6","0.04"
"2017-09-01","Office Supplies","Labels","Corporate","Central","Netherlands","17.76","-17.52","4","-0.9865"
"2017-09-01","Office Supplies","Labels","Corporate","South","Italy","69.18","20.61","7","0.2979"
"2017-09-01","Office Supplies","Labels","Home Office","Central","France","95.85","42.12","15","0.4394"
"2017-09-01","Office Supplies","Labels","Home Office","Central","Germany","68.4","23.85","5","0.3487"
"2017-09-01","Office Supplies","Labels","Home Office","Central","Netherlands","18.76","-8.51","9","-0.4532"
"2017-09-01","Office Supplies","Labels","Home Office","North","United Kingdom","12.51","3.42","3","0.2734"
"2017-09-01","Office Supplies","Paper","Consumer","Central","Austria","67.2","20.16","4","0.3"
"2017-09-01","Office Supplies","Paper","Consumer","Central","France","187.38","76.68","9","0.4092"
"2017-09-01","Office Supplies","Paper","Consumer","Central","Germany","169.8","71.25","5","0.4196"
"2017-09-01","Office Supplies","Paper","Consumer","South","Italy","119.52","3.48","4","0.0291"
"2017-09-01","Office Supplies","Paper","Consumer","South","Spain","89.19","23.13","3","0.2593"
"2017-09-01","Office Supplies","Paper","Corporate","Central","France","277.41","19.2","7","0.0692"
"2017-09-01","Office Supplies","Paper","Corporate","South","Italy","105.12","28.38","2","0.27"
"2017-09-01","Office Supplies","Paper","Corporate","South","Spain","93.6","12.15","3","0.1298"
"2017-09-01","Office Supplies","Paper","Home Office","North","United Kingdom","58.75","7.15","2","0.1217"
"2017-09-01","Office Supplies","Storage","Consumer","Central","France","267.75","64.71","7","0.2417"
"2017-09-01","Office Supplies","Storage","Consumer","Central","Germany","3072.65","593.78","27","0.1932"
"2017-09-01","Office Supplies","Storage","Consumer","Central","Switzerland","382.41","3.78","3","0.0099"
"2017-09-01","Office Supplies","Storage","Consumer","North","Ireland","23.36","-1.94","3","-0.0829"
"2017-09-01","Office Supplies","Storage","Consumer","North","Sweden","137.31","-27.51","2","-0.2003"
"2017-09-01","Office Supplies","Storage","Consumer","North","United Kingdom","10.74","3.96","1","0.3687"
"2017-09-01","Office Supplies","Storage","Consumer","South","Italy","110.29","-57.68","11","-0.523"
"2017-09-01","Office Supplies","Storage","Consumer","South","Portugal","123.84","-52.83","8","-0.4266"
"2017-09-01","Office Supplies","Storage","Consumer","South","Spain","103.3","-3.5","2","-0.0339"
"2017-09-01","Office Supplies","Storage","Corporate","Central","France","154.95","-5.25","3","-0.0339"
"2017-09-01","Office Supplies","Storage","Corporate","Central","Germany","1593.54","291.3","17","0.1828"
"2017-09-01","Office Supplies","Storage","Corporate","North","United Kingdom","142.02","22.74","4","0.1601"
"2017-09-01","Office Supplies","Storage","Corporate","South","Italy","69.44","-16.24","2","-0.2338"
"2017-09-01","Office Supplies","Storage","Corporate","South","Spain","535.82","208.3","3","0.3888"
"2017-09-01","Office Supplies","Storage","Home Office","North","United Kingdom","1521.37","425.47","21","0.2797"
"2017-09-01","Office Supplies","Storage","Home Office","South","Italy","473.98","-244.94","4","-0.5168"
"2017-09-01","Office Supplies","Supplies","Consumer","Central","France","243.75","-82.11","14","-0.3369"
"2017-09-01","Office Supplies","Supplies","Consumer","Central","Germany","253.47","83.46","8","0.3293"
"2017-09-01","Office Supplies","Supplies","Consumer","Central","Netherlands","192.38","-107.86","9","-0.5607"
"2017-09-01","Office Supplies","Supplies","Corporate","Central","Germany","32.1","10.56","2","0.329"
"2017-09-01","Office Supplies","Supplies","Corporate","Central","Netherlands","136.2","-92.76","8","-0.6811"
"2017-09-01","Office Supplies","Supplies","Corporate","South","Italy","44.37","10.2","1","0.2299"
"2017-09-01","Office Supplies","Supplies","Corporate","South","Spain","109.53","16.38","3","0.1495"
"2017-09-01","Office Supplies","Supplies","Home Office","Central","Belgium","30.84","2.1","2","0.0681"
"2017-09-01","Office Supplies","Supplies","Home Office","Central","France","65.79","14.4","3","0.2189"
"2017-09-01","Technology","Accessories","Consumer","Central","Germany","879.39","57.06","12","0.0649"
"2017-09-01","Technology","Accessories","Consumer","North","United Kingdom","621.78","138.18","10","0.2222"
"2017-09-01","Technology","Accessories","Consumer","South","Spain","1922.37","532.02","16","0.2768"
"2017-09-01","Technology","Accessories","Corporate","Central","France","1637.34","730.26","8","0.446"
"2017-09-01","Technology","Accessories","Corporate","North","Sweden","109.26","-17.55","3","-0.1606"
"2017-09-01","Technology","Accessories","Corporate","South","Italy","353.28","86.16","8","0.2439"
"2017-09-01","Technology","Accessories","Corporate","South","Spain","500.4","90","5","0.1799"
"2017-09-01","Technology","Accessories","Home Office","Central","France","214.02","29.88","3","0.1396"
"2017-09-01","Technology","Copiers","Consumer","Central","France","324.92","-3.88","2","-0.0119"
"2017-09-01","Technology","Copiers","Consumer","North","United Kingdom","691.56","290.4","4","0.4199"
"2017-09-01","Technology","Copiers","Consumer","South","Italy","1497.9","0","5","0"
"2017-09-01","Technology","Copiers","Consumer","South","Portugal","190.82","-114.5","1","-0.6"
"2017-09-01","Technology","Copiers","Consumer","South","Spain","573.21","137.52","3","0.2399"
"2017-09-01","Technology","Copiers","Corporate","Central","Germany","955.17","95.49","3","0.1"
"2017-09-01","Technology","Copiers","Corporate","North","Denmark","263.67","-131.85","2","-0.5001"
"2017-09-01","Technology","Copiers","Corporate","North","United Kingdom","594.36","112.92","4","0.19"
"2017-09-01","Technology","Copiers","Corporate","South","Italy","2671.41","534.24","7","0.2"
"2017-09-01","Technology","Copiers","Corporate","South","Spain","520.68","93.72","2","0.18"
"2017-09-01","Technology","Copiers","Home Office","Central","France","322.22","-30.34","2","-0.0942"
"2017-09-01","Technology","Machines","Consumer","Central","France","312.04","51.31","3","0.1644"
"2017-09-01","Technology","Machines","Consumer","Central","Germany","304.56","-25.26","6","-0.0829"
"2017-09-01","Technology","Machines","Consumer","Central","Switzerland","605.1","266.1","5","0.4398"
"2017-09-01","Technology","Machines","Corporate","Central","France","187.99","-17.69","2","-0.0941"
"2017-09-01","Technology","Machines","Corporate","Central","Germany","215.01","88.11","3","0.4098"
"2017-09-01","Technology","Machines","Corporate","North","United Kingdom","2077.05","322.02","8","0.155"
"2017-09-01","Technology","Machines","Home Office","Central","France","1841.64","-68.07","7","-0.037"
"2017-09-01","Technology","Machines","Home Office","North","United Kingdom","230.88","99.24","2","0.4298"
"2017-09-01","Technology","Machines","Home Office","South","Italy","83.75","-18.22","3","-0.2175"
"2017-09-01","Technology","Phones","Consumer","Central","Austria","365.55","43.8","5","0.1198"
"2017-09-01","Technology","Phones","Consumer","Central","France","1506.44","-770.62","9","-0.5116"
"2017-09-01","Technology","Phones","Consumer","Central","Germany","413.55","54.66","6","0.1322"
"2017-09-01","Technology","Phones","Consumer","Central","Switzerland","304.44","63.84","4","0.2097"
"2017-09-01","Technology","Phones","Consumer","North","Ireland","252","-35.28","4","-0.14"
"2017-09-01","Technology","Phones","Consumer","North","United Kingdom","269.41","35.02","5","0.13"
"2017-09-01","Technology","Phones","Consumer","South","Italy","95.8","-30.38","2","-0.3172"
"2017-09-01","Technology","Phones","Corporate","Central","France","1400.56","305.23","5","0.2179"
"2017-09-01","Technology","Phones","Corporate","Central","Germany","303.84","18.18","2","0.0598"
"2017-09-01","Technology","Phones","Corporate","North","Denmark","353.16","-249.21","9","-0.7057"
"2017-09-01","Technology","Phones","Corporate","North","Ireland","163.43","-39.22","5","-0.24"
"2017-09-01","Technology","Phones","Corporate","North","United Kingdom","1648.5","166.89","13","0.1012"
"2017-09-01","Technology","Phones","Corporate","South","Italy","662.11","-386.45","8","-0.5837"
"2017-09-01","Technology","Phones","Home Office","Central","France","446.76","74.85","5","0.1675"
"2017-09-01","Technology","Phones","Home Office","Central","Germany","385.89","64.65","5","0.1675"
"2017-10-01","Furniture","Bookcases","Consumer","North","United Kingdom","394.2","145.8","2","0.3699"
"2017-10-01","Furniture","Bookcases","Consumer","South","Spain","573.48","126.12","4","0.2199"
"2017-10-01","Furniture","Bookcases","Corporate","Central","Austria","437.67","65.61","3","0.1499"
"2017-10-01","Furniture","Bookcases","Corporate","Central","France","111.54","49.56","1","0.4443"
"2017-10-01","Furniture","Bookcases","Home Office","Central","Germany","523.91","81.47","3","0.1555"
"2017-10-01","Furniture","Bookcases","Home Office","North","United Kingdom","369.18","140.22","3","0.3798"
"2017-10-01","Furniture","Chairs","Consumer","Central","France","420.69","-14.04","1","-0.0334"
"2017-10-01","Furniture","Chairs","Consumer","Central","Germany","299.05","9.91","2","0.0331"
"2017-10-01","Furniture","Chairs","Consumer","North","United Kingdom","947.22","274.68","2","0.29"
"2017-10-01","Furniture","Chairs","Corporate","Central","France","409.97","13.64","1","0.0333"
"2017-10-01","Furniture","Furnishings","Consumer","Central","Germany","85.59","17.91","3","0.2093"
"2017-10-01","Furniture","Furnishings","Consumer","South","Spain","321.21","131.67","3","0.4099"
"2017-10-01","Furniture","Furnishings","Corporate","Central","Germany","161.55","30.36","7","0.1879"
"2017-10-01","Furniture","Furnishings","Home Office","Central","Germany","50.7","22.8","2","0.4497"
"2017-10-01","Furniture","Tables","Corporate","Central","Germany","197.4","-30.39","1","-0.154"
"2017-10-01","Office Supplies","Appliances","Consumer","Central","Belgium","169.5","50.82","2","0.2998"
"2017-10-01","Office Supplies","Appliances","Consumer","Central","France","1503.68","284","6","0.1889"
"2017-10-01","Office Supplies","Art","Consumer","Central","France","201.09","42.81","9","0.2129"
"2017-10-01","Office Supplies","Art","Consumer","Central","Germany","371.19","76.32","16","0.2056"
"2017-10-01","Office Supplies","Art","Consumer","North","United Kingdom","291.96","137.16","6","0.4698"
"2017-10-01","Office Supplies","Art","Consumer","South","Italy","153.6","35.28","8","0.2297"
"2017-10-01","Office Supplies","Art","Consumer","South","Portugal","26.78","-22.54","3","-0.842"
"2017-10-01","Office Supplies","Art","Consumer","South","Spain","261.54","100.92","10","0.3859"
"2017-10-01","Office Supplies","Art","Corporate","North","United Kingdom","96.24","19.62","5","0.2039"
"2017-10-01","Office Supplies","Art","Home Office","Central","Austria","58.44","7.56","2","0.1294"
"2017-10-01","Office Supplies","Art","Home Office","North","United Kingdom","125.31","11.94","5","0.0953"
"2017-10-01","Office Supplies","Binders","Consumer","Central","France","208.98","50.34","8","0.2409"
"2017-10-01","Office Supplies","Binders","Consumer","Central","Germany","12.9","3.3","2","0.2558"
"2017-10-01","Office Supplies","Binders","Consumer","Central","Netherlands","10.41","-3.39","2","-0.3256"
"2017-10-01","Office Supplies","Binders","Consumer","South","Portugal","17.82","-11.46","4","-0.6431"
"2017-10-01","Office Supplies","Binders","Consumer","South","Spain","137.91","28.38","11","0.2058"
"2017-10-01","Office Supplies","Binders","Corporate","Central","France","353.22","6.93","7","0.0196"
"2017-10-01","Office Supplies","Binders","Corporate","Central","Netherlands","41.49","-10.89","6","-0.2625"
"2017-10-01","Office Supplies","Binders","Corporate","North","United Kingdom","18.99","0.72","3","0.0379"
"2017-10-01","Office Supplies","Binders","Corporate","South","Spain","11.97","1.26","3","0.1053"
"2017-10-01","Office Supplies","Binders","Home Office","North","United Kingdom","42.57","8.91","3","0.2093"
"2017-10-01","Office Supplies","Envelopes","Consumer","Central","France","104.13","34.32","6","0.3296"
"2017-10-01","Office Supplies","Envelopes","Consumer","North","Sweden","39.74","-31","3","-0.7803"
"2017-10-01","Office Supplies","Envelopes","Consumer","North","United Kingdom","101.94","5.04","2","0.0494"
"2017-10-01","Office Supplies","Envelopes","Consumer","South","Spain","57.87","3.42","3","0.0591"
"2017-10-01","Office Supplies","Envelopes","Corporate","North","United Kingdom","215.1","30.06","6","0.1397"
"2017-10-01","Office Supplies","Envelopes","Home Office","South","Italy","417","16.5","10","0.0396"
"2017-10-01","Office Supplies","Fasteners","Consumer","Central","Germany","48.78","24.39","3","0.5"
"2017-10-01","Office Supplies","Fasteners","Consumer","South","Portugal","13.8","-11.04","2","-0.8"
"2017-10-01","Office Supplies","Fasteners","Corporate","Central","France","81.45","28.5","5","0.3499"
"2017-10-01","Office Supplies","Fasteners","Home Office","Central","Germany","52.65","17.55","3","0.3333"
"2017-10-01","Office Supplies","Labels","Consumer","Central","Switzerland","31.95","1.53","3","0.0479"
"2017-10-01","Office Supplies","Labels","Consumer","South","Italy","75.6","10.5","7","0.1389"
"2017-10-01","Office Supplies","Labels","Corporate","Central","France","15.06","0.3","2","0.0199"
"2017-10-01","Office Supplies","Labels","Corporate","Central","Netherlands","15.26","-1.58","3","-0.1032"
"2017-10-01","Office Supplies","Labels","Corporate","North","United Kingdom","30.96","9.54","3","0.3081"
"2017-10-01","Office Supplies","Paper","Consumer","Central","Belgium","322.83","55.8","12","0.1728"
"2017-10-01","Office Supplies","Paper","Consumer","South","Spain","205.92","42.24","7","0.2051"
"2017-10-01","Office Supplies","Paper","Corporate","Central","France","90.6","18","5","0.1987"
"2017-10-01","Office Supplies","Paper","Corporate","Central","Germany","23.55","-9.9","1","-0.4204"
"2017-10-01","Office Supplies","Paper","Corporate","South","Italy","122.76","56.4","4","0.4594"
"2017-10-01","Office Supplies","Paper","Home Office","Central","Germany","90.18","45.06","2","0.4997"
"2017-10-01","Office Supplies","Storage","Consumer","Central","France","734.78","61.4","7","0.0836"
"2017-10-01","Office Supplies","Storage","Consumer","Central","Netherlands","290.64","-205.5","12","-0.7071"
"2017-10-01","Office Supplies","Storage","Consumer","North","United Kingdom","395.88","193.98","2","0.49"
"2017-10-01","Office Supplies","Storage","Consumer","South","Spain","547.67","58.76","7","0.1073"
"2017-10-01","Office Supplies","Storage","Corporate","Central","France","128.47","-13.37","6","-0.1041"
"2017-10-01","Office Supplies","Storage","Corporate","Central","Netherlands","85.36","-15.44","3","-0.1808"
"2017-10-01","Office Supplies","Storage","Corporate","North","United Kingdom","1015.83","228.6","6","0.225"
"2017-10-01","Office Supplies","Storage","Corporate","South","Spain","51.57","6.78","3","0.1315"
"2017-10-01","Office Supplies","Storage","Home Office","Central","Germany","231.12","46.2","2","0.1999"
"2017-10-01","Office Supplies","Storage","Home Office","South","Italy","86.22","-17.97","6","-0.2084"
"2017-10-01","Office Supplies","Storage","Home Office","South","Spain","50.62","20.2","3","0.3991"
"2017-10-01","Office Supplies","Supplies","Consumer","Central","France","94.44","1.8","4","0.0191"
"2017-10-01","Office Supplies","Supplies","Consumer","Central","Germany","210","39.9","7","0.19"
"2017-10-01","Office Supplies","Supplies","Home Office","North","United Kingdom","193.32","61.74","6","0.3194"
"2017-10-01","Technology","Accessories","Consumer","Central","France","1752.51","736.11","11","0.42"
"2017-10-01","Technology","Accessories","Consumer","Central","Germany","1341.96","592.08","6","0.4412"
"2017-10-01","Technology","Accessories","Consumer","South","Spain","2000.46","364.56","10","0.1822"
"2017-10-01","Technology","Accessories","Corporate","Central","Austria","487.62","243.72","6","0.4998"
"2017-10-01","Technology","Accessories","Corporate","Central","France","61.56","16.62","2","0.27"
"2017-10-01","Technology","Accessories","Corporate","Central","Germany","77.94","-71.82","6","-0.9215"
"2017-10-01","Technology","Accessories","Corporate","South","Italy","1238.55","582","5","0.4699"
"2017-10-01","Technology","Accessories","Corporate","South","Spain","1708.14","512.4","7","0.3"
"2017-10-01","Technology","Copiers","Consumer","Central","France","921.11","122.87","8","0.1334"
"2017-10-01","Technology","Copiers","Consumer","South","Spain","587.16","64.56","4","0.11"
"2017-10-01","Technology","Copiers","Corporate","North","United Kingdom","1707.21","341.28","9","0.1999"
"2017-10-01","Technology","Copiers","Home Office","North","United Kingdom","1519.32","182.28","4","0.12"
"2017-10-01","Technology","Copiers","Home Office","South","Spain","360","21.6","3","0.06"
"2017-10-01","Technology","Machines","Consumer","Central","France","1417.54","134.86","9","0.0951"
"2017-10-01","Technology","Machines","Consumer","South","Portugal","468.32","-281.02","3","-0.6001"
"2017-10-01","Technology","Machines","Consumer","South","Spain","1123.96","124.84","4","0.1111"
"2017-10-01","Technology","Machines","Corporate","Central","France","1424.1","33.03","7","0.0232"
"2017-10-01","Technology","Machines","Corporate","North","United Kingdom","1232.16","278.16","8","0.2257"
"2017-10-01","Technology","Machines","Corporate","South","Italy","713.79","-309.33","7","-0.4334"
"2017-10-01","Technology","Machines","Home Office","North","United Kingdom","103.5","6.18","2","0.0597"
"2017-10-01","Technology","Machines","Home Office","South","Spain","435.67","164.47","4","0.3775"
"2017-10-01","Technology","Phones","Consumer","Central","France","302.89","9.52","5","0.0314"
"2017-10-01","Technology","Phones","Consumer","North","United Kingdom","163.5","31.02","2","0.1897"
"2017-10-01","Technology","Phones","Consumer","South","Italy","166.18","-99.74","2","-0.6002"
"2017-10-01","Technology","Phones","Corporate","Central","France","466.06","48.28","5","0.1036"
"2017-11-01","Furniture","Bookcases","Consumer","Central","Austria","2899.89","927.78","7","0.3199"
"2017-11-01","Furniture","Bookcases","Consumer","Central","France","1104.97","257.48","10","0.233"
"2017-11-01","Furniture","Bookcases","Consumer","Central","Germany","1822.01","477.77","12","0.2622"
"2017-11-01","Furniture","Bookcases","Consumer","Central","Netherlands","215.06","-120.46","3","-0.5602"
"2017-11-01","Furniture","Bookcases","Consumer","North","Sweden","182.38","-21.92","3","-0.1202"
"2017-11-01","Furniture","Bookcases","Consumer","South","Spain","3063.27","1470.21","7","0.4799"
"2017-11-01","Furniture","Bookcases","Corporate","Central","France","1483.7","395.54","4","0.2666"
"2017-11-01","Furniture","Bookcases","Corporate","Central","Germany","221.29","-22.19","2","-0.1003"
"2017-11-01","Furniture","Bookcases","Home Office","North","Finland","1283.67","560.31","9","0.4365"
"2017-11-01","Furniture","Chairs","Consumer","Central","France","1481.29","101.05","24","0.0682"
"2017-11-01","Furniture","Chairs","Consumer","Central","Germany","848.12","367.46","2","0.4333"
"2017-11-01","Furniture","Chairs","Consumer","North","United Kingdom","1272.9","202.92","14","0.1594"
"2017-11-01","Furniture","Chairs","Consumer","South","Spain","307.73","100.01","6","0.325"
"2017-11-01","Furniture","Chairs","Corporate","Central","France","6782.21","2271.14","19","0.3349"
"2017-11-01","Furniture","Chairs","Corporate","South","Italy","391.3","-308.06","7","-0.7873"
"2017-11-01","Furniture","Chairs","Corporate","South","Spain","568.61","92.33","4","0.1624"
"2017-11-01","Furniture","Chairs","Home Office","North","United Kingdom","935.76","102.9","7","0.11"
"2017-11-01","Furniture","Furnishings","Consumer","Central","France","94.32","15.48","4","0.1641"
"2017-11-01","Furniture","Furnishings","Consumer","Central","Germany","47.34","-17.1","2","-0.3612"
"2017-11-01","Furniture","Furnishings","Consumer","North","Sweden","26.71","-10.1","3","-0.378"
"2017-11-01","Furniture","Furnishings","Consumer","North","United Kingdom","81.65","-23.98","3","-0.2937"
"2017-11-01","Furniture","Furnishings","Consumer","South","Spain","75.84","15.84","4","0.2089"
"2017-11-01","Furniture","Furnishings","Corporate","Central","France","780.84","172.77","17","0.2213"
"2017-11-01","Furniture","Furnishings","Corporate","Central","Germany","342.09","153.93","7","0.45"
"2017-11-01","Furniture","Furnishings","Corporate","North","United Kingdom","224.91","-0.09","6","-0.0004"
"2017-11-01","Furniture","Furnishings","Corporate","South","Spain","201.24","76.44","4","0.3798"
"2017-11-01","Furniture","Furnishings","Home Office","Central","Germany","51.81","18.63","1","0.3596"
"2017-11-01","Furniture","Tables","Consumer","North","Sweden","953.82","-1557.99","7","-1"
"2017-11-01","Furniture","Tables","Corporate","Central","France","1291.45","-39.83","4","-0.0308"
"2017-11-01","Office Supplies","Appliances","Consumer","Central","France","1533.33","-34.11","3","-0.0222"
"2017-11-01","Office Supplies","Appliances","Consumer","Central","Germany","256.23","56.88","5","0.222"
"2017-11-01","Office Supplies","Appliances","Consumer","North","Denmark","125.46","-105.39","3","-0.84"
"2017-11-01","Office Supplies","Appliances","Consumer","North","Sweden","195.39","-47.07","6","-0.2409"
"2017-11-01","Office Supplies","Appliances","Consumer","North","United Kingdom","343.95","10.2","5","0.0297"
"2017-11-01","Office Supplies","Appliances","Consumer","South","Italy","1856.34","909.54","6","0.49"
"2017-11-01","Office Supplies","Appliances","Consumer","South","Spain","81.6","35.88","2","0.4397"
"2017-11-01","Office Supplies","Appliances","Corporate","Central","France","4961.09","965.18","15","0.1945"
"2017-11-01","Office Supplies","Appliances","Corporate","North","Sweden","153.42","-52.26","4","-0.3406"
"2017-11-01","Office Supplies","Art","Consumer","Central","Belgium","97.74","28.32","2","0.2897"
"2017-11-01","Office Supplies","Art","Consumer","Central","France","647.01","136.2","18","0.2105"
"2017-11-01","Office Supplies","Art","Consumer","Central","Germany","344.82","113.64","18","0.3296"
"2017-11-01","Office Supplies","Art","Consumer","Central","Netherlands","87.03","-15.75","6","-0.181"
"2017-11-01","Office Supplies","Art","Consumer","North","United Kingdom","331.12","74.45","11","0.2248"
"2017-11-01","Office Supplies","Art","Consumer","South","Italy","248.94","83.28","6","0.3345"
"2017-11-01","Office Supplies","Art","Consumer","South","Spain","59.22","20.7","2","0.3495"
"2017-11-01","Office Supplies","Art","Corporate","Central","Belgium","47.04","0.9","2","0.0191"
"2017-11-01","Office Supplies","Art","Corporate","Central","France","1274.91","203.91","31","0.1599"
"2017-11-01","Office Supplies","Art","Corporate","Central","Germany","515.85","162.57","15","0.3151"
"2017-11-01","Office Supplies","Art","Corporate","Central","Netherlands","156.82","-54.08","10","-0.3448"
"2017-11-01","Office Supplies","Art","Corporate","North","Sweden","77.44","-51.16","3","-0.6607"
"2017-11-01","Office Supplies","Art","Corporate","North","United Kingdom","342.99","83.61","13","0.2438"
"2017-11-01","Office Supplies","Art","Corporate","South","Spain","145.8","62.64","3","0.4296"
"2017-11-01","Office Supplies","Art","Home Office","South","Spain","76.14","25.11","3","0.3298"
"2017-11-01","Office Supplies","Binders","Consumer","Central","Austria","303.3","33.3","6","0.1098"
"2017-11-01","Office Supplies","Binders","Consumer","Central","France","770.55","197.4","24","0.2562"
"2017-11-01","Office Supplies","Binders","Consumer","Central","Germany","514.89","198.75","19","0.386"
"2017-11-01","Office Supplies","Binders","Consumer","North","United Kingdom","466.24","-62.86","18","-0.1348"
"2017-11-01","Office Supplies","Binders","Consumer","South","Spain","47.01","11.04","5","0.2348"
"2017-11-01","Office Supplies","Binders","Corporate","Central","France","615.81","-18.78","30","-0.0305"
"2017-11-01","Office Supplies","Binders","Corporate","Central","Germany","20.07","5.13","3","0.2556"
"2017-11-01","Office Supplies","Binders","Corporate","Central","Netherlands","14.04","0","4","0"
"2017-11-01","Office Supplies","Binders","Corporate","North","Sweden","75.19","-43.7","3","-0.5811"
"2017-11-01","Office Supplies","Binders","Corporate","South","Italy","117.84","33.3","14","0.2826"
"2017-11-01","Office Supplies","Binders","Home Office","Central","Austria","15.9","0.3","2","0.0189"
"2017-11-01","Office Supplies","Binders","Home Office","Central","Germany","18.54","8.1","2","0.4369"
"2017-11-01","Office Supplies","Binders","Home Office","North","Finland","52.44","3.6","4","0.0686"
"2017-11-01","Office Supplies","Envelopes","Consumer","North","Norway","40.95","15.96","1","0.3897"
"2017-11-01","Office Supplies","Envelopes","Consumer","North","United Kingdom","232.2","23.1","5","0.0995"
"2017-11-01","Office Supplies","Envelopes","Consumer","South","Italy","77.1","0.72","2","0.0093"
"2017-11-01","Office Supplies","Envelopes","Corporate","Central","France","60.57","29.07","3","0.4799"
"2017-11-01","Office Supplies","Envelopes","Corporate","Central","Germany","52.02","20.76","2","0.3991"
"2017-11-01","Office Supplies","Envelopes","Corporate","North","United Kingdom","185.76","18.48","4","0.0995"
"2017-11-01","Office Supplies","Fasteners","Consumer","Central","France","199.62","92.85","16","0.4651"
"2017-11-01","Office Supplies","Fasteners","Consumer","Central","Germany","55.98","25.86","4","0.462"
"2017-11-01","Office Supplies","Fasteners","Consumer","North","Denmark","47.02","-32.02","5","-0.681"
"2017-11-01","Office Supplies","Fasteners","Consumer","North","United Kingdom","253.65","35.25","21","0.139"
"2017-11-01","Office Supplies","Fasteners","Corporate","Central","France","33.3","15.96","2","0.4793"
"2017-11-01","Office Supplies","Fasteners","Corporate","Central","Germany","51.72","7.92","5","0.1531"
"2017-11-01","Office Supplies","Fasteners","Corporate","South","Spain","43.29","21.15","3","0.4886"
"2017-11-01","Office Supplies","Fasteners","Home Office","South","Italy","64.8","29.1","5","0.4491"
"2017-11-01","Office Supplies","Labels","Consumer","Central","France","133.53","44.88","14","0.3361"
"2017-11-01","Office Supplies","Labels","Consumer","Central","Germany","36.69","7.59","3","0.2069"
"2017-11-01","Office Supplies","Labels","Consumer","North","United Kingdom","5.08","-0.52","1","-0.1032"
"2017-11-01","Office Supplies","Labels","Consumer","South","Spain","56.85","15.9","5","0.2797"
"2017-11-01","Office Supplies","Labels","Corporate","Central","Germany","13.95","3.87","3","0.2774"
"2017-11-01","Office Supplies","Labels","Home Office","North","United Kingdom","42.71","-2.02","7","-0.0472"
"2017-11-01","Office Supplies","Labels","Home Office","South","Italy","51.6","10.8","4","0.2093"
"2017-11-01","Office Supplies","Paper","Consumer","Central","Germany","118.68","10.68","4","0.09"
"2017-11-01","Office Supplies","Paper","Consumer","North","United Kingdom","55.98","16.74","2","0.299"
"2017-11-01","Office Supplies","Paper","Consumer","South","Italy","59.4","0","3","0"
"2017-11-01","Office Supplies","Paper","Corporate","Central","Austria","141.3","40.95","3","0.2898"
"2017-11-01","Office Supplies","Paper","Corporate","Central","France","469.2","119.64","22","0.255"
"2017-11-01","Office Supplies","Paper","Corporate","Central","Germany","376.44","71.04","10","0.1887"
"2017-11-01","Office Supplies","Paper","Home Office","Central","France","203.76","77.4","12","0.3799"
"2017-11-01","Office Supplies","Paper","Home Office","Central","Netherlands","29.76","-4.2","2","-0.1411"
"2017-11-01","Office Supplies","Paper","Home Office","North","Finland","30.3","5.1","2","0.1683"
"2017-11-01","Office Supplies","Paper","Home Office","North","United Kingdom","39.51","17.73","3","0.4487"
"2017-11-01","Office Supplies","Storage","Consumer","Central","Austria","1828.98","566.73","9","0.3099"
"2017-11-01","Office Supplies","Storage","Consumer","Central","Belgium","225.84","56.4","4","0.2497"
"2017-11-01","Office Supplies","Storage","Consumer","Central","France","1664.36","233.42","25","0.1402"
"2017-11-01","Office Supplies","Storage","Consumer","Central","Germany","745.62","214.05","16","0.2871"
"2017-11-01","Office Supplies","Storage","Consumer","North","Denmark","399.6","-255.78","6","-0.6401"
"2017-11-01","Office Supplies","Storage","Consumer","North","United Kingdom","2885.43","-301.53","24","-0.1045"
"2017-11-01","Office Supplies","Storage","Consumer","South","Portugal","395.82","-316.74","4","-0.8002"
"2017-11-01","Office Supplies","Storage","Corporate","Central","France","4861.13","504.11","40","0.1037"
"2017-11-01","Office Supplies","Storage","Corporate","Central","Germany","730.91","203.3","19","0.2781"
"2017-11-01","Office Supplies","Storage","Corporate","Central","Netherlands","105.6","0","8","0"
"2017-11-01","Office Supplies","Storage","Corporate","North","United Kingdom","1383.12","424.92","16","0.3072"
"2017-11-01","Office Supplies","Storage","Corporate","South","Italy","267.19","-126.26","5","-0.4725"
"2017-11-01","Office Supplies","Storage","Home Office","Central","Austria","122.43","14.49","7","0.1184"
"2017-11-01","Office Supplies","Storage","Home Office","Central","Germany","938.53","181.42","12","0.1933"
"2017-11-01","Office Supplies","Storage","Home Office","North","Finland","29.52","4.95","3","0.1677"
"2017-11-01","Office Supplies","Storage","Home Office","North","Sweden","133.2","-85.26","2","-0.6401"
"2017-11-01","Office Supplies","Supplies","Consumer","Central","Austria","215.25","51.6","5","0.2397"
"2017-11-01","Office Supplies","Supplies","Consumer","North","United Kingdom","574.08","64.65","16","0.1126"
"2017-11-01","Office Supplies","Supplies","Consumer","South","Italy","75.9","1.5","5","0.0198"
"2017-11-01","Office Supplies","Supplies","Corporate","Central","France","66.42","3.96","3","0.0596"
"2017-11-01","Office Supplies","Supplies","Corporate","Central","Germany","160.53","26.34","5","0.1641"
"2017-11-01","Office Supplies","Supplies","Corporate","Central","Netherlands","15","-9.3","1","-0.62"
"2017-11-01","Office Supplies","Supplies","Corporate","North","United Kingdom","161.04","40.74","5","0.253"
"2017-11-01","Office Supplies","Supplies","Home Office","Central","Germany","115.8","55.5","5","0.4793"
"2017-11-01","Technology","Accessories","Consumer","Central","Germany","211.05","37.95","5","0.1798"
"2017-11-01","Technology","Accessories","Consumer","Central","Netherlands","143.32","-25.88","5","-0.1805"
"2017-11-01","Technology","Accessories","Consumer","North","United Kingdom","370.11","51.15","11","0.1382"
"2017-11-01","Technology","Accessories","Corporate","Central","Belgium","292.53","0","7","0"
"2017-11-01","Technology","Accessories","Corporate","Central","France","2088.42","931.92","12","0.4462"
"2017-11-01","Technology","Accessories","Corporate","Central","Germany","325.08","64.8","9","0.1993"
"2017-11-01","Technology","Accessories","Home Office","Central","Germany","493.32","64.05","9","0.1298"
"2017-11-01","Technology","Copiers","Consumer","Central","Austria","497.16","168.96","4","0.3399"
"2017-11-01","Technology","Copiers","Consumer","Central","Germany","2886.9","1324.44","14","0.4588"
"2017-11-01","Technology","Copiers","Consumer","North","United Kingdom","1657.38","209.76","9","0.1266"
"2017-11-01","Technology","Copiers","Corporate","Central","France","923.84","251.33","5","0.272"
"2017-11-01","Technology","Copiers","Corporate","Central","Germany","271.24","-30.14","1","-0.1111"
"2017-11-01","Technology","Machines","Consumer","Central","France","226.87","-37.4","1","-0.1648"
"2017-11-01","Technology","Machines","Consumer","Central","Germany","625.02","6.24","2","0.01"
"2017-11-01","Technology","Machines","Consumer","Central","Netherlands","628.44","-615.96","4","-0.9801"
"2017-11-01","Technology","Machines","Consumer","North","United Kingdom","799.83","167.94","3","0.21"
"2017-11-01","Technology","Machines","Corporate","Central","France","644.64","84.36","4","0.1309"
"2017-11-01","Technology","Machines","Corporate","Central","Germany","1508.85","45.15","5","0.0299"
"2017-11-01","Technology","Machines","Home Office","Central","France","41.46","11.7","1","0.2823"
"2017-11-01","Technology","Phones","Consumer","Central","France","428.48","10.07","3","0.0235"
"2017-11-01","Technology","Phones","Consumer","Central","Germany","1840.83","646.41","15","0.3512"
"2017-11-01","Technology","Phones","Consumer","Central","Netherlands","163.05","-88.05","5","-0.54"
"2017-11-01","Technology","Phones","Consumer","North","United Kingdom","6151.83","1627.68","14","0.2646"
"2017-11-01","Technology","Phones","Consumer","South","Portugal","1277.82","-357.9","4","-0.2801"
"2017-11-01","Technology","Phones","Consumer","South","Spain","415.56","-8.34","6","-0.0201"
"2017-11-01","Technology","Phones","Corporate","Central","France","828.95","174.05","10","0.21"
"2017-11-01","Technology","Phones","Home Office","Central","France","1051.82","-111.46","8","-0.106"
"2017-11-01","Technology","Phones","Home Office","Central","Netherlands","339.36","-217.2","4","-0.64"
"2017-11-01","Technology","Phones","Home Office","South","Italy","195.84","-111.06","5","-0.5671"
"2017-12-01","Furniture","Bookcases","Consumer","Central","Germany","1681.32","228.39","5","0.1358"
"2017-12-01","Furniture","Bookcases","Consumer","North","Norway","507.6","208.08","3","0.4099"
"2017-12-01","Furniture","Bookcases","Consumer","North","United Kingdom","1460.76","387.93","9","0.2656"
"2017-12-01","Furniture","Bookcases","Consumer","South","Italy","1816.95","799.35","5","0.4399"
"2017-12-01","Furniture","Bookcases","Consumer","South","Spain","729.84","167.82","2","0.2299"
"2017-12-01","Furniture","Bookcases","Corporate","South","Spain","745.5","27.36","5","0.0367"
"2017-12-01","Furniture","Bookcases","Home Office","Central","Germany","401.36","44.6","3","0.1111"
"2017-12-01","Furniture","Chairs","Consumer","Central","Austria","229.56","11.4","4","0.0497"
"2017-12-01","Furniture","Chairs","Consumer","Central","France","709.99","15.46","7","0.0218"
"2017-12-01","Furniture","Chairs","Consumer","Central","Germany","644.46","-27.09","5","-0.042"
"2017-12-01","Furniture","Chairs","Consumer","South","Italy","328.12","-235.49","9","-0.7177"
"2017-12-01","Furniture","Chairs","Corporate","Central","Belgium","288.9","63.45","5","0.2196"
"2017-12-01","Furniture","Chairs","Corporate","Central","France","952.07","228.29","13","0.2398"
"2017-12-01","Furniture","Chairs","Corporate","South","Italy","139.15","-191.39","2","-1"
"2017-12-01","Furniture","Chairs","Home Office","North","United Kingdom","1232.88","197.55","8","0.1602"
"2017-12-01","Furniture","Furnishings","Consumer","Central","Belgium","174.51","10.44","3","0.0598"
"2017-12-01","Furniture","Furnishings","Consumer","Central","Germany","1239.21","425.28","23","0.3432"
"2017-12-01","Furniture","Furnishings","Consumer","North","United Kingdom","79.21","15.79","2","0.1994"
"2017-12-01","Furniture","Furnishings","Corporate","Central","France","116.31","52.32","1","0.4498"
"2017-12-01","Furniture","Furnishings","Corporate","Central","Germany","555.06","10.89","11","0.0196"
"2017-12-01","Furniture","Furnishings","Corporate","South","Spain","1134.72","317.22","12","0.2796"
"2017-12-01","Furniture","Furnishings","Home Office","Central","France","132.03","47.52","3","0.3599"
"2017-12-01","Furniture","Furnishings","Home Office","North","United Kingdom","282.79","-82.16","11","-0.2906"
"2017-12-01","Furniture","Tables","Corporate","Central","France","1014.74","-499.6","3","-0.4923"
"2017-12-01","Furniture","Tables","Corporate","South","Spain","1715.16","-1629.54","5","-0.9501"
"2017-12-01","Furniture","Tables","Home Office","Central","France","1676.55","309.45","3","0.1846"
"2017-12-01","Office Supplies","Appliances","Consumer","Central","France","31.49","-31.51","2","-1"
"2017-12-01","Office Supplies","Appliances","Corporate","Central","Germany","533.79","148.23","6","0.2777"
"2017-12-01","Office Supplies","Appliances","Corporate","South","Portugal","93.92","-18.86","3","-0.2008"
"2017-12-01","Office Supplies","Appliances","Corporate","South","Spain","2711.7","1220.25","5","0.45"
"2017-12-01","Office Supplies","Appliances","Home Office","Central","France","2979.77","631.19","14","0.2118"
"2017-12-01","Office Supplies","Art","Consumer","Central","Austria","475.5","119.52","13","0.2514"
"2017-12-01","Office Supplies","Art","Consumer","Central","Belgium","83.07","6.57","3","0.0791"
"2017-12-01","Office Supplies","Art","Consumer","Central","France","936.39","165","33","0.1762"
"2017-12-01","Office Supplies","Art","Consumer","Central","Germany","870.51","126.81","24","0.1457"
"2017-12-01","Office Supplies","Art","Consumer","North","United Kingdom","481.59","84.06","13","0.1745"
"2017-12-01","Office Supplies","Art","Consumer","South","Italy","137.25","63.09","3","0.4597"
"2017-12-01","Office Supplies","Art","Consumer","South","Spain","279.27","70.11","6","0.251"
"2017-12-01","Office Supplies","Art","Corporate","Central","Austria","156.6","40.68","6","0.2598"
"2017-12-01","Office Supplies","Art","Corporate","Central","Germany","190.05","66.72","9","0.3511"
"2017-12-01","Office Supplies","Art","Corporate","South","Italy","72.6","22.35","4","0.3079"
"2017-12-01","Office Supplies","Art","Home Office","Central","France","1028.55","200.97","35","0.1954"
"2017-12-01","Office Supplies","Art","Home Office","Central","Germany","347.19","162.75","9","0.4688"
"2017-12-01","Office Supplies","Binders","Consumer","Central","France","399.9","55.23","11","0.1381"
"2017-12-01","Office Supplies","Binders","Consumer","Central","Germany","701.61","184.2","19","0.2625"
"2017-12-01","Office Supplies","Binders","Consumer","North","United Kingdom","457.14","123.9","11","0.271"
"2017-12-01","Office Supplies","Binders","Consumer","South","Italy","120","49.59","14","0.4132"
"2017-12-01","Office Supplies","Binders","Consumer","South","Spain","56.52","11.82","2","0.2091"
"2017-12-01","Office Supplies","Binders","Corporate","Central","Germany","395.58","32.22","8","0.0815"
"2017-12-01","Office Supplies","Binders","Corporate","Central","Netherlands","73.8","-10.35","3","-0.1402"
"2017-12-01","Office Supplies","Binders","Corporate","North","United Kingdom","148.14","10.95","10","0.0739"
"2017-12-01","Office Supplies","Binders","Corporate","South","Italy","204.12","59.01","7","0.2891"
"2017-12-01","Office Supplies","Binders","Corporate","South","Spain","39.96","16.38","3","0.4099"
"2017-12-01","Office Supplies","Binders","Home Office","Central","France","106.77","13.68","10","0.1281"
"2017-12-01","Office Supplies","Binders","Home Office","North","United Kingdom","305.55","104.04","23","0.3405"
"2017-12-01","Office Supplies","Envelopes","Consumer","Central","France","67.8","24.36","4","0.3593"
"2017-12-01","Office Supplies","Envelopes","Consumer","North","Sweden","74.97","-4.5","3","-0.06"
"2017-12-01","Office Supplies","Envelopes","Consumer","South","Italy","167.79","66.63","5","0.3971"
"2017-12-01","Office Supplies","Envelopes","Corporate","Central","France","336.72","63.84","8","0.1896"
"2017-12-01","Office Supplies","Envelopes","Corporate","Central","Germany","432.21","93.99","14","0.2175"
"2017-12-01","Office Supplies","Envelopes","Home Office","Central","France","329.43","105.39","10","0.3199"
"2017-12-01","Office Supplies","Envelopes","Home Office","Central","Germany","191.88","74.76","4","0.3896"
"2017-12-01","Office Supplies","Fasteners","Consumer","Central","Austria","40.77","20.34","3","0.4989"
"2017-12-01","Office Supplies","Fasteners","Consumer","Central","Germany","94.53","18.54","9","0.1961"
"2017-12-01","Office Supplies","Fasteners","Consumer","North","United Kingdom","78","31.2","4","0.4"
"2017-12-01","Office Supplies","Fasteners","Consumer","South","Italy","66.9","16.05","5","0.2399"
"2017-12-01","Office Supplies","Fasteners","Consumer","South","Spain","80.7","13.65","5","0.1691"
"2017-12-01","Office Supplies","Fasteners","Corporate","Central","Belgium","10.59","2.94","1","0.2776"
"2017-12-01","Office Supplies","Fasteners","Corporate","Central","France","43.11","9","3","0.2088"
"2017-12-01","Office Supplies","Fasteners","Corporate","Central","Germany","20.82","8.52","2","0.4092"
"2017-12-01","Office Supplies","Fasteners","Home Office","Central","Germany","34.29","14.67","3","0.4278"
"2017-12-01","Office Supplies","Fasteners","Home Office","North","United Kingdom","70.8","26.1","5","0.3686"
"2017-12-01","Office Supplies","Labels","Consumer","North","Ireland","15.48","-0.99","3","-0.064"
"2017-12-01","Office Supplies","Labels","Corporate","Central","France","21.12","3.96","2","0.1875"
"2017-12-01","Office Supplies","Labels","Corporate","Central","Germany","13.68","4.77","1","0.3487"
"2017-12-01","Office Supplies","Labels","Corporate","Central","Netherlands","27.81","-8.37","6","-0.301"
"2017-12-01","Office Supplies","Labels","Corporate","North","Ireland","39.38","-25.3","7","-0.6427"
"2017-12-01","Office Supplies","Labels","Home Office","Central","France","18.54","6.48","2","0.3495"
"2017-12-01","Office Supplies","Labels","Home Office","South","Italy","62.1","14.85","5","0.2391"
"2017-12-01","Office Supplies","Paper","Consumer","Central","Germany","76.71","27.21","3","0.3547"
"2017-12-01","Office Supplies","Paper","Consumer","North","Ireland","13.32","-7.2","1","-0.5405"
"2017-12-01","Office Supplies","Paper","Corporate","Central","France","144.9","33.45","5","0.2308"
"2017-12-01","Office Supplies","Paper","Corporate","North","United Kingdom","93.42","21.72","5","0.2325"
"2017-12-01","Office Supplies","Paper","Home Office","Central","France","244.59","76.68","11","0.3135"
"2017-12-01","Office Supplies","Paper","Home Office","Central","Germany","40.95","8.55","3","0.2088"
"2017-12-01","Office Supplies","Paper","Home Office","Central","Netherlands","74.66","-6.08","9","-0.0814"
"2017-12-01","Office Supplies","Storage","Consumer","Central","Belgium","342.72","154.14","7","0.4498"
"2017-12-01","Office Supplies","Storage","Consumer","Central","France","604.31","131.57","14","0.2177"
"2017-12-01","Office Supplies","Storage","Consumer","Central","Germany","855.39","28.59","25","0.0334"
"2017-12-01","Office Supplies","Storage","Consumer","North","Ireland","195.18","-40.11","7","-0.2055"
"2017-12-01","Office Supplies","Storage","Consumer","North","United Kingdom","1402.53","245.07","18","0.1747"
"2017-12-01","Office Supplies","Storage","Consumer","South","Italy","58.21","-7.79","2","-0.1338"
"2017-12-01","Office Supplies","Storage","Consumer","South","Spain","907.98","-56.97","9","-0.0627"
"2017-12-01","Office Supplies","Storage","Corporate","Central","France","819.88","150.64","5","0.1837"
"2017-12-01","Office Supplies","Storage","Corporate","Central","Germany","561.6","136.38","7","0.2428"
"2017-12-01","Office Supplies","Storage","Corporate","North","Ireland","48.96","-16.68","2","-0.3407"
"2017-12-01","Office Supplies","Storage","Corporate","South","Italy","202.39","-46.97","9","-0.2321"
"2017-12-01","Office Supplies","Storage","Corporate","South","Spain","87.21","-9.69","2","-0.1111"
"2017-12-01","Office Supplies","Storage","Home Office","Central","France","526.85","119.15","5","0.2262"
"2017-12-01","Office Supplies","Storage","Home Office","Central","Germany","250.8","13.08","14","0.0522"
"2017-12-01","Office Supplies","Storage","Home Office","North","United Kingdom","660.63","90.99","10","0.1377"
"2017-12-01","Office Supplies","Storage","Home Office","South","Spain","2307.39","51.51","27","0.0223"
"2017-12-01","Office Supplies","Supplies","Consumer","Central","France","82.86","22.32","2","0.2694"
"2017-12-01","Office Supplies","Supplies","Consumer","South","Italy","194.4","14.94","5","0.0769"
"2017-12-01","Office Supplies","Supplies","Consumer","South","Spain","80.1","33.57","3","0.4191"
"2017-12-01","Office Supplies","Supplies","Corporate","South","Spain","94.02","17.82","2","0.1895"
"2017-12-01","Office Supplies","Supplies","Home Office","Central","Germany","75.18","4.5","2","0.0599"
"2017-12-01","Technology","Accessories","Consumer","Central","France","647.1","52.02","17","0.0804"
"2017-12-01","Technology","Accessories","Consumer","Central","Germany","1967","-485.11","28","-0.2466"
"2017-12-01","Technology","Accessories","Consumer","South","Spain","103.38","14.46","1","0.1399"
"2017-12-01","Technology","Accessories","Corporate","Central","Austria","437.04","183.42","6","0.4197"
"2017-12-01","Technology","Accessories","Corporate","Central","Germany","38.52","6.54","1","0.1698"
"2017-12-01","Technology","Accessories","Corporate","South","Italy","738.63","280.62","3","0.3799"
"2017-12-01","Technology","Accessories","Home Office","Central","France","84.96","38.16","3","0.4492"
"2017-12-01","Technology","Accessories","Home Office","North","United Kingdom","571.83","34.23","7","0.0599"
"2017-12-01","Technology","Copiers","Consumer","Central","Belgium","382.14","91.68","2","0.2399"
"2017-12-01","Technology","Copiers","Consumer","Central","France","5030.72","672.83","21","0.1337"
"2017-12-01","Technology","Copiers","Consumer","Central","Germany","854.28","133.74","4","0.1566"
"2017-12-01","Technology","Copiers","Consumer","Central","Netherlands","510.12","-10.26","6","-0.0201"
"2017-12-01","Technology","Copiers","Consumer","North","United Kingdom","795.33","270.36","3","0.3399"
"2017-12-01","Technology","Copiers","Consumer","South","Italy","781.02","140.58","3","0.18"
"2017-12-01","Technology","Copiers","Consumer","South","Spain","378.45","34.05","1","0.09"
"2017-12-01","Technology","Copiers","Corporate","Central","France","1946.31","114.45","6","0.0588"
"2017-12-01","Technology","Copiers","Corporate","Central","Netherlands","587.7","-340.98","4","-0.5802"
"2017-12-01","Technology","Copiers","Corporate","North","United Kingdom","122.49","31.83","1","0.2599"
"2017-12-01","Technology","Copiers","Corporate","South","Spain","1115.37","178.2","9","0.1598"
"2017-12-01","Technology","Copiers","Home Office","North","United Kingdom","510.12","249.93","3","0.4899"
"2017-12-01","Technology","Machines","Consumer","Central","France","2534.19","724.35","19","0.2858"
"2017-12-01","Technology","Machines","Consumer","Central","Germany","533.82","5.28","2","0.0099"
"2017-12-01","Technology","Machines","Consumer","Central","Netherlands","471.33","-461.97","3","-0.9801"
"2017-12-01","Technology","Machines","Consumer","South","Italy","283.32","42.48","4","0.1499"
"2017-12-01","Technology","Machines","Consumer","South","Spain","1653.59","228.59","6","0.1382"
"2017-12-01","Technology","Machines","Corporate","Central","Austria","416.7","174.9","5","0.4197"
"2017-12-01","Technology","Machines","Corporate","Central","France","267.27","-25.5","2","-0.0954"
"2017-12-01","Technology","Machines","Corporate","Central","Germany","259.77","38.85","7","0.1496"
"2017-12-01","Technology","Machines","Corporate","Central","Netherlands","175.72","-151.16","3","-0.8602"
"2017-12-01","Technology","Machines","Home Office","Central","Germany","1281.45","102.45","5","0.0799"
"2017-12-01","Technology","Machines","Home Office","North","United Kingdom","799.83","167.94","3","0.21"
"2017-12-01","Technology","Phones","Consumer","Central","France","4403.72","610.34","15","0.1386"
"2017-12-01","Technology","Phones","Consumer","Central","Germany","1459.26","103.68","12","0.071"
"2017-12-01","Technology","Phones","Consumer","North","Ireland","141.33","-113.07","2","-0.8"
"2017-12-01","Technology","Phones","Corporate","Central","France","743.48","146.42","10","0.1969"
"2017-12-01","Technology","Phones","Corporate","Central","Germany","596.4","101.28","8","0.1698"
"2018-01-01","Furniture","Bookcases","Consumer","Central","France","1194.91","348.76","5","0.2919"
"2018-01-01","Furniture","Bookcases","Consumer","South","Italy","388.08","93.12","2","0.24"
"2018-01-01","Furniture","Bookcases","Corporate","Central","France","371.95","33.04","1","0.0888"
"2018-01-01","Furniture","Chairs","Consumer","Central","France","698.65","115.39","6","0.1652"
"2018-01-01","Furniture","Chairs","Consumer","Central","Germany","216.37","54.19","4","0.2504"
"2018-01-01","Furniture","Chairs","Consumer","South","Spain","395.59","-7.4","3","-0.0187"
"2018-01-01","Furniture","Chairs","Corporate","Central","France","364.26","-20.31","3","-0.0558"
"2018-01-01","Furniture","Chairs","Corporate","Central","Germany","354.86","31.49","3","0.0887"
"2018-01-01","Furniture","Chairs","Corporate","North","United Kingdom","703.53","242.91","12","0.3453"
"2018-01-01","Furniture","Chairs","Home Office","South","Italy","358.99","-251.39","6","-0.7003"
"2018-01-01","Furniture","Furnishings","Consumer","Central","France","726.93","188.52","11","0.2593"
"2018-01-01","Furniture","Furnishings","Consumer","Central","Germany","31.56","3.78","1","0.1198"
"2018-01-01","Furniture","Furnishings","Consumer","South","Italy","190.8","13.2","8","0.0692"
"2018-01-01","Furniture","Furnishings","Corporate","Central","Austria","212.16","80.52","4","0.3795"
"2018-01-01","Furniture","Furnishings","Corporate","Central","France","712.5","302.19","8","0.4241"
"2018-01-01","Furniture","Furnishings","Corporate","Central","Netherlands","38.16","-6.24","2","-0.1635"
"2018-01-01","Furniture","Furnishings","Home Office","Central","France","155.7","34.2","3","0.2197"
"2018-01-01","Furniture","Furnishings","Home Office","North","United Kingdom","59.6","-10.24","2","-0.1719"
"2018-01-01","Furniture","Tables","Corporate","North","United Kingdom","1745.34","122.16","2","0.07"
"2018-01-01","Furniture","Tables","Corporate","South","Italy","631.5","-113.7","4","-0.18"
"2018-01-01","Furniture","Tables","Home Office","Central","France","1828.71","-56.43","6","-0.0309"
"2018-01-01","Office Supplies","Appliances","Consumer","North","United Kingdom","180","5.4","3","0.03"
"2018-01-01","Office Supplies","Appliances","Consumer","South","Italy","2243.88","246.72","4","0.11"
"2018-01-01","Office Supplies","Appliances","Corporate","Central","France","1860.65","326.72","5","0.1756"
"2018-01-01","Office Supplies","Art","Consumer","Central","France","353.43","66.6","11","0.1884"
"2018-01-01","Office Supplies","Art","Consumer","Central","Germany","416.01","154.35","16","0.371"
"2018-01-01","Office Supplies","Art","Consumer","North","Norway","101.58","13.2","2","0.1299"
"2018-01-01","Office Supplies","Art","Consumer","North","United Kingdom","546.9","162.54","16","0.2972"
"2018-01-01","Office Supplies","Art","Consumer","South","Italy","328.23","101.19","11","0.3083"
"2018-01-01","Office Supplies","Art","Corporate","Central","France","231.27","81.81","7","0.3537"
"2018-01-01","Office Supplies","Art","Corporate","Central","Germany","227.34","47.94","5","0.2109"
"2018-01-01","Office Supplies","Art","Corporate","Central","Netherlands","157.2","-70.62","6","-0.4492"
"2018-01-01","Office Supplies","Art","Corporate","North","United Kingdom","111.7","-1.34","5","-0.012"
"2018-01-01","Office Supplies","Art","Corporate","South","Italy","60.36","16.44","5","0.2724"
"2018-01-01","Office Supplies","Art","Corporate","South","Spain","193.14","73.26","6","0.3793"
"2018-01-01","Office Supplies","Art","Home Office","Central","France","126.78","44.52","3","0.3512"
"2018-01-01","Office Supplies","Art","Home Office","Central","Germany","346.29","55.23","7","0.1595"
"2018-01-01","Office Supplies","Art","Home Office","North","United Kingdom","93.48","43.92","2","0.4698"
"2018-01-01","Office Supplies","Binders","Consumer","Central","France","682.23","205.77","28","0.3016"
"2018-01-01","Office Supplies","Binders","Consumer","Central","Germany","172.53","9.24","11","0.0536"
"2018-01-01","Office Supplies","Binders","Consumer","Central","Netherlands","89.86","-17.14","10","-0.1908"
"2018-01-01","Office Supplies","Binders","Consumer","North","United Kingdom","123.06","12.09","11","0.0982"
"2018-01-01","Office Supplies","Binders","Consumer","South","Italy","222.72","68.16","8","0.306"
"2018-01-01","Office Supplies","Binders","Consumer","South","Spain","221.67","37.68","17","0.17"
"2018-01-01","Office Supplies","Binders","Corporate","Central","France","110.49","38.43","15","0.3478"
"2018-01-01","Office Supplies","Binders","Corporate","Central","Germany","7.98","0.84","2","0.1053"
"2018-01-01","Office Supplies","Binders","Corporate","North","Norway","31.59","7.2","3","0.2279"
"2018-01-01","Office Supplies","Binders","Corporate","South","Italy","34.38","8.91","3","0.2592"
"2018-01-01","Office Supplies","Binders","Home Office","Central","France","258.9","46.5","5","0.1796"
"2018-01-01","Office Supplies","Binders","Home Office","North","United Kingdom","240.45","105.54","11","0.4389"
"2018-01-01","Office Supplies","Binders","Home Office","South","Italy","23.22","2.16","6","0.093"
"2018-01-01","Office Supplies","Envelopes","Consumer","Central","France","176.76","73.29","6","0.4146"
"2018-01-01","Office Supplies","Envelopes","Consumer","Central","Germany","157.32","17.64","6","0.1121"
"2018-01-01","Office Supplies","Envelopes","Consumer","North","United Kingdom","132.21","33.81","6","0.2557"
"2018-01-01","Office Supplies","Envelopes","Consumer","South","Spain","30.03","14.7","1","0.4895"
"2018-01-01","Office Supplies","Envelopes","Corporate","Central","Netherlands","46.62","-19.62","2","-0.4208"
"2018-01-01","Office Supplies","Envelopes","Corporate","North","United Kingdom","414.65","90.17","16","0.2175"
"2018-01-01","Office Supplies","Fasteners","Consumer","Central","Germany","93.87","7.35","7","0.0783"
"2018-01-01","Office Supplies","Fasteners","Consumer","Central","Netherlands","51.66","-14.58","6","-0.2822"
"2018-01-01","Office Supplies","Fasteners","Consumer","North","Sweden","8.31","-1.35","2","-0.1625"
"2018-01-01","Office Supplies","Fasteners","Consumer","North","United Kingdom","39.3","14.1","5","0.3588"
"2018-01-01","Office Supplies","Fasteners","Consumer","South","Italy","58.56","9.84","4","0.168"
"2018-01-01","Office Supplies","Fasteners","Corporate","North","United Kingdom","72.83","16.19","7","0.2223"
"2018-01-01","Office Supplies","Fasteners","Corporate","South","Italy","63.18","16.92","6","0.2678"
"2018-01-01","Office Supplies","Labels","Consumer","Central","France","112.65","26.88","11","0.2386"
"2018-01-01","Office Supplies","Labels","Consumer","Central","Germany","95.67","15.66","9","0.1637"
"2018-01-01","Office Supplies","Labels","Consumer","South","Italy","31.05","11.16","3","0.3594"
"2018-01-01","Office Supplies","Labels","Corporate","Central","France","45.6","19.95","5","0.4375"
"2018-01-01","Office Supplies","Labels","Corporate","Central","Germany","43.8","3.36","6","0.0767"
"2018-01-01","Office Supplies","Labels","Corporate","North","United Kingdom","50.03","7.46","5","0.1492"
"2018-01-01","Office Supplies","Labels","Home Office","Central","Germany","21.3","1.02","2","0.0479"
"2018-01-01","Office Supplies","Labels","Home Office","North","United Kingdom","45.6","13.44","4","0.2947"
"2018-01-01","Office Supplies","Labels","Home Office","South","Spain","8.85","4.05","1","0.4576"
"2018-01-01","Office Supplies","Paper","Consumer","Central","France","316.71","45","9","0.1421"
"2018-01-01","Office Supplies","Paper","Consumer","Central","Germany","90.9","15.3","6","0.1683"
"2018-01-01","Office Supplies","Paper","Consumer","Central","Netherlands","45.18","-18.12","2","-0.4011"
"2018-01-01","Office Supplies","Paper","Consumer","North","United Kingdom","65.22","16.92","2","0.2594"
"2018-01-01","Office Supplies","Paper","Consumer","South","Italy","97.02","13.56","2","0.1398"
"2018-01-01","Office Supplies","Paper","Corporate","Central","Germany","145.53","20.34","3","0.1398"
"2018-01-01","Office Supplies","Paper","Corporate","North","United Kingdom","255.24","110.16","9","0.4316"
"2018-01-01","Office Supplies","Storage","Consumer","Central","Austria","118.86","55.86","7","0.47"
"2018-01-01","Office Supplies","Storage","Consumer","Central","France","1871.13","486.09","16","0.2598"
"2018-01-01","Office Supplies","Storage","Consumer","Central","Germany","1065.6","42.81","15","0.0402"
"2018-01-01","Office Supplies","Storage","Consumer","North","United Kingdom","232.53","4.59","16","0.0197"
"2018-01-01","Office Supplies","Storage","Consumer","South","Italy","1085.36","-29.5","18","-0.0272"
"2018-01-01","Office Supplies","Storage","Corporate","Central","Austria","215.73","4.05","9","0.0188"
"2018-01-01","Office Supplies","Storage","Corporate","Central","France","1253.69","152.81","11","0.1219"
"2018-01-01","Office Supplies","Storage","Corporate","Central","Netherlands","306.23","-147.01","3","-0.4801"
"2018-01-01","Office Supplies","Storage","Corporate","North","Denmark","206.01","-206.01","3","-1"
"2018-01-01","Office Supplies","Storage","Corporate","North","United Kingdom","366.98","92.9","8","0.2531"
"2018-01-01","Office Supplies","Storage","Corporate","South","Italy","137.81","22.97","4","0.1667"
"2018-01-01","Office Supplies","Storage","Home Office","Central","France","589.19","131.09","4","0.2225"
"2018-01-01","Office Supplies","Storage","Home Office","North","United Kingdom","236.4","33.6","6","0.1421"
"2018-01-01","Office Supplies","Supplies","Consumer","Central","France","140.82","47.58","5","0.3379"
"2018-01-01","Office Supplies","Supplies","Consumer","Central","Germany","192.72","43.38","5","0.2251"
"2018-01-01","Office Supplies","Supplies","Consumer","North","United Kingdom","86.94","4.32","2","0.0497"
"2018-01-01","Office Supplies","Supplies","Corporate","Central","France","71.04","24.84","2","0.3497"
"2018-01-01","Office Supplies","Supplies","Corporate","Central","Germany","70.29","17.16","4","0.2441"
"2018-01-01","Office Supplies","Supplies","Corporate","South","Italy","43.29","20.34","1","0.4699"
"2018-01-01","Office Supplies","Supplies","Home Office","Central","France","275.94","135.03","7","0.4893"
"2018-01-01","Office Supplies","Supplies","Home Office","North","United Kingdom","74.28","33.42","2","0.4499"
"2018-01-01","Technology","Accessories","Consumer","Central","France","1493.31","662.73","11","0.4438"
"2018-01-01","Technology","Accessories","Consumer","Central","Germany","92.7","30.51","3","0.3291"
"2018-01-01","Technology","Accessories","Consumer","South","Italy","1014.72","272.46","4","0.2685"
"2018-01-01","Technology","Accessories","Corporate","Central","Netherlands","61.44","-24.6","4","-0.4004"
"2018-01-01","Technology","Copiers","Consumer","Central","France","1773.32","66.11","9","0.0373"
"2018-01-01","Technology","Copiers","Consumer","Central","Germany","1371.38","482.63","8","0.3519"
"2018-01-01","Technology","Copiers","Consumer","Central","Netherlands","240.84","-62.64","2","-0.2601"
"2018-01-01","Technology","Copiers","Consumer","North","United Kingdom","4141.02","1697.67","13","0.41"
"2018-01-01","Technology","Copiers","Consumer","South","Italy","2847.36","711.84","8","0.25"
"2018-01-01","Technology","Copiers","Consumer","South","Spain","2097.12","188.64","8","0.09"
"2018-01-01","Technology","Copiers","Corporate","Central","France","1621.93","95.38","5","0.0588"
"2018-01-01","Technology","Copiers","Corporate","North","United Kingdom","1843.17","36.75","7","0.0199"
"2018-01-01","Technology","Copiers","Home Office","North","United Kingdom","428.67","42.84","3","0.0999"
"2018-01-01","Technology","Machines","Consumer","Central","France","2200.45","-81.26","20","-0.0369"
"2018-01-01","Technology","Machines","Consumer","Central","Germany","312.21","62.43","1","0.2"
"2018-01-01","Technology","Machines","Consumer","North","Norway","50.04","14.49","1","0.2896"
"2018-01-01","Technology","Machines","Consumer","South","Italy","211","-123.08","2","-0.5833"
"2018-01-01","Technology","Machines","Corporate","Central","France","3509.34","305.73","16","0.0871"
"2018-01-01","Technology","Machines","Corporate","North","United Kingdom","161.94","72.84","2","0.4498"
"2018-01-01","Technology","Machines","Corporate","South","Italy","145.96","-63.29","3","-0.4336"
"2018-01-01","Technology","Machines","Corporate","South","Spain","698.14","106.57","5","0.1526"
"2018-01-01","Technology","Machines","Home Office","Central","Germany","1274.04","477","6","0.3744"
"2018-01-01","Technology","Phones","Consumer","Central","France","2420.82","-7.23","22","-0.003"
"2018-01-01","Technology","Phones","Consumer","Central","Germany","596.4","101.28","8","0.1698"
"2018-01-01","Technology","Phones","Corporate","South","Italy","106.13","-0.01","2","-0.0001"
"2018-01-01","Technology","Phones","Home Office","Central","France","736.82","207.92","5","0.2822"
"2018-01-01","Technology","Phones","Home Office","North","United Kingdom","336.06","57.12","2","0.17"
"2018-02-01","Furniture","Bookcases","Consumer","Central","Germany","754.22","10.34","6","0.0137"
"2018-02-01","Furniture","Bookcases","Consumer","South","Italy","244.14","82.98","2","0.3399"
"2018-02-01","Furniture","Bookcases","Corporate","Central","France","1630.8","18","5","0.011"
"2018-02-01","Furniture","Bookcases","Home Office","North","Sweden","2830.42","-1981.4","13","-0.7"
"2018-02-01","Furniture","Bookcases","Home Office","South","Italy","1235.25","469.35","3","0.38"
"2018-02-01","Furniture","Chairs","Consumer","Central","France","574.56","44.64","8","0.0777"
"2018-02-01","Furniture","Chairs","Consumer","Central","Germany","1786.48","721","6","0.4036"
"2018-02-01","Furniture","Chairs","Consumer","Central","Netherlands","224.01","-143.37","3","-0.64"
"2018-02-01","Furniture","Chairs","Consumer","North","Denmark","31.94","-11.5","1","-0.3603"
"2018-02-01","Furniture","Chairs","Consumer","North","Ireland","248.26","-69.53","3","-0.28"
"2018-02-01","Furniture","Chairs","Consumer","North","United Kingdom","471","226.05","5","0.4799"
"2018-02-01","Furniture","Chairs","Home Office","Central","France","833.95","99.49","10","0.1193"
"2018-02-01","Furniture","Chairs","Home Office","North","United Kingdom","429.48","17.1","3","0.0398"
"2018-02-01","Furniture","Furnishings","Consumer","Central","Germany","50.58","7.08","2","0.14"
"2018-02-01","Furniture","Furnishings","Consumer","North","Denmark","160.99","-229.49","8","-1"
"2018-02-01","Furniture","Furnishings","Corporate","Central","Germany","126.45","17.7","5","0.14"
"2018-02-01","Furniture","Furnishings","Corporate","North","United Kingdom","62.1","-39.36","2","-0.6338"
"2018-02-01","Furniture","Furnishings","Corporate","South","Spain","688.74","6.63","13","0.0096"
"2018-02-01","Furniture","Furnishings","Home Office","Central","France","170.28","30.6","4","0.1797"
"2018-02-01","Furniture","Furnishings","Home Office","Central","Germany","130.95","40.59","3","0.31"
"2018-02-01","Furniture","Furnishings","Home Office","South","Spain","342.51","30.66","7","0.0895"
"2018-02-01","Furniture","Tables","Consumer","Central","Germany","876.68","121.31","3","0.1384"
"2018-02-01","Office Supplies","Appliances","Consumer","Central","France","157.3","59.38","3","0.3775"
"2018-02-01","Office Supplies","Appliances","Consumer","Central","Germany","447.15","34.77","1","0.0778"
"2018-02-01","Office Supplies","Appliances","Consumer","North","United Kingdom","1699.83","84.96","3","0.05"
"2018-02-01","Office Supplies","Appliances","Corporate","Central","France","896.89","219.19","2","0.2444"
"2018-02-01","Office Supplies","Appliances","Corporate","Central","Germany","106.27","11.77","3","0.1108"
"2018-02-01","Office Supplies","Appliances","Corporate","South","Spain","3896.37","1623.03","11","0.4165"
"2018-02-01","Office Supplies","Appliances","Home Office","South","Spain","250.38","100.08","3","0.3997"
"2018-02-01","Office Supplies","Art","Consumer","Central","Belgium","104.4","27.12","4","0.2598"
"2018-02-01","Office Supplies","Art","Consumer","Central","France","327.39","25.92","23","0.0792"
"2018-02-01","Office Supplies","Art","Consumer","Central","Germany","104.64","28.5","4","0.2724"
"2018-02-01","Office Supplies","Art","Consumer","North","United Kingdom","187.83","-27.54","9","-0.1466"
"2018-02-01","Office Supplies","Art","Consumer","South","Spain","310.92","63.39","15","0.2039"
"2018-02-01","Office Supplies","Art","Corporate","Central","Belgium","49.56","15.84","2","0.3196"
"2018-02-01","Office Supplies","Art","Corporate","Central","France","324.45","136.17","9","0.4197"
"2018-02-01","Office Supplies","Art","Corporate","Central","Germany","233.7","109.8","5","0.4698"
"2018-02-01","Office Supplies","Art","Corporate","Central","Netherlands","46.74","-2.82","2","-0.0603"
"2018-02-01","Office Supplies","Art","Corporate","North","United Kingdom","340.94","9.86","11","0.0289"
"2018-02-01","Office Supplies","Art","Corporate","South","Spain","152.28","50.22","6","0.3298"
"2018-02-01","Office Supplies","Art","Home Office","Central","France","29.01","11.88","1","0.4095"
"2018-02-01","Office Supplies","Art","Home Office","Central","Germany","38.4","8.82","2","0.2297"
"2018-02-01","Office Supplies","Art","Home Office","North","Sweden","84.81","-15.78","5","-0.1861"
"2018-02-01","Office Supplies","Art","Home Office","North","United Kingdom","79.29","7.11","3","0.0897"
"2018-02-01","Office Supplies","Art","Home Office","South","Spain","127.26","38.1","4","0.2994"
"2018-02-01","Office Supplies","Binders","Consumer","Central","France","42.66","1.98","3","0.0464"
"2018-02-01","Office Supplies","Binders","Consumer","Central","Germany","207.12","37.2","4","0.1796"
"2018-02-01","Office Supplies","Binders","Consumer","Central","Netherlands","13.96","-4.9","3","-0.3512"
"2018-02-01","Office Supplies","Binders","Consumer","North","United Kingdom","137.11","11.11","8","0.081"
"2018-02-01","Office Supplies","Binders","Consumer","South","Italy","122.49","22.59","6","0.1844"
"2018-02-01","Office Supplies","Binders","Consumer","South","Spain","49.95","13.95","3","0.2793"
"2018-02-01","Office Supplies","Binders","Corporate","North","United Kingdom","80.16","23.97","11","0.2991"
"2018-02-01","Office Supplies","Binders","Home Office","Central","France","141.96","59.43","7","0.4186"
"2018-02-01","Office Supplies","Binders","Home Office","Central","Germany","113.04","23.64","4","0.2091"
"2018-02-01","Office Supplies","Binders","Home Office","North","Sweden","60.96","-50.04","4","-0.8209"
"2018-02-01","Office Supplies","Binders","Home Office","North","United Kingdom","104.94","32.7","8","0.3116"
"2018-02-01","Office Supplies","Envelopes","Consumer","Central","France","162","14.58","6","0.09"
"2018-02-01","Office Supplies","Envelopes","Consumer","Central","Germany","291.78","138.06","7","0.4732"
"2018-02-01","Office Supplies","Envelopes","Consumer","North","Sweden","63.27","-24.21","6","-0.3826"
"2018-02-01","Office Supplies","Envelopes","Consumer","North","United Kingdom","96.12","25.92","4","0.2697"
"2018-02-01","Office Supplies","Envelopes","Corporate","Central","Belgium","21.96","10.71","3","0.4877"
"2018-02-01","Office Supplies","Envelopes","Corporate","Central","France","127.68","10.32","5","0.0808"
"2018-02-01","Office Supplies","Envelopes","Corporate","North","United Kingdom","96.48","30.18","6","0.3128"
"2018-02-01","Office Supplies","Envelopes","Corporate","South","Spain","6","1.26","1","0.21"
"2018-02-01","Office Supplies","Envelopes","Home Office","Central","France","72.96","23.31","3","0.3195"
"2018-02-01","Office Supplies","Envelopes","Home Office","South","Spain","29.52","4.68","2","0.1585"
"2018-02-01","Office Supplies","Fasteners","Consumer","Central","Germany","41.94","7.92","3","0.1888"
"2018-02-01","Office Supplies","Fasteners","Consumer","North","United Kingdom","135.15","33.27","11","0.2462"
"2018-02-01","Office Supplies","Fasteners","Consumer","South","Spain","14.04","0.84","1","0.0598"
"2018-02-01","Office Supplies","Fasteners","Corporate","Central","France","75.84","1.44","4","0.019"
"2018-02-01","Office Supplies","Fasteners","Corporate","South","Italy","56.64","20.88","4","0.3686"
"2018-02-01","Office Supplies","Fasteners","Corporate","South","Spain","44.73","9.36","3","0.2093"
"2018-02-01","Office Supplies","Labels","Consumer","Central","France","91.62","29.1","11","0.3176"
"2018-02-01","Office Supplies","Labels","Consumer","Central","Germany","20.16","6.42","2","0.3185"
"2018-02-01","Office Supplies","Labels","Consumer","North","United Kingdom","28.21","-1.3","6","-0.0463"
"2018-02-01","Office Supplies","Labels","Corporate","Central","France","5.04","0.84","1","0.1667"
"2018-02-01","Office Supplies","Labels","Corporate","Central","Germany","74.88","23.85","6","0.3185"
"2018-02-01","Office Supplies","Labels","Corporate","North","United Kingdom","35.19","16.11","3","0.4578"
"2018-02-01","Office Supplies","Paper","Consumer","Central","France","142.29","43.44","7","0.3053"
"2018-02-01","Office Supplies","Paper","Consumer","North","Denmark","49.77","-4.05","6","-0.0814"
"2018-02-01","Office Supplies","Paper","Corporate","North","United Kingdom","33.6","10.08","2","0.3"
"2018-02-01","Office Supplies","Paper","Home Office","South","Italy","55.92","27.36","2","0.4893"
"2018-02-01","Office Supplies","Storage","Consumer","Central","Austria","145.35","0","3","0"
"2018-02-01","Office Supplies","Storage","Consumer","Central","France","1077.03","155.25","8","0.1441"
"2018-02-01","Office Supplies","Storage","Consumer","Central","Germany","1390.31","286.31","12","0.2059"
"2018-02-01","Office Supplies","Storage","Consumer","North","United Kingdom","493.64","-235.42","8","-0.4769"
"2018-02-01","Office Supplies","Storage","Consumer","South","Italy","484.6","56.38","6","0.1163"
"2018-02-01","Office Supplies","Storage","Corporate","Central","Austria","411.93","164.7","3","0.3998"
"2018-02-01","Office Supplies","Storage","Corporate","Central","France","550.07","20.33","6","0.037"
"2018-02-01","Office Supplies","Storage","Corporate","North","Sweden","210.69","-105.39","2","-0.5002"
"2018-02-01","Office Supplies","Storage","Corporate","North","United Kingdom","900.24","257.46","23","0.286"
"2018-02-01","Office Supplies","Storage","Corporate","South","Spain","103.36","45.94","2","0.4444"
"2018-02-01","Office Supplies","Storage","Home Office","Central","France","1006.78","149.17","11","0.1482"
"2018-02-01","Office Supplies","Storage","Home Office","North","Sweden","534.33","-281.79","11","-0.5274"
"2018-02-01","Office Supplies","Storage","Home Office","South","Italy","141.3","13.98","11","0.0989"
"2018-02-01","Office Supplies","Supplies","Consumer","North","United Kingdom","128.85","-74.85","5","-0.5809"
"2018-02-01","Office Supplies","Supplies","Consumer","South","Italy","111.12","18.84","4","0.1695"
"2018-02-01","Office Supplies","Supplies","Corporate","Central","Germany","106.8","44.76","4","0.4191"
"2018-02-01","Office Supplies","Supplies","Corporate","Central","Netherlands","27.3","-25.14","2","-0.9209"
"2018-02-01","Office Supplies","Supplies","Corporate","North","United Kingdom","56.97","4.5","3","0.079"
"2018-02-01","Office Supplies","Supplies","Corporate","South","Spain","139.56","55.8","4","0.3998"
"2018-02-01","Technology","Accessories","Consumer","Central","France","216.72","43.2","6","0.1993"
"2018-02-01","Technology","Accessories","Consumer","Central","Germany","81.63","8.1","3","0.0992"
"2018-02-01","Technology","Accessories","Consumer","North","United Kingdom","692.34","135.96","14","0.1964"
"2018-02-01","Technology","Accessories","Corporate","Central","France","114.3","7.92","3","0.0693"
"2018-02-01","Technology","Accessories","Corporate","North","Norway","334.68","110.4","4","0.3299"
"2018-02-01","Technology","Accessories","Corporate","North","United Kingdom","867.81","67.86","15","0.0782"
"2018-02-01","Technology","Accessories","Corporate","South","Spain","88.47","11.43","3","0.1292"
"2018-02-01","Technology","Copiers","Consumer","Central","France","3225.22","54.13","16","0.0168"
"2018-02-01","Technology","Copiers","Consumer","Central","Germany","1072.08","353.7","3","0.3299"
"2018-02-01","Technology","Copiers","Consumer","Central","Netherlands","735.39","-235.35","6","-0.32"
"2018-02-01","Technology","Copiers","Consumer","North","United Kingdom","262.14","-214.98","2","-0.8201"
"2018-02-01","Technology","Copiers","Consumer","South","Italy","757.32","371.04","2","0.4899"
"2018-02-01","Technology","Copiers","Corporate","Central","France","1299.68","-15.52","8","-0.0119"
"2018-02-01","Technology","Copiers","Home Office","Central","Germany","576.72","28.8","4","0.0499"
"2018-02-01","Technology","Copiers","Home Office","South","Spain","574.02","269.73","3","0.4699"
"2018-02-01","Technology","Machines","Consumer","Central","Germany","332.01","112.77","7","0.3397"
"2018-02-01","Technology","Machines","Consumer","North","Norway","369.09","14.76","3","0.04"
"2018-02-01","Technology","Machines","Consumer","North","United Kingdom","268.62","-85.98","2","-0.3201"
"2018-02-01","Technology","Machines","Consumer","South","Spain","311.69","114.23","3","0.3665"
"2018-02-01","Technology","Machines","Corporate","Central","Austria","173.82","24.33","1","0.14"
"2018-02-01","Technology","Machines","Corporate","Central","France","918.46","21.52","9","0.0234"
"2018-02-01","Technology","Machines","Corporate","Central","Germany","1340.46","402.12","5","0.3"
"2018-02-01","Technology","Machines","Corporate","Central","Netherlands","46.53","-21.45","2","-0.461"
"2018-02-01","Technology","Machines","Corporate","South","Italy","724.25","-446.71","4","-0.6168"
"2018-02-01","Technology","Machines","Home Office","Central","France","482.49","-5.76","7","-0.0119"
"2018-02-01","Technology","Machines","Home Office","South","Italy","102.31","-66.53","2","-0.6502"
"2018-02-01","Technology","Phones","Consumer","Central","France","1016.53","-29.81","11","-0.0293"
"2018-02-01","Technology","Phones","Consumer","Central","Germany","528.66","137.43","3","0.26"
"2018-02-01","Technology","Phones","Consumer","South","Spain","636.77","212.21","8","0.3333"
"2018-02-01","Technology","Phones","Corporate","Central","France","225.47","-26.53","2","-0.1177"
"2018-02-01","Technology","Phones","Corporate","Central","Germany","672.48","87.36","4","0.1299"
"2018-02-01","Technology","Phones","Corporate","North","United Kingdom","1084.77","134.55","12","0.124"
"2018-02-01","Technology","Phones","Corporate","South","Spain","450.6","24.99","3","0.0555"
"2018-02-01","Technology","Phones","Home Office","South","Spain","248.18","104.78","2","0.4222"
"2018-03-01","Furniture","Bookcases","Consumer","Central","France","2953.58","754.7","8","0.2555"
"2018-03-01","Furniture","Bookcases","Consumer","North","Ireland","291.78","-204.3","4","-0.7002"
"2018-03-01","Furniture","Bookcases","Corporate","Central","France","1114.24","383.71","3","0.3444"
"2018-03-01","Furniture","Bookcases","Corporate","Central","Germany","745.69","182.23","2","0.2444"
"2018-03-01","Furniture","Bookcases","Corporate","North","United Kingdom","1299.42","322.2","7","0.248"
"2018-03-01","Furniture","Bookcases","Corporate","South","Italy","2060.7","700.5","5","0.3399"
"2018-03-01","Furniture","Bookcases","Home Office","Central","France","446.15","198.23","4","0.4443"
"2018-03-01","Furniture","Bookcases","Home Office","North","United Kingdom","428.4","38.52","3","0.0899"
"2018-03-01","Furniture","Chairs","Consumer","Central","Belgium","547.83","153.36","3","0.2799"
"2018-03-01","Furniture","Chairs","Consumer","Central","France","1087.67","108.59","8","0.0998"
"2018-03-01","Furniture","Chairs","Consumer","Central","Netherlands","41.12","-5.78","1","-0.1405"
"2018-03-01","Furniture","Chairs","Consumer","North","Ireland","238.65","-162.3","5","-0.6801"
"2018-03-01","Furniture","Chairs","Consumer","North","United Kingdom","510.57","193.95","3","0.3799"
"2018-03-01","Furniture","Chairs","Home Office","Central","Germany","2092.5","720.75","5","0.3444"
"2018-03-01","Furniture","Furnishings","Consumer","Central","France","453.12","117.72","4","0.2598"
"2018-03-01","Furniture","Furnishings","Consumer","Central","Germany","246.18","74.46","10","0.3025"
"2018-03-01","Furniture","Furnishings","Consumer","Central","Netherlands","832.15","-107.21","13","-0.1288"
"2018-03-01","Furniture","Furnishings","Corporate","Central","Austria","242.1","14.4","5","0.0595"
"2018-03-01","Office Supplies","Appliances","Consumer","Central","Germany","186.79","-14.54","3","-0.0779"
"2018-03-01","Office Supplies","Appliances","Consumer","North","Denmark","81.32","-43.96","3","-0.5407"
"2018-03-01","Office Supplies","Appliances","Consumer","South","Italy","1078.08","323.4","2","0.3"
"2018-03-01","Office Supplies","Appliances","Corporate","North","United Kingdom","1159.62","25.62","14","0.0221"
"2018-03-01","Office Supplies","Appliances","Corporate","South","Italy","163.56","57.24","2","0.35"
"2018-03-01","Office Supplies","Art","Consumer","Central","France","729.24","219","25","0.3003"
"2018-03-01","Office Supplies","Art","Consumer","Central","Germany","191.91","47.07","10","0.2453"
"2018-03-01","Office Supplies","Art","Consumer","North","Ireland","78.21","-58.65","4","-0.7499"
"2018-03-01","Office Supplies","Art","Consumer","North","United Kingdom","559.62","88.68","12","0.1585"
"2018-03-01","Office Supplies","Art","Consumer","South","Italy","155.34","4.59","3","0.0295"
"2018-03-01","Office Supplies","Art","Corporate","Central","France","280.14","35.1","6","0.1253"
"2018-03-01","Office Supplies","Art","Corporate","Central","Germany","306.86","-33.32","14","-0.1086"
"2018-03-01","Office Supplies","Art","Corporate","North","Ireland","67.41","-67.41","6","-1"
"2018-03-01","Office Supplies","Art","Corporate","North","United Kingdom","252.96","20.58","12","0.0814"
"2018-03-01","Office Supplies","Art","Corporate","South","Italy","489.87","137.04","18","0.2797"
"2018-03-01","Office Supplies","Art","Corporate","South","Spain","33.72","12.12","2","0.3594"
"2018-03-01","Office Supplies","Art","Home Office","Central","France","199.44","0","4","0"
"2018-03-01","Office Supplies","Art","Home Office","South","Italy","110.25","19.8","5","0.1796"
"2018-03-01","Office Supplies","Binders","Consumer","Central","France","260.22","50.19","20","0.1929"
"2018-03-01","Office Supplies","Binders","Consumer","Central","Germany","123.42","37.71","11","0.3055"
"2018-03-01","Office Supplies","Binders","Consumer","North","United Kingdom","74.92","14.92","5","0.1992"
"2018-03-01","Office Supplies","Binders","Consumer","South","Italy","63.9","27.45","5","0.4296"
"2018-03-01","Office Supplies","Binders","Corporate","Central","France","35.91","3.78","9","0.1053"
"2018-03-01","Office Supplies","Binders","Corporate","Central","Germany","77.4","30.06","6","0.3884"
"2018-03-01","Office Supplies","Binders","Corporate","South","Italy","81.27","33.93","8","0.4175"
"2018-03-01","Office Supplies","Binders","Home Office","Central","France","348.39","97.44","7","0.2797"
"2018-03-01","Office Supplies","Binders","Home Office","Central","Germany","45.45","5.4","3","0.1188"
"2018-03-01","Office Supplies","Envelopes","Consumer","Central","France","61.47","10.98","3","0.1786"
"2018-03-01","Office Supplies","Envelopes","Consumer","Central","Germany","501.81","106.71","17","0.2127"
"2018-03-01","Office Supplies","Envelopes","Consumer","South","Spain","81.96","32.76","4","0.3997"
"2018-03-01","Office Supplies","Envelopes","Corporate","Central","France","117","17.46","6","0.1492"
"2018-03-01","Office Supplies","Envelopes","Corporate","Central","Germany","178.89","3.39","5","0.019"
"2018-03-01","Office Supplies","Envelopes","Corporate","South","Spain","37.35","4.47","1","0.1197"
"2018-03-01","Office Supplies","Fasteners","Consumer","Central","France","42.36","11.76","4","0.2776"
"2018-03-01","Office Supplies","Fasteners","Consumer","Central","Netherlands","9.7","-0.8","1","-0.0819"
"2018-03-01","Office Supplies","Fasteners","Consumer","North","United Kingdom","44.79","11.4","3","0.2546"
"2018-03-01","Office Supplies","Fasteners","Corporate","South","Italy","21.84","8.28","2","0.3791"
"2018-03-01","Office Supplies","Fasteners","Home Office","Central","Germany","55.56","7.68","4","0.1382"
"2018-03-01","Office Supplies","Fasteners","Home Office","South","Italy","56.7","5.55","5","0.0979"
"2018-03-01","Office Supplies","Labels","Consumer","Central","Germany","38.19","8.79","4","0.2302"
"2018-03-01","Office Supplies","Labels","Consumer","Central","Netherlands","25.44","0","4","0"
"2018-03-01","Office Supplies","Labels","Corporate","Central","France","40.32","12.84","4","0.3185"
"2018-03-01","Office Supplies","Labels","Corporate","South","Italy","11.37","3.18","1","0.2797"
"2018-03-01","Office Supplies","Labels","Home Office","Central","Germany","41.25","5.7","5","0.1382"
"2018-03-01","Office Supplies","Paper","Consumer","Central","Belgium","18.09","5.76","1","0.3184"
"2018-03-01","Office Supplies","Paper","Consumer","Central","Netherlands","65.64","-25.83","5","-0.3935"
"2018-03-01","Office Supplies","Paper","Corporate","Central","France","27.06","6.48","2","0.2395"
"2018-03-01","Office Supplies","Paper","Corporate","North","United Kingdom","61.83","16.38","5","0.2649"
"2018-03-01","Office Supplies","Paper","Home Office","Central","France","145.95","21.84","7","0.1496"
"2018-03-01","Office Supplies","Paper","Home Office","South","Italy","53.64","14.4","3","0.2685"
"2018-03-01","Office Supplies","Storage","Consumer","Central","France","1961.17","120.1","22","0.0612"
"2018-03-01","Office Supplies","Storage","Consumer","Central","Germany","164.4","-11.37","4","-0.0691"
"2018-03-01","Office Supplies","Storage","Consumer","North","Ireland","112.72","-95.14","5","-0.844"
"2018-03-01","Office Supplies","Storage","Consumer","North","United Kingdom","1077.6","91.38","12","0.0848"
"2018-03-01","Office Supplies","Storage","Consumer","South","Italy","76.48","-49.73","1","-0.6502"
"2018-03-01","Office Supplies","Storage","Corporate","Central","France","245.48","29.96","2","0.1221"
"2018-03-01","Office Supplies","Storage","Corporate","Central","Germany","382.32","29.7","3","0.0777"
"2018-03-01","Office Supplies","Storage","Corporate","North","United Kingdom","511.58","-225.22","5","-0.4403"
"2018-03-01","Office Supplies","Storage","Home Office","Central","France","1021.6","80.38","16","0.0787"
"2018-03-01","Office Supplies","Storage","Home Office","Central","Germany","664.58","36.35","7","0.0547"
"2018-03-01","Office Supplies","Storage","Home Office","Central","Netherlands","193.32","-166.32","3","-0.8603"
"2018-03-01","Office Supplies","Storage","Home Office","North","United Kingdom","926.94","197.91","18","0.2135"
"2018-03-01","Office Supplies","Storage","Home Office","South","Italy","58.21","-7.79","2","-0.1338"
"2018-03-01","Office Supplies","Storage","Home Office","South","Spain","85.32","-9.48","4","-0.1111"
"2018-03-01","Office Supplies","Supplies","Consumer","Central","Germany","163.32","26.04","4","0.1594"
"2018-03-01","Office Supplies","Supplies","Consumer","North","Ireland","155.93","-155.93","9","-1"
"2018-03-01","Office Supplies","Supplies","Consumer","North","United Kingdom","240.45","21.6","5","0.0898"
"2018-03-01","Office Supplies","Supplies","Corporate","Central","Germany","125.1","14.94","3","0.1194"
"2018-03-01","Office Supplies","Supplies","Corporate","South","Spain","190.98","53.46","6","0.2799"
"2018-03-01","Office Supplies","Supplies","Home Office","Central","France","221.7","64.2","5","0.2896"
"2018-03-01","Office Supplies","Supplies","Home Office","Central","Germany","54.24","11.88","4","0.219"
"2018-03-01","Technology","Accessories","Consumer","Central","France","853.56","129.66","8","0.1519"
"2018-03-01","Technology","Accessories","Consumer","Central","Germany","221.4","35.4","4","0.1599"
"2018-03-01","Technology","Accessories","Consumer","North","United Kingdom","84.96","38.16","3","0.4492"
"2018-03-01","Technology","Accessories","Corporate","Central","Germany","115.08","26.46","2","0.2299"
"2018-03-01","Technology","Copiers","Consumer","Central","France","711.86","293.12","7","0.4118"
"2018-03-01","Technology","Copiers","Consumer","North","Ireland","449.91","-90","3","-0.2"
"2018-03-01","Technology","Copiers","Consumer","North","United Kingdom","359.85","147.51","1","0.4099"
"2018-03-01","Technology","Copiers","Consumer","South","Italy","385.02","50.04","3","0.13"
"2018-03-01","Technology","Copiers","Corporate","Central","Austria","1060.44","360.48","4","0.3399"
"2018-03-01","Technology","Copiers","Corporate","Central","France","2582.39","-303.8","10","-0.1176"
"2018-03-01","Technology","Copiers","Corporate","North","United Kingdom","1174.47","458.52","7","0.3904"
"2018-03-01","Technology","Copiers","Corporate","South","Italy","297.48","145.74","2","0.4899"
"2018-03-01","Technology","Copiers","Corporate","South","Spain","736.5","0","5","0"
"2018-03-01","Technology","Copiers","Home Office","Central","Germany","1029.6","205.92","8","0.2"
"2018-03-01","Technology","Machines","Consumer","Central","France","581.6","157.34","4","0.2705"
"2018-03-01","Technology","Machines","Corporate","Central","Germany","241.32","-77.28","4","-0.3202"
"2018-03-01","Technology","Machines","Corporate","North","United Kingdom","1335.63","318.09","9","0.2382"
"2018-03-01","Technology","Machines","Corporate","South","Italy","262.93","-30.83","9","-0.1173"
"2018-03-01","Technology","Machines","Corporate","South","Spain","183.6","55.59","2","0.3028"
"2018-03-01","Technology","Machines","Home Office","South","Italy","200.02","6.58","4","0.0329"
"2018-03-01","Technology","Phones","Consumer","Central","Germany","528.66","137.43","3","0.26"
"2018-03-01","Technology","Phones","Consumer","North","Denmark","656.91","-65.88","9","-0.1003"
"2018-03-01","Technology","Phones","Corporate","Central","Austria","265.26","13.26","2","0.05"
"2018-03-01","Technology","Phones","Corporate","South","Spain","444.2","148.04","4","0.3333"
"2018-03-01","Technology","Phones","Home Office","North","United Kingdom","520.38","150.84","3","0.2899"
"2018-04-01","Furniture","Bookcases","Consumer","Central","France","1821.64","227.02","14","0.1246"
"2018-04-01","Furniture","Bookcases","Consumer","Central","Germany","1190.3","14.54","12","0.0122"
"2018-04-01","Furniture","Bookcases","Consumer","Central","Netherlands","396.18","-277.38","4","-0.7001"
"2018-04-01","Furniture","Bookcases","Consumer","North","United Kingdom","1116.99","446.79","10","0.4"
"2018-04-01","Furniture","Bookcases","Consumer","South","Italy","1232.28","529.83","3","0.43"
"2018-04-01","Furniture","Bookcases","Corporate","Central","Belgium","245.04","9.78","2","0.0399"
"2018-04-01","Furniture","Bookcases","Corporate","Central","France","556.72","-40.34","6","-0.0725"
"2018-04-01","Furniture","Bookcases","Corporate","Central","Germany","1578.64","613.84","4","0.3888"
"2018-04-01","Furniture","Bookcases","Corporate","Central","Netherlands","168.3","-50.52","2","-0.3002"
"2018-04-01","Furniture","Bookcases","Corporate","North","Sweden","170.73","-140.01","2","-0.8201"
"2018-04-01","Furniture","Bookcases","Corporate","North","United Kingdom","5764.04","491.36","25","0.0852"
"2018-04-01","Furniture","Bookcases","Corporate","South","Spain","361.86","126.63","1","0.3499"
"2018-04-01","Furniture","Bookcases","Home Office","Central","France","439.34","63.38","4","0.1443"
"2018-04-01","Furniture","Bookcases","Home Office","Central","Germany","1156.68","-12.96","9","-0.0112"
"2018-04-01","Furniture","Chairs","Consumer","Central","Austria","316.05","104.16","7","0.3296"
"2018-04-01","Furniture","Chairs","Consumer","Central","France","624.38","54.22","5","0.0868"
"2018-04-01","Furniture","Chairs","Consumer","Central","Germany","269.19","32.79","5","0.1218"
"2018-04-01","Furniture","Chairs","Consumer","Central","Netherlands","157.98","-63.3","4","-0.4007"
"2018-04-01","Furniture","Chairs","Corporate","Central","France","156.01","20.74","3","0.1329"
"2018-04-01","Furniture","Chairs","Home Office","Central","France","355.97","-11.95","8","-0.0336"
"2018-04-01","Furniture","Furnishings","Consumer","Central","France","226.47","7.26","7","0.0321"
"2018-04-01","Furniture","Furnishings","Consumer","Central","Netherlands","211.92","-50.43","5","-0.238"
"2018-04-01","Furniture","Furnishings","Consumer","North","United Kingdom","28.57","-0.05","3","-0.0019"
"2018-04-01","Furniture","Furnishings","Consumer","South","Italy","990.36","435.51","9","0.4397"
"2018-04-01","Furniture","Furnishings","Consumer","South","Spain","258","123.75","5","0.4797"
"2018-04-01","Furniture","Furnishings","Corporate","Central","Belgium","25.26","10.08","1","0.399"
"2018-04-01","Furniture","Furnishings","Corporate","Central","France","95.28","11.4","4","0.1196"
"2018-04-01","Furniture","Furnishings","Corporate","North","Sweden","76.22","-91.54","8","-1"
"2018-04-01","Furniture","Furnishings","Corporate","South","Italy","765.9","53.82","12","0.0703"
"2018-04-01","Furniture","Furnishings","Corporate","South","Spain","94.38","33.96","2","0.3598"
"2018-04-01","Office Supplies","Appliances","Consumer","Central","Germany","1229.95","92.77","13","0.0754"
"2018-04-01","Office Supplies","Appliances","Consumer","North","United Kingdom","3469.7","-135.82","12","-0.0391"
"2018-04-01","Office Supplies","Art","Consumer","Central","France","344.31","113.76","17","0.3304"
"2018-04-01","Office Supplies","Art","Consumer","Central","Germany","385.44","132.75","13","0.3444"
"2018-04-01","Office Supplies","Art","Consumer","Central","Netherlands","36.76","-7.42","3","-0.202"
"2018-04-01","Office Supplies","Art","Consumer","North","Sweden","26.96","-14.56","1","-0.5403"
"2018-04-01","Office Supplies","Art","Consumer","North","United Kingdom","66.18","21.99","3","0.3322"
"2018-04-01","Office Supplies","Art","Consumer","South","Italy","53.4","14.94","2","0.2798"
"2018-04-01","Office Supplies","Art","Corporate","Central","France","258.62","59.41","8","0.2297"
"2018-04-01","Office Supplies","Art","Corporate","Central","Germany","571.32","108.36","12","0.1897"
"2018-04-01","Office Supplies","Art","Corporate","North","Ireland","77.7","-63.84","7","-0.8216"
"2018-04-01","Office Supplies","Art","Home Office","Central","Austria","44.22","7.92","2","0.1791"
"2018-04-01","Office Supplies","Art","Home Office","Central","France","109.92","38.46","2","0.3499"
"2018-04-01","Office Supplies","Art","Home Office","North","United Kingdom","288.54","48.9","8","0.1695"
"2018-04-01","Office Supplies","Binders","Consumer","Central","France","712.44","119.97","23","0.1684"
"2018-04-01","Office Supplies","Binders","Consumer","Central","Germany","95.32","-18.22","10","-0.1912"
"2018-04-01","Office Supplies","Binders","Consumer","Central","Netherlands","11.19","-5.43","2","-0.4853"
"2018-04-01","Office Supplies","Binders","Consumer","North","Denmark","2.96","-2.44","1","-0.8274"
"2018-04-01","Office Supplies","Binders","Corporate","Central","Austria","88.74","15.03","3","0.1694"
"2018-04-01","Office Supplies","Binders","Corporate","Central","Germany","488.94","129.81","18","0.2655"
"2018-04-01","Office Supplies","Binders","Corporate","Central","Netherlands","22.58","-5.14","7","-0.2279"
"2018-04-01","Office Supplies","Binders","Corporate","North","United Kingdom","17.55","0","5","0"
"2018-04-01","Office Supplies","Binders","Corporate","South","Portugal","39.6","-33.3","5","-0.8409"
"2018-04-01","Office Supplies","Binders","Corporate","South","Spain","12.24","0.48","2","0.0392"
"2018-04-01","Office Supplies","Binders","Home Office","Central","France","167.46","53.52","14","0.3196"
"2018-04-01","Office Supplies","Binders","Home Office","Central","Germany","105.18","25.2","2","0.2396"
"2018-04-01","Office Supplies","Envelopes","Consumer","Central","Netherlands","62.32","-56.18","5","-0.9013"
"2018-04-01","Office Supplies","Envelopes","Corporate","Central","France","13.05","4.68","1","0.3586"
"2018-04-01","Office Supplies","Envelopes","Corporate","South","Spain","118.65","42.63","7","0.3593"
"2018-04-01","Office Supplies","Envelopes","Home Office","Central","Netherlands","26.19","-0.03","2","-0.0011"
"2018-04-01","Office Supplies","Envelopes","Home Office","North","United Kingdom","15.34","2.56","1","0.1667"
"2018-04-01","Office Supplies","Envelopes","Home Office","South","Spain","68.67","10.98","3","0.1599"
"2018-04-01","Office Supplies","Fasteners","Consumer","Central","France","173.91","81.57","12","0.469"
"2018-04-01","Office Supplies","Fasteners","Consumer","Central","Germany","44.67","11.25","4","0.2518"
"2018-04-01","Office Supplies","Fasteners","Consumer","Central","Netherlands","27.45","-4.95","5","-0.1803"
"2018-04-01","Office Supplies","Fasteners","Corporate","Central","France","7.22","-0.16","1","-0.0229"
"2018-04-01","Office Supplies","Fasteners","Corporate","North","Sweden","34.12","-12.38","5","-0.3626"
"2018-04-01","Office Supplies","Fasteners","Corporate","North","United Kingdom","183.24","29.22","14","0.1595"
"2018-04-01","Office Supplies","Labels","Consumer","Central","France","102.87","20.88","11","0.203"
"2018-04-01","Office Supplies","Labels","Consumer","Central","Germany","62.79","8.97","7","0.1429"
"2018-04-01","Office Supplies","Labels","Consumer","South","Italy","21.6","10.8","2","0.5"
"2018-04-01","Office Supplies","Labels","Corporate","Central","France","10.5","-3.78","2","-0.36"
"2018-04-01","Office Supplies","Labels","Corporate","Central","Germany","28.53","1.08","3","0.0379"
"2018-04-01","Office Supplies","Labels","Home Office","South","Spain","19.98","9.36","3","0.4685"
"2018-04-01","Office Supplies","Paper","Consumer","Central","France","452.64","63.33","16","0.1399"
"2018-04-01","Office Supplies","Paper","Consumer","Central","Germany","101.25","-6.75","5","-0.0667"
"2018-04-01","Office Supplies","Paper","Corporate","Central","France","15.57","-9.69","2","-0.6224"
"2018-04-01","Office Supplies","Paper","Corporate","North","United Kingdom","47.46","21.3","2","0.4488"
"2018-04-01","Office Supplies","Paper","Corporate","South","Italy","79.11","15.75","3","0.1991"
"2018-04-01","Office Supplies","Paper","Corporate","South","Spain","233.55","17.25","9","0.0739"
"2018-04-01","Office Supplies","Paper","Home Office","Central","Germany","348.62","108.38","8","0.3109"
"2018-04-01","Office Supplies","Storage","Consumer","Central","France","2152.22","251.72","18","0.117"
"2018-04-01","Office Supplies","Storage","Consumer","Central","Germany","976.28","225.14","13","0.2306"
"2018-04-01","Office Supplies","Storage","Consumer","North","Sweden","259.27","-145.94","13","-0.5629"
"2018-04-01","Office Supplies","Storage","Consumer","North","United Kingdom","612","-68.13","11","-0.1113"
"2018-04-01","Office Supplies","Storage","Corporate","Central","Austria","112.92","28.2","2","0.2497"
"2018-04-01","Office Supplies","Storage","Corporate","Central","Belgium","60.48","2.97","3","0.0491"
"2018-04-01","Office Supplies","Storage","Corporate","Central","France","3911.84","698.45","27","0.1785"
"2018-04-01","Office Supplies","Storage","Corporate","Central","Germany","230.26","20.44","2","0.0888"
"2018-04-01","Office Supplies","Storage","Corporate","North","Ireland","632.07","-316.17","6","-0.5002"
"2018-04-01","Office Supplies","Storage","Corporate","North","United Kingdom","57.84","21.39","1","0.3698"
"2018-04-01","Office Supplies","Storage","Corporate","South","Italy","657.43","-174.83","6","-0.2659"
"2018-04-01","Office Supplies","Storage","Corporate","South","Spain","817.61","296.66","17","0.3628"
"2018-04-01","Office Supplies","Storage","Home Office","Central","Germany","414.07","28.87","6","0.0697"
"2018-04-01","Office Supplies","Storage","Home Office","Central","Netherlands","24.45","-24.45","2","-1"
"2018-04-01","Office Supplies","Supplies","Consumer","Central","Austria","113.4","54.36","3","0.4794"
"2018-04-01","Office Supplies","Supplies","Consumer","Central","France","335.13","60.96","8","0.1819"
"2018-04-01","Office Supplies","Supplies","Consumer","Central","Germany","106.56","37.26","3","0.3497"
"2018-04-01","Office Supplies","Supplies","Consumer","North","Denmark","86.94","-78.3","4","-0.9006"
"2018-04-01","Office Supplies","Supplies","Consumer","North","Sweden","45.06","-1.86","4","-0.0413"
"2018-04-01","Office Supplies","Supplies","Consumer","South","Spain","129.87","61.02","3","0.4699"
"2018-04-01","Office Supplies","Supplies","Corporate","Central","Germany","131.76","57.06","4","0.4331"
"2018-04-01","Office Supplies","Supplies","Corporate","North","United Kingdom","79.2","21.24","6","0.2682"
"2018-04-01","Office Supplies","Supplies","Corporate","South","Italy","139.23","65.43","3","0.4699"
"2018-04-01","Technology","Accessories","Consumer","Central","Austria","81.69","6.51","1","0.0797"
"2018-04-01","Technology","Accessories","Consumer","Central","France","206.76","28.92","2","0.1399"
"2018-04-01","Technology","Accessories","Consumer","Central","Germany","3354.62","1245.77","15","0.3714"
"2018-04-01","Technology","Accessories","Consumer","North","United Kingdom","597.66","101.43","7","0.1697"
"2018-04-01","Technology","Accessories","Corporate","Central","Belgium","121.5","14.58","3","0.12"
"2018-04-01","Technology","Accessories","Corporate","Central","France","114.81","25.23","1","0.2198"
"2018-04-01","Technology","Accessories","Corporate","South","Italy","58.83","6.45","1","0.1096"
"2018-04-01","Technology","Accessories","Home Office","Central","France","958.62","111.51","13","0.1163"
"2018-04-01","Technology","Copiers","Consumer","Central","France","2096.53","104.65","17","0.0499"
"2018-04-01","Technology","Copiers","Consumer","North","United Kingdom","577.53","190.53","3","0.3299"
"2018-04-01","Technology","Copiers","Consumer","South","Italy","1543.44","370.32","8","0.2399"
"2018-04-01","Technology","Copiers","Corporate","Central","France","1311.52","135.13","5","0.103"
"2018-04-01","Technology","Copiers","Corporate","North","United Kingdom","1250.04","364.68","8","0.2917"
"2018-04-01","Technology","Copiers","Corporate","South","Spain","192.78","46.26","1","0.24"
"2018-04-01","Technology","Copiers","Home Office","Central","France","3192.14","447.98","14","0.1403"
"2018-04-01","Technology","Copiers","Home Office","South","Spain","243.33","121.65","1","0.4999"
"2018-04-01","Technology","Machines","Consumer","Central","Germany","2636.97","226.71","15","0.086"
"2018-04-01","Technology","Machines","Consumer","Central","Netherlands","46.41","-0.03","2","-0.0006"
"2018-04-01","Technology","Machines","Consumer","South","Italy","206.78","-58.6","2","-0.2834"
"2018-04-01","Technology","Machines","Consumer","South","Spain","143.86","-6.5","4","-0.0452"
"2018-04-01","Technology","Machines","Corporate","South","Spain","461.29","53.03","8","0.1149"
"2018-04-01","Technology","Machines","Home Office","Central","France","1599.16","37.48","6","0.0234"
"2018-04-01","Technology","Machines","Home Office","North","United Kingdom","524.43","42.33","7","0.0807"
"2018-04-01","Technology","Machines","Home Office","South","Spain","175.61","56.57","4","0.3221"
"2018-04-01","Technology","Phones","Consumer","Central","Germany","513.02","65.21","7","0.1271"
"2018-04-01","Technology","Phones","Consumer","North","United Kingdom","509.04","91.62","3","0.18"
"2018-04-01","Technology","Phones","Consumer","South","Spain","300.4","16.66","2","0.0555"
"2018-04-01","Technology","Phones","Corporate","Central","France","566.92","-0.08","4","-0.0001"
"2018-04-01","Technology","Phones","Corporate","Central","Germany","1958.04","509.04","3","0.26"
"2018-04-01","Technology","Phones","Corporate","North","Sweden","273.36","-87.48","4","-0.32"
"2018-04-01","Technology","Phones","Corporate","South","Spain","332.75","-14.83","3","-0.0446"
"2018-04-01","Technology","Phones","Home Office","Central","Germany","252.3","55.5","2","0.22"
"2018-05-01","Furniture","Bookcases","Consumer","Central","France","1189.31","-751.45","10","-0.6318"
"2018-05-01","Furniture","Bookcases","Consumer","North","United Kingdom","594.6","118.92","4","0.2"
"2018-05-01","Furniture","Bookcases","Consumer","South","Italy","673.98","293.55","5","0.4355"
"2018-05-01","Furniture","Bookcases","Home Office","Central","France","1189.24","250.99","9","0.2111"
"2018-05-01","Furniture","Chairs","Consumer","Central","France","1438.94","265.31","8","0.1844"
"2018-05-01","Furniture","Chairs","Consumer","Central","Germany","849.99","78.27","8","0.0921"
"2018-05-01","Furniture","Chairs","Consumer","Central","Netherlands","132.87","-55.83","2","-0.4202"
"2018-05-01","Furniture","Chairs","Consumer","North","Norway","1032","123.84","8","0.12"
"2018-05-01","Furniture","Chairs","Consumer","South","Italy","287.14","-280.22","12","-0.9759"
"2018-05-01","Furniture","Chairs","Corporate","Central","France","317.14","70.42","2","0.2221"
"2018-05-01","Furniture","Chairs","Home Office","Central","Germany","253.69","73.24","3","0.2887"
"2018-05-01","Furniture","Chairs","Home Office","South","Spain","315.43","-7.94","3","-0.0252"
"2018-05-01","Furniture","Furnishings","Consumer","Central","Germany","101.4","45.6","4","0.4497"
"2018-05-01","Furniture","Furnishings","Consumer","Central","Netherlands","190.3","18.85","9","0.099"
"2018-05-01","Furniture","Furnishings","Consumer","South","Italy","109.74","35.1","1","0.3198"
"2018-05-01","Furniture","Furnishings","Home Office","Central","France","71.28","22.77","3","0.3194"
"2018-05-01","Furniture","Tables","Consumer","Central","France","962.73","-385.11","3","-0.4"
"2018-05-01","Furniture","Tables","Consumer","North","United Kingdom","1399.11","108.78","3","0.0778"
"2018-05-01","Furniture","Tables","Home Office","Central","Germany","868.96","187.12","3","0.2153"
"2018-05-01","Office Supplies","Appliances","Consumer","Central","France","3076.16","126.17","13","0.041"
"2018-05-01","Office Supplies","Appliances","Consumer","Central","Germany","2365.6","551.96","5","0.2333"
"2018-05-01","Office Supplies","Appliances","Corporate","Central","Germany","117.23","36.41","2","0.3106"
"2018-05-01","Office Supplies","Appliances","Home Office","Central","France","1253.07","236.67","5","0.1889"
"2018-05-01","Office Supplies","Appliances","Home Office","South","Italy","1486.53","624.33","3","0.42"
"2018-05-01","Office Supplies","Art","Consumer","Central","France","798.12","264.75","19","0.3317"
"2018-05-01","Office Supplies","Art","Consumer","Central","Germany","282.33","67.8","13","0.2401"
"2018-05-01","Office Supplies","Art","Consumer","Central","Netherlands","51.24","-48.09","4","-0.9385"
"2018-05-01","Office Supplies","Art","Consumer","North","United Kingdom","795.1","144.7","24","0.182"
"2018-05-01","Office Supplies","Art","Corporate","Central","France","236.16","35.37","11","0.1498"
"2018-05-01","Office Supplies","Art","Corporate","North","Ireland","39.56","-7.16","3","-0.1809"
"2018-05-01","Office Supplies","Art","Corporate","North","United Kingdom","94.29","12.99","4","0.1378"
"2018-05-01","Office Supplies","Art","Corporate","South","Italy","251.31","44.25","10","0.1761"
"2018-05-01","Office Supplies","Art","Home Office","Central","France","113.58","40.86","6","0.3597"
"2018-05-01","Office Supplies","Art","Home Office","Central","Germany","94.65","37.8","5","0.3994"
"2018-05-01","Office Supplies","Art","Home Office","North","Norway","347.64","95.16","10","0.2737"
"2018-05-01","Office Supplies","Binders","Consumer","Central","Austria","205.68","18.48","4","0.0898"
"2018-05-01","Office Supplies","Binders","Consumer","Central","France","10.68","4.32","2","0.4045"
"2018-05-01","Office Supplies","Binders","Consumer","Central","Germany","38.56","7.33","6","0.19"
"2018-05-01","Office Supplies","Binders","Consumer","Central","Netherlands","158.1","-28.5","10","-0.1803"
"2018-05-01","Office Supplies","Binders","Consumer","North","United Kingdom","313.15","53.11","15","0.1696"
"2018-05-01","Office Supplies","Binders","Consumer","South","Italy","366.78","122.85","21","0.3349"
"2018-05-01","Office Supplies","Binders","Corporate","Central","France","582.84","184.56","17","0.3167"
"2018-05-01","Office Supplies","Binders","Corporate","Central","Germany","179.82","77.79","5","0.4326"
"2018-05-01","Office Supplies","Binders","Home Office","Central","France","39.6","3.72","8","0.0939"
"2018-05-01","Office Supplies","Binders","Home Office","Central","Germany","58.44","19.2","4","0.3285"
"2018-05-01","Office Supplies","Binders","Home Office","North","Norway","435.78","130.68","9","0.2999"
"2018-05-01","Office Supplies","Binders","Home Office","South","Spain","127.8","47.28","4","0.37"
"2018-05-01","Office Supplies","Envelopes","Consumer","Central","Germany","37.68","18.42","2","0.4889"
"2018-05-01","Office Supplies","Envelopes","Consumer","South","Italy","282.18","83.76","10","0.2968"
"2018-05-01","Office Supplies","Envelopes","Corporate","North","Sweden","69.3","-66.54","4","-0.9602"
"2018-05-01","Office Supplies","Envelopes","Corporate","North","United Kingdom","23.55","4.47","1","0.1898"
"2018-05-01","Office Supplies","Fasteners","Consumer","Central","France","99.51","-7.5","9","-0.0754"
"2018-05-01","Office Supplies","Fasteners","Consumer","Central","Germany","188","45.98","14","0.2446"
"2018-05-01","Office Supplies","Fasteners","Consumer","North","United Kingdom","19.23","4.23","1","0.22"
"2018-05-01","Office Supplies","Fasteners","Corporate","South","Italy","26.22","8.88","2","0.3387"
"2018-05-01","Office Supplies","Fasteners","Home Office","Central","Germany","61.32","18.9","4","0.3082"
"2018-05-01","Office Supplies","Labels","Consumer","Central","France","56.28","-0.36","8","-0.0064"
"2018-05-01","Office Supplies","Labels","Consumer","Central","Germany","29.97","-1.35","3","-0.045"
"2018-05-01","Office Supplies","Labels","Consumer","Central","Netherlands","6.66","-0.42","2","-0.0631"
"2018-05-01","Office Supplies","Labels","Consumer","North","United Kingdom","55.94","4.91","7","0.0878"
"2018-05-01","Office Supplies","Labels","Consumer","South","Italy","78.57","24.3","9","0.3093"
"2018-05-01","Office Supplies","Labels","Corporate","South","Italy","8.64","3.36","1","0.3889"
"2018-05-01","Office Supplies","Labels","Home Office","Central","France","4.65","1.29","1","0.2774"
"2018-05-01","Office Supplies","Paper","Consumer","Central","France","328.62","28.92","12","0.088"
"2018-05-01","Office Supplies","Paper","Consumer","Central","Netherlands","81.53","-39.22","5","-0.4811"
"2018-05-01","Office Supplies","Paper","Consumer","North","United Kingdom","113.13","23.25","6","0.2055"
"2018-05-01","Office Supplies","Paper","Consumer","South","Italy","155.85","35.7","5","0.2291"
"2018-05-01","Office Supplies","Paper","Corporate","Central","Austria","53.76","8.04","4","0.1496"
"2018-05-01","Office Supplies","Paper","Corporate","Central","France","89.37","32.13","3","0.3595"
"2018-05-01","Office Supplies","Paper","Corporate","North","Ireland","33.72","-21.6","4","-0.6406"
"2018-05-01","Office Supplies","Paper","Corporate","North","Sweden","59.32","-46.3","7","-0.7805"
"2018-05-01","Office Supplies","Paper","Home Office","Central","Germany","253.32","52.95","8","0.209"
"2018-05-01","Office Supplies","Paper","Home Office","South","Italy","52.83","10.53","3","0.1993"
"2018-05-01","Office Supplies","Storage","Consumer","Central","France","2206.6","79.81","21","0.0362"
"2018-05-01","Office Supplies","Storage","Consumer","Central","Germany","1214.18","154.46","10","0.1272"
"2018-05-01","Office Supplies","Storage","Consumer","Central","Netherlands","343.41","-57.54","7","-0.1676"
"2018-05-01","Office Supplies","Storage","Consumer","South","Italy","632.74","82.96","6","0.1311"
"2018-05-01","Office Supplies","Storage","Corporate","Central","France","1119.58","198.88","6","0.1776"
"2018-05-01","Office Supplies","Storage","Corporate","North","United Kingdom","583.47","124.47","14","0.2133"
"2018-05-01","Office Supplies","Storage","Home Office","Central","France","203.5","42.58","3","0.2092"
"2018-05-01","Office Supplies","Storage","Home Office","North","Denmark","110.28","-68.4","4","-0.6202"
"2018-05-01","Office Supplies","Storage","Home Office","North","United Kingdom","987.45","88.8","5","0.0899"
"2018-05-01","Office Supplies","Storage","Home Office","South","Italy","36.72","-5.52","1","-0.1503"
"2018-05-01","Office Supplies","Supplies","Consumer","Central","France","225.36","73.29","7","0.3252"
"2018-05-01","Office Supplies","Supplies","Consumer","Central","Germany","177.12","10.56","8","0.0596"
"2018-05-01","Office Supplies","Supplies","Corporate","Central","France","44.64","5.76","3","0.129"
"2018-05-01","Office Supplies","Supplies","Corporate","Central","Germany","279.72","124.8","8","0.4462"
"2018-05-01","Office Supplies","Supplies","Home Office","Central","France","118.44","48.48","4","0.4093"
"2018-05-01","Office Supplies","Supplies","Home Office","North","United Kingdom","15.42","1.05","1","0.0681"
"2018-05-01","Technology","Accessories","Consumer","Central","France","774.78","156.09","13","0.2015"
"2018-05-01","Technology","Accessories","Consumer","Central","Germany","39.54","18.18","1","0.4598"
"2018-05-01","Technology","Accessories","Consumer","North","United Kingdom","201.49","41.41","5","0.2055"
"2018-05-01","Technology","Accessories","Corporate","Central","France","307.44","73.71","3","0.2398"
"2018-05-01","Technology","Accessories","Corporate","Central","Germany","80.58","9.66","2","0.1199"
"2018-05-01","Technology","Accessories","Corporate","North","United Kingdom","773.55","170.1","3","0.2199"
"2018-05-01","Technology","Accessories","Home Office","Central","France","250.38","86.13","6","0.344"
"2018-05-01","Technology","Accessories","Home Office","South","Italy","28.17","1.11","1","0.0394"
"2018-05-01","Technology","Copiers","Consumer","Central","Austria","735.75","345.75","5","0.4699"
"2018-05-01","Technology","Copiers","Consumer","Central","France","379.13","-13.45","3","-0.0355"
"2018-05-01","Technology","Copiers","Consumer","Central","Germany","914.04","87.33","5","0.0955"
"2018-05-01","Technology","Copiers","Consumer","North","Sweden","132.56","-42.44","1","-0.3201"
"2018-05-01","Technology","Copiers","Consumer","North","United Kingdom","2518.95","1032.57","7","0.4099"
"2018-05-01","Technology","Copiers","Consumer","South","Italy","1182.6","106.32","4","0.0899"
"2018-05-01","Technology","Copiers","Corporate","Central","France","320.61","26.4","3","0.0823"
"2018-05-01","Technology","Copiers","Corporate","Central","Germany","191.34","89.91","1","0.4699"
"2018-05-01","Technology","Copiers","Corporate","South","Italy","290.7","93","2","0.3199"
"2018-05-01","Technology","Copiers","Home Office","Central","Germany","881.55","185.04","3","0.2099"
"2018-05-01","Technology","Machines","Consumer","North","Norway","1601.46","15.84","6","0.0099"
"2018-05-01","Technology","Machines","Corporate","North","United Kingdom","841.8","227.25","5","0.27"
"2018-05-01","Technology","Machines","Corporate","South","Italy","72.61","4.81","1","0.0663"
"2018-05-01","Technology","Machines","Corporate","South","Spain","846.29","56.36","3","0.0666"
"2018-05-01","Technology","Phones","Consumer","Central","France","764.13","15.09","6","0.0198"
"2018-05-01","Technology","Phones","Consumer","Central","Netherlands","72.21","-49.11","1","-0.6801"
"2018-05-01","Technology","Phones","Consumer","South","Italy","645.97","-288.59","7","-0.4468"
"2018-05-01","Technology","Phones","Corporate","Central","Germany","916.41","192.39","11","0.2099"
"2018-06-01","Furniture","Bookcases","Consumer","Central","France","717.34","15.94","4","0.0222"
"2018-06-01","Furniture","Bookcases","Consumer","Central","Netherlands","544.28","-152.42","3","-0.28"
"2018-06-01","Furniture","Bookcases","Consumer","North","Finland","594.27","89.1","3","0.1499"
"2018-06-01","Furniture","Bookcases","Consumer","North","United Kingdom","741.85","197.77","2","0.2666"
"2018-06-01","Furniture","Bookcases","Consumer","South","Italy","875.7","420.21","7","0.4799"
"2018-06-01","Furniture","Bookcases","Corporate","Central","Belgium","726.78","319.74","2","0.4399"
"2018-06-01","Furniture","Bookcases","Corporate","Central","France","1158.76","284.41","9","0.2454"
"2018-06-01","Furniture","Bookcases","Corporate","Central","Germany","268.16","5.9","2","0.022"
"2018-06-01","Furniture","Bookcases","Corporate","North","Sweden","359.48","-338.02","5","-0.9403"
"2018-06-01","Furniture","Bookcases","Corporate","North","United Kingdom","449.46","134.82","3","0.3"
"2018-06-01","Furniture","Bookcases","Corporate","South","Spain","826.2","16.5","2","0.02"
"2018-06-01","Furniture","Bookcases","Home Office","Central","France","656.86","94.84","2","0.1444"
"2018-06-01","Furniture","Bookcases","Home Office","North","United Kingdom","1314.45","341.73","3","0.26"
"2018-06-01","Furniture","Chairs","Consumer","Central","Belgium","297","38.52","4","0.1297"
"2018-06-01","Furniture","Chairs","Consumer","Central","France","833.44","225.67","7","0.2708"
"2018-06-01","Furniture","Chairs","Consumer","Central","Germany","1682.75","-56.17","4","-0.0334"
"2018-06-01","Furniture","Chairs","Consumer","North","United Kingdom","1391.76","97.38","3","0.07"
"2018-06-01","Furniture","Chairs","Consumer","South","Spain","78.31","6.85","1","0.0875"
"2018-06-01","Furniture","Chairs","Corporate","Central","France","2114.64","23.49","5","0.0111"
"2018-06-01","Furniture","Chairs","Corporate","Central","Germany","422.93","4.7","1","0.0111"
"2018-06-01","Furniture","Chairs","Home Office","Central","Belgium","253.44","12.6","3","0.0497"
"2018-06-01","Furniture","Chairs","Home Office","Central","Germany","1543.65","92.49","9","0.0599"
"2018-06-01","Furniture","Chairs","Home Office","South","Italy","83.48","-81.49","3","-0.9761"
"2018-06-01","Furniture","Furnishings","Consumer","Central","France","378.84","47.67","9","0.1258"
"2018-06-01","Furniture","Furnishings","Consumer","Central","Germany","47.64","5.7","2","0.1196"
"2018-06-01","Furniture","Furnishings","Consumer","North","Finland","100.44","16.02","2","0.1595"
"2018-06-01","Furniture","Furnishings","Consumer","North","Sweden","130.94","-153.94","8","-1"
"2018-06-01","Furniture","Furnishings","Consumer","North","United Kingdom","65.39","-12.61","4","-0.1928"
"2018-06-01","Furniture","Furnishings","Consumer","South","Italy","18.93","5.67","1","0.2995"
"2018-06-01","Furniture","Furnishings","Consumer","South","Spain","667.89","261.39","10","0.3914"
"2018-06-01","Furniture","Furnishings","Corporate","Central","France","378.12","81.54","5","0.2156"
"2018-06-01","Furniture","Furnishings","Corporate","North","Sweden","88.9","-88.94","2","-1"
"2018-06-01","Furniture","Furnishings","Corporate","North","United Kingdom","193.07","-50.59","7","-0.262"
"2018-06-01","Furniture","Furnishings","Corporate","South","Spain","410.49","91.62","13","0.2232"
"2018-06-01","Furniture","Furnishings","Home Office","Central","France","222.24","44.4","2","0.1998"
"2018-06-01","Furniture","Furnishings","Home Office","North","United Kingdom","309.44","-56.72","13","-0.1833"
"2018-06-01","Furniture","Furnishings","Home Office","South","Italy","421.8","58.5","11","0.1387"
"2018-06-01","Furniture","Tables","Consumer","Central","France","868.84","66.76","4","0.0768"
"2018-06-01","Furniture","Tables","Consumer","Central","Germany","2291.84","-1128.44","7","-0.4924"
"2018-06-01","Furniture","Tables","Corporate","North","United Kingdom","4363.35","305.4","5","0.07"
"2018-06-01","Furniture","Tables","Corporate","South","Italy","1360.62","-979.65","3","-0.72"
"2018-06-01","Furniture","Tables","Home Office","Central","Germany","1631.92","-504.5","6","-0.3091"
"2018-06-01","Office Supplies","Appliances","Consumer","Central","Austria","352.35","17.55","5","0.0498"
"2018-06-01","Office Supplies","Appliances","Consumer","Central","France","248.78","30.8","6","0.1238"
"2018-06-01","Office Supplies","Appliances","Consumer","Central","Germany","1220.48","236.06","3","0.1934"
"2018-06-01","Office Supplies","Appliances","Consumer","North","United Kingdom","1560.24","421.2","3","0.27"
"2018-06-01","Office Supplies","Appliances","Corporate","Central","France","266.9","74.11","3","0.2777"
"2018-06-01","Office Supplies","Appliances","Corporate","Central","Germany","1950.37","-1121.69","9","-0.5751"
"2018-06-01","Office Supplies","Appliances","Corporate","South","Italy","666.9","165.66","9","0.2484"
"2018-06-01","Office Supplies","Appliances","Corporate","South","Spain","390.78","148.32","6","0.3795"
"2018-06-01","Office Supplies","Appliances","Home Office","South","Spain","536.43","91.17","1","0.17"
"2018-06-01","Office Supplies","Art","Consumer","Central","Austria","70.56","1.35","3","0.0191"
"2018-06-01","Office Supplies","Art","Consumer","Central","France","998.58","254.76","35","0.2551"
"2018-06-01","Office Supplies","Art","Consumer","Central","Germany","66.6","15.84","6","0.2378"
"2018-06-01","Office Supplies","Art","Consumer","North","Sweden","58.28","-48.08","9","-0.825"
"2018-06-01","Office Supplies","Art","Consumer","North","United Kingdom","344.37","109.62","10","0.3183"
"2018-06-01","Office Supplies","Art","Consumer","South","Italy","212.7","36.81","7","0.1731"
"2018-06-01","Office Supplies","Art","Consumer","South","Spain","510.36","84.03","16","0.1646"
"2018-06-01","Office Supplies","Art","Corporate","Central","Belgium","186.69","7.35","7","0.0394"
"2018-06-01","Office Supplies","Art","Corporate","Central","France","637.04","38.24","25","0.06"
"2018-06-01","Office Supplies","Art","Corporate","Central","Germany","40.26","10.44","2","0.2593"
"2018-06-01","Office Supplies","Art","Corporate","North","Sweden","91.53","-34.2","6","-0.3736"
"2018-06-01","Office Supplies","Art","Corporate","North","United Kingdom","59.88","21.48","4","0.3587"
"2018-06-01","Office Supplies","Art","Corporate","South","Italy","529.74","126.51","19","0.2388"
"2018-06-01","Office Supplies","Art","Home Office","Central","France","514.62","164.97","10","0.3206"
"2018-06-01","Office Supplies","Art","Home Office","North","United Kingdom","274.8","96.15","5","0.3499"
"2018-06-01","Office Supplies","Art","Home Office","South","Spain","464.67","78.84","9","0.1697"
"2018-06-01","Office Supplies","Binders","Consumer","Central","Austria","66.6","18.6","4","0.2793"
"2018-06-01","Office Supplies","Binders","Consumer","Central","France","138.66","46.5","16","0.3354"
"2018-06-01","Office Supplies","Binders","Consumer","Central","Germany","115.44","40.02","5","0.3467"
"2018-06-01","Office Supplies","Binders","Consumer","North","United Kingdom","39.92","11.06","6","0.2771"
"2018-06-01","Office Supplies","Binders","Consumer","South","Italy","22.05","6.75","3","0.3061"
"2018-06-01","Office Supplies","Binders","Consumer","South","Spain","60.6","8.4","4","0.1386"
"2018-06-01","Office Supplies","Binders","Corporate","Central","Belgium","257.25","64.2","5","0.2496"
"2018-06-01","Office Supplies","Binders","Corporate","Central","France","690.42","80.76","26","0.117"
"2018-06-01","Office Supplies","Binders","Corporate","Central","Germany","339.48","158.91","9","0.4681"
"2018-06-01","Office Supplies","Binders","Corporate","North","Ireland","13.14","-1.08","3","-0.0822"
"2018-06-01","Office Supplies","Binders","Corporate","North","United Kingdom","512.19","81.66","30","0.1594"
"2018-06-01","Office Supplies","Binders","Corporate","South","Italy","27.81","12.15","3","0.4369"
"2018-06-01","Office Supplies","Binders","Corporate","South","Spain","175.08","80.61","5","0.4604"
"2018-06-01","Office Supplies","Binders","Home Office","Central","France","382.59","106.23","11","0.2777"
"2018-06-01","Office Supplies","Binders","Home Office","Central","Germany","221.54","73.78","5","0.3331"
"2018-06-01","Office Supplies","Binders","Home Office","Central","Switzerland","32.25","8.25","5","0.2558"
"2018-06-01","Office Supplies","Binders","Home Office","North","United Kingdom","323.7","36.6","8","0.1131"
"2018-06-01","Office Supplies","Binders","Home Office","South","Italy","461.43","161.46","9","0.3499"
"2018-06-01","Office Supplies","Binders","Home Office","South","Spain","70.74","5.82","8","0.0823"
"2018-06-01","Office Supplies","Envelopes","Consumer","Central","France","156.3","34.8","12","0.2226"
"2018-06-01","Office Supplies","Envelopes","Consumer","North","United Kingdom","164.91","66.51","7","0.4033"
"2018-06-01","Office Supplies","Envelopes","Consumer","South","Italy","44.82","4.92","2","0.1098"
"2018-06-01","Office Supplies","Envelopes","Corporate","Central","Austria","75.87","13.59","3","0.1791"
"2018-06-01","Office Supplies","Envelopes","Corporate","Central","France","334.2","30.18","13","0.0903"
"2018-06-01","Office Supplies","Envelopes","Corporate","Central","Germany","204.75","79.8","5","0.3897"
"2018-06-01","Office Supplies","Envelopes","Corporate","North","United Kingdom","317.16","86.94","9","0.2741"
"2018-06-01","Office Supplies","Envelopes","Corporate","South","Italy","21.6","9.72","3","0.45"
"2018-06-01","Office Supplies","Envelopes","Home Office","Central","Germany","133.16","-0.04","3","-0.0003"
"2018-06-01","Office Supplies","Envelopes","Home Office","North","United Kingdom","40.05","1.98","1","0.0494"
"2018-06-01","Office Supplies","Fasteners","Consumer","Central","Belgium","42.12","2.52","3","0.0598"
"2018-06-01","Office Supplies","Fasteners","Consumer","Central","France","24.72","4.92","2","0.199"
"2018-06-01","Office Supplies","Fasteners","Consumer","Central","Germany","46.44","-6.18","4","-0.1331"
"2018-06-01","Office Supplies","Fasteners","Consumer","North","United Kingdom","32.22","10.62","2","0.3296"
"2018-06-01","Office Supplies","Fasteners","Consumer","South","Spain","24.75","10.62","3","0.4291"
"2018-06-01","Office Supplies","Fasteners","Corporate","Central","Austria","68.1","32.55","5","0.478"
"2018-06-01","Office Supplies","Fasteners","Corporate","Central","France","79.8","11.97","7","0.15"
"2018-06-01","Office Supplies","Fasteners","Corporate","North","Sweden","19.41","-1.59","2","-0.0819"
"2018-06-01","Office Supplies","Fasteners","Corporate","North","United Kingdom","124.02","19.53","12","0.1575"
"2018-06-01","Office Supplies","Fasteners","Corporate","South","Italy","45.72","19.56","4","0.4278"
"2018-06-01","Office Supplies","Fasteners","Corporate","South","Spain","35.64","7.11","3","0.1995"
"2018-06-01","Office Supplies","Fasteners","Home Office","Central","Belgium","49.95","23.94","3","0.4793"
"2018-06-01","Office Supplies","Fasteners","Home Office","Central","France","33.06","14.52","2","0.4392"
"2018-06-01","Office Supplies","Fasteners","Home Office","North","United Kingdom","21.96","9","2","0.4098"
"2018-06-01","Office Supplies","Fasteners","Home Office","South","Spain","41.52","8.64","4","0.2081"
"2018-06-01","Office Supplies","Labels","Consumer","Central","France","91.47","25.95","8","0.2837"
"2018-06-01","Office Supplies","Labels","Consumer","Central","Germany","21.72","2.82","2","0.1298"
"2018-06-01","Office Supplies","Labels","Consumer","North","United Kingdom","87.24","31.89","9","0.3655"
"2018-06-01","Office Supplies","Labels","Consumer","South","Italy","146.25","33.21","12","0.2271"
"2018-06-01","Office Supplies","Labels","Corporate","Central","Austria","29.25","9.63","3","0.3292"
"2018-06-01","Office Supplies","Labels","Corporate","Central","France","214.9","55.88","21","0.26"
"2018-06-01","Office Supplies","Labels","Home Office","Central","Austria","82.32","39.48","7","0.4796"
"2018-06-01","Office Supplies","Labels","Home Office","North","United Kingdom","43.68","4.8","4","0.1099"
"2018-06-01","Office Supplies","Labels","Home Office","South","Spain","12.51","3.42","3","0.2734"
"2018-06-01","Office Supplies","Paper","Consumer","Central","France","252.51","84.39","7","0.3342"
"2018-06-01","Office Supplies","Paper","Consumer","North","United Kingdom","98.1","5.19","5","0.0529"
"2018-06-01","Office Supplies","Paper","Consumer","South","Italy","91.53","0.9","3","0.0098"
"2018-06-01","Office Supplies","Paper","Consumer","South","Spain","584.61","175.11","13","0.2995"
"2018-06-01","Office Supplies","Paper","Corporate","Central","Belgium","102.48","9.18","2","0.0896"
"2018-06-01","Office Supplies","Paper","Corporate","South","Italy","130.38","30.69","8","0.2354"
"2018-06-01","Office Supplies","Paper","Corporate","South","Spain","117.6","35.28","7","0.3"
"2018-06-01","Office Supplies","Paper","Home Office","North","United Kingdom","72.03","-8.1","5","-0.1125"
"2018-06-01","Office Supplies","Storage","Consumer","Central","Austria","146.88","48.42","3","0.3297"
"2018-06-01","Office Supplies","Storage","Consumer","Central","France","3606.79","950.32","38","0.2635"
"2018-06-01","Office Supplies","Storage","Consumer","Central","Germany","928.1","175.52","6","0.1891"
"2018-06-01","Office Supplies","Storage","Consumer","North","United Kingdom","608.3","-14.08","13","-0.0232"
"2018-06-01","Office Supplies","Storage","Consumer","South","Italy","97.63","-3.26","3","-0.0334"
"2018-06-01","Office Supplies","Storage","Consumer","South","Spain","610.44","24.66","10","0.0404"
"2018-06-01","Office Supplies","Storage","Corporate","Central","France","1567.43","-87.61","22","-0.0559"
"2018-06-01","Office Supplies","Storage","Corporate","Central","Germany","848.85","13.89","9","0.0164"
"2018-06-01","Office Supplies","Storage","Corporate","North","Sweden","93.2","-83.92","3","-0.9005"
"2018-06-01","Office Supplies","Storage","Corporate","North","United Kingdom","369.9","34.92","7","0.0944"
"2018-06-01","Office Supplies","Storage","Corporate","South","Spain","676.11","176.46","9","0.261"
"2018-06-01","Office Supplies","Storage","Home Office","Central","Belgium","1133.04","294.48","8","0.2599"
"2018-06-01","Office Supplies","Storage","Home Office","Central","France","572.48","127.1","13","0.222"
"2018-06-01","Office Supplies","Storage","Home Office","Central","Germany","214.66","-29.54","2","-0.1376"
"2018-06-01","Office Supplies","Storage","Home Office","Central","Switzerland","115.2","13.8","5","0.1198"
"2018-06-01","Office Supplies","Storage","Home Office","South","Italy","27.86","-3.28","2","-0.1176"
"2018-06-01","Office Supplies","Supplies","Consumer","Central","France","156.33","28.41","5","0.1817"
"2018-06-01","Office Supplies","Supplies","Consumer","South","Italy","31.5","5.67","3","0.18"
"2018-06-01","Office Supplies","Supplies","Corporate","Central","France","300.18","111.63","9","0.3719"
"2018-06-01","Office Supplies","Supplies","Corporate","North","United Kingdom","212.04","24.84","9","0.1171"
"2018-06-01","Office Supplies","Supplies","Corporate","South","Italy","56.97","4.5","3","0.079"
"2018-06-01","Office Supplies","Supplies","Home Office","Central","France","160.32","42.42","8","0.2646"
"2018-06-01","Office Supplies","Supplies","Home Office","South","Italy","41.04","10.2","4","0.2485"
"2018-06-01","Office Supplies","Supplies","Home Office","South","Spain","193.86","12.24","7","0.0631"
"2018-06-01","Technology","Accessories","Consumer","Central","France","162.54","81.24","2","0.4998"
"2018-06-01","Technology","Accessories","Consumer","South","Italy","664.32","152.58","15","0.2297"
"2018-06-01","Technology","Accessories","Consumer","South","Spain","2051.67","309.96","13","0.1511"
"2018-06-01","Technology","Accessories","Corporate","Central","France","545.64","97.47","15","0.1786"
"2018-06-01","Technology","Accessories","Corporate","Central","Germany","162.54","81.24","2","0.4998"
"2018-06-01","Technology","Accessories","Corporate","North","Sweden","168.93","0","3","0"
"2018-06-01","Technology","Accessories","Corporate","North","United Kingdom","3326.1","1216.02","16","0.3656"
"2018-06-01","Technology","Accessories","Corporate","South","Spain","115.56","19.62","3","0.1698"
"2018-06-01","Technology","Accessories","Home Office","North","United Kingdom","225.91","57.7","3","0.2554"
"2018-06-01","Technology","Accessories","Home Office","South","Italy","800.64","144","8","0.1799"
"2018-06-01","Technology","Copiers","Consumer","Central","France","286.01","63.89","2","0.2234"
"2018-06-01","Technology","Copiers","Consumer","Central","Germany","380.1","22.8","1","0.06"
"2018-06-01","Technology","Copiers","Consumer","Central","Netherlands","781.47","-594.09","6","-0.7602"
"2018-06-01","Technology","Copiers","Consumer","North","United Kingdom","2008.23","610.47","7","0.304"
"2018-06-01","Technology","Copiers","Corporate","Central","France","370.64","74.09","3","0.1999"
"2018-06-01","Technology","Copiers","Corporate","Central","Germany","123.93","-84.33","2","-0.6805"
"2018-06-01","Technology","Copiers","Corporate","North","United Kingdom","759.66","91.14","2","0.12"
"2018-06-01","Technology","Copiers","Corporate","South","Spain","845.64","228.24","6","0.2699"
"2018-06-01","Technology","Copiers","Home Office","Central","France","815.95","287.92","3","0.3529"
"2018-06-01","Technology","Copiers","Home Office","South","Italy","172.53","86.25","1","0.4999"
"2018-06-01","Technology","Copiers","Home Office","South","Spain","757.32","371.04","2","0.4899"
"2018-06-01","Technology","Machines","Consumer","Central","France","1062.53","-175.03","4","-0.1647"
"2018-06-01","Technology","Machines","Consumer","Central","Germany","529.98","238.44","2","0.4499"
"2018-06-01","Technology","Machines","Consumer","North","United Kingdom","1287.13","123.97","10","0.0963"
"2018-06-01","Technology","Machines","Consumer","South","Italy","925.02","-447.18","5","-0.4834"
"2018-06-01","Technology","Machines","Consumer","South","Spain","559.06","173.92","2","0.3111"
"2018-06-01","Technology","Machines","Corporate","Central","France","126.17","-0.07","4","-0.0005"
"2018-06-01","Technology","Machines","Corporate","Central","Germany","754.64","-29.44","5","-0.039"
"2018-06-01","Technology","Machines","Corporate","North","United Kingdom","1859.55","18.48","7","0.0099"
"2018-06-01","Technology","Machines","Corporate","South","Spain","648.32","50.36","6","0.0777"
"2018-06-01","Technology","Machines","Home Office","Central","Austria","218.79","89.64","3","0.4097"
"2018-06-01","Technology","Machines","Home Office","Central","France","619.42","218.47","9","0.3527"
"2018-06-01","Technology","Machines","Home Office","North","United Kingdom","925.77","131.97","15","0.1426"
"2018-06-01","Technology","Machines","Home Office","South","Spain","76.46","30.56","1","0.3997"
"2018-06-01","Technology","Phones","Consumer","Central","Belgium","1334.64","373.68","8","0.28"
"2018-06-01","Technology","Phones","Consumer","Central","France","551.56","-10.78","9","-0.0196"
"2018-06-01","Technology","Phones","Consumer","Central","Germany","6335.66","1241.51","25","0.196"
"2018-06-01","Technology","Phones","Consumer","North","United Kingdom","1283.96","94.67","9","0.0737"
"2018-06-01","Technology","Phones","Corporate","Central","France","192.53","-275.11","3","-1"
"2018-06-01","Technology","Phones","Corporate","North","Sweden","249.06","-129.54","4","-0.5201"
"2018-06-01","Technology","Phones","Corporate","North","United Kingdom","1921.8","379.14","12","0.1973"
"2018-06-01","Technology","Phones","Corporate","South","Italy","312.41","-143.5","7","-0.4593"
"2018-06-01","Technology","Phones","Corporate","South","Spain","3707.02","653.08","15","0.1762"
"2018-06-01","Technology","Phones","Home Office","Central","France","305.36","104.06","5","0.3408"
"2018-06-01","Technology","Phones","Home Office","North","United Kingdom","459.36","13.77","3","0.03"
"2018-06-01","Technology","Phones","Home Office","South","Italy","196.11","-6.54","5","-0.0333"
"2018-06-01","Technology","Phones","Home Office","South","Spain","780.57","164.67","5","0.211"
"2018-07-01","Furniture","Bookcases","Consumer","Central","France","1579.58","29.24","12","0.0185"
"2018-07-01","Furniture","Bookcases","Consumer","Central","Germany","1318.22","203.66","4","0.1545"
"2018-07-01","Furniture","Bookcases","Consumer","South","Italy","366.12","84.15","3","0.2298"
"2018-07-01","Furniture","Bookcases","Consumer","South","Spain","997.11","237.75","8","0.2384"
"2018-07-01","Furniture","Bookcases","Corporate","Central","Austria","1100.52","352.08","3","0.3199"
"2018-07-01","Furniture","Bookcases","Corporate","Central","Germany","1361.04","196.53","9","0.1444"
"2018-07-01","Furniture","Bookcases","Corporate","South","Italy","504.09","115.92","3","0.23"
"2018-07-01","Furniture","Bookcases","Corporate","South","Spain","543.78","135.9","4","0.2499"
"2018-07-01","Furniture","Bookcases","Home Office","Central","Belgium","197.1","72.9","1","0.3699"
"2018-07-01","Furniture","Chairs","Consumer","Central","Germany","822.91","-18.35","7","-0.0223"
"2018-07-01","Furniture","Chairs","Consumer","South","Spain","157.97","39.44","3","0.2497"
"2018-07-01","Furniture","Chairs","Corporate","Central","Austria","119.64","25.08","2","0.2096"
"2018-07-01","Furniture","Chairs","Corporate","Central","Germany","2049.84","68.19","5","0.0333"
"2018-07-01","Furniture","Chairs","Home Office","Central","Netherlands","243.5","-141.44","7","-0.5809"
"2018-07-01","Furniture","Chairs","Home Office","North","United Kingdom","191.01","38.22","3","0.2001"
"2018-07-01","Furniture","Furnishings","Consumer","Central","Austria","87.9","39.54","2","0.4498"
"2018-07-01","Furniture","Furnishings","Consumer","North","United Kingdom","83.41","-4.85","3","-0.0581"
"2018-07-01","Furniture","Furnishings","Consumer","South","Spain","301.5","75.24","6","0.2496"
"2018-07-01","Furniture","Furnishings","Corporate","Central","Germany","50.7","22.8","2","0.4497"
"2018-07-01","Furniture","Furnishings","Corporate","North","Denmark","70.42","-42.26","4","-0.6002"
"2018-07-01","Furniture","Furnishings","Corporate","South","Italy","220.08","17.58","2","0.0799"
"2018-07-01","Furniture","Furnishings","Home Office","Central","Austria","165.42","46.26","3","0.2797"
"2018-07-01","Furniture","Furnishings","Home Office","Central","Belgium","550.2","241.95","5","0.4397"
"2018-07-01","Furniture","Tables","Consumer","Central","Germany","915.12","-98.55","3","-0.1077"
"2018-07-01","Furniture","Tables","Home Office","North","Sweden","1363.9","-1864.1","5","-1"
"2018-07-01","Office Supplies","Appliances","Consumer","Central","France","746.82","8.28","3","0.0111"
"2018-07-01","Office Supplies","Appliances","Consumer","Central","Germany","976.13","35.18","6","0.036"
"2018-07-01","Office Supplies","Appliances","Consumer","North","United Kingdom","523.34","203.51","7","0.3889"
"2018-07-01","Office Supplies","Appliances","Consumer","South","Spain","170.64","20.4","4","0.1195"
"2018-07-01","Office Supplies","Appliances","Corporate","Central","France","2110.16","245.72","9","0.1164"
"2018-07-01","Office Supplies","Appliances","Corporate","Central","Germany","262.17","98.97","5","0.3775"
"2018-07-01","Office Supplies","Appliances","Home Office","North","United Kingdom","200.97","74.34","3","0.3699"
"2018-07-01","Office Supplies","Art","Consumer","Central","Austria","71.01","11.37","4","0.1601"
"2018-07-01","Office Supplies","Art","Consumer","Central","France","412.65","135.39","12","0.3281"
"2018-07-01","Office Supplies","Art","Consumer","Central","Germany","380.46","146.94","12","0.3862"
"2018-07-01","Office Supplies","Art","Consumer","Central","Netherlands","43.83","-32.49","3","-0.7413"
"2018-07-01","Office Supplies","Art","Consumer","North","Sweden","67.05","-41.58","3","-0.6201"
"2018-07-01","Office Supplies","Art","Consumer","North","United Kingdom","296.46","55.14","13","0.186"
"2018-07-01","Office Supplies","Art","Consumer","South","Italy","95.16","4.74","2","0.0498"
"2018-07-01","Office Supplies","Art","Consumer","South","Spain","624.42","11.28","15","0.0181"
"2018-07-01","Office Supplies","Art","Corporate","Central","Germany","88.65","0","3","0"
"2018-07-01","Office Supplies","Art","Corporate","South","Italy","441.45","119.25","9","0.2701"
"2018-07-01","Office Supplies","Art","Corporate","South","Spain","52.08","17.7","2","0.3399"
"2018-07-01","Office Supplies","Art","Home Office","Central","Belgium","73.53","29.34","3","0.399"
"2018-07-01","Office Supplies","Art","Home Office","Central","France","76.05","20.52","3","0.2698"
"2018-07-01","Office Supplies","Art","Home Office","Central","Germany","61.92","27.18","6","0.439"
"2018-07-01","Office Supplies","Art","Home Office","Central","Netherlands","63.38","-29.18","5","-0.4604"
"2018-07-01","Office Supplies","Art","Home Office","North","Sweden","32.19","-7.77","2","-0.2414"
"2018-07-01","Office Supplies","Binders","Consumer","Central","Austria","79.05","4.53","7","0.0573"
"2018-07-01","Office Supplies","Binders","Consumer","Central","France","49.34","-20.33","8","-0.412"
"2018-07-01","Office Supplies","Binders","Consumer","Central","Netherlands","75.5","-55.94","13","-0.7409"
"2018-07-01","Office Supplies","Binders","Consumer","North","United Kingdom","544.59","205.95","22","0.3782"
"2018-07-01","Office Supplies","Binders","Consumer","South","Spain","162.09","53.34","15","0.3291"
"2018-07-01","Office Supplies","Binders","Corporate","Central","Germany","158.16","68.07","13","0.4304"
"2018-07-01","Office Supplies","Binders","Corporate","Central","Netherlands","6.51","-2.49","1","-0.3825"
"2018-07-01","Office Supplies","Binders","Corporate","South","Italy","60.54","25.62","6","0.4232"
"2018-07-01","Office Supplies","Binders","Home Office","Central","France","48.42","14.52","1","0.2999"
"2018-07-01","Office Supplies","Binders","Home Office","Central","Netherlands","73.44","-20.61","3","-0.2806"
"2018-07-01","Office Supplies","Binders","Home Office","South","Italy","43.83","14.4","3","0.3285"
"2018-07-01","Office Supplies","Binders","Home Office","South","Spain","29.88","2.64","2","0.0884"
"2018-07-01","Office Supplies","Envelopes","Consumer","Central","Austria","122.43","42.84","7","0.3499"
"2018-07-01","Office Supplies","Envelopes","Consumer","South","Spain","83.4","3.3","2","0.0396"
"2018-07-01","Office Supplies","Envelopes","Home Office","Central","Germany","202.23","16.17","7","0.08"
"2018-07-01","Office Supplies","Fasteners","Consumer","North","United Kingdom","100.26","25.02","6","0.2496"
"2018-07-01","Office Supplies","Fasteners","Consumer","South","Italy","42.57","8.46","3","0.1987"
"2018-07-01","Office Supplies","Fasteners","Consumer","South","Spain","41.01","12.45","4","0.3036"
"2018-07-01","Office Supplies","Fasteners","Corporate","North","Denmark","17.07","-3.09","2","-0.181"
"2018-07-01","Office Supplies","Fasteners","Home Office","Central","Austria","45.96","0.36","4","0.0078"
"2018-07-01","Office Supplies","Fasteners","Home Office","Central","France","54.75","21.3","5","0.389"
"2018-07-01","Office Supplies","Labels","Consumer","Central","Germany","28.92","1.92","3","0.0663"
"2018-07-01","Office Supplies","Labels","Consumer","Central","Netherlands","9.51","-8.19","2","-0.8612"
"2018-07-01","Office Supplies","Labels","Consumer","South","Italy","25.92","3.06","3","0.1181"
"2018-07-01","Office Supplies","Labels","Consumer","South","Spain","51.48","21.6","4","0.4196"
"2018-07-01","Office Supplies","Labels","Corporate","Central","France","133.5","31.62","13","0.2369"
"2018-07-01","Office Supplies","Labels","Home Office","Central","Belgium","10.08","1.68","2","0.1667"
"2018-07-01","Office Supplies","Labels","Home Office","Central","France","25.38","9.63","3","0.3794"
"2018-07-01","Office Supplies","Labels","Home Office","South","Italy","51.03","2.52","7","0.0494"
"2018-07-01","Office Supplies","Paper","Consumer","Central","Austria","121.68","37.62","6","0.3092"
"2018-07-01","Office Supplies","Paper","Consumer","Central","France","79.74","0","3","0"
"2018-07-01","Office Supplies","Paper","Consumer","Central","Germany","62.4","8.1","2","0.1298"
"2018-07-01","Office Supplies","Paper","Consumer","Central","Netherlands","30.48","-25.02","2","-0.8209"
"2018-07-01","Office Supplies","Paper","Consumer","South","Italy","224.01","31.68","6","0.1414"
"2018-07-01","Office Supplies","Paper","Consumer","South","Spain","43.98","20.22","2","0.4598"
"2018-07-01","Office Supplies","Paper","Corporate","South","Spain","113.64","47.64","4","0.4192"
"2018-07-01","Office Supplies","Paper","Home Office","Central","France","102.42","48.06","6","0.4692"
"2018-07-01","Office Supplies","Paper","Home Office","Central","Germany","59.34","5.34","2","0.09"
"2018-07-01","Office Supplies","Storage","Consumer","Central","Austria","315.12","88.02","8","0.2793"
"2018-07-01","Office Supplies","Storage","Consumer","Central","Germany","22.92","4.05","1","0.1768"
"2018-07-01","Office Supplies","Storage","Consumer","North","United Kingdom","1600.08","247.11","21","0.1544"
"2018-07-01","Office Supplies","Storage","Consumer","South","Italy","33.75","3.33","3","0.0987"
"2018-07-01","Office Supplies","Storage","Consumer","South","Spain","178.55","77.36","1","0.4333"
"2018-07-01","Office Supplies","Storage","Corporate","Central","France","193.54","45.4","7","0.2346"
"2018-07-01","Office Supplies","Storage","Corporate","Central","Germany","560.12","72.94","9","0.1302"
"2018-07-01","Office Supplies","Storage","Corporate","North","United Kingdom","1016.1","314.85","5","0.3099"
"2018-07-01","Office Supplies","Storage","Corporate","South","Spain","261.95","63.95","6","0.2441"
"2018-07-01","Office Supplies","Storage","Home Office","Central","Belgium","993.36","98.25","8","0.0989"
"2018-07-01","Office Supplies","Storage","Home Office","Central","France","277.7","-9.4","5","-0.0339"
"2018-07-01","Office Supplies","Storage","Home Office","Central","Netherlands","396.78","-7.98","4","-0.0201"
"2018-07-01","Office Supplies","Storage","Home Office","North","Sweden","32.66","-11.86","7","-0.3633"
"2018-07-01","Office Supplies","Storage","Home Office","North","United Kingdom","556.8","26.22","5","0.0471"
"2018-07-01","Office Supplies","Storage","Home Office","South","Spain","1537.89","176.1","15","0.1145"
"2018-07-01","Office Supplies","Supplies","Consumer","Central","France","109.32","4.32","4","0.0395"
"2018-07-01","Office Supplies","Supplies","Consumer","Central","Germany","190.56","93.36","4","0.4899"
"2018-07-01","Office Supplies","Supplies","Consumer","Central","Netherlands","32.53","-28.66","3","-0.8811"
"2018-07-01","Office Supplies","Supplies","Consumer","North","United Kingdom","542.4","32.19","16","0.0593"
"2018-07-01","Office Supplies","Supplies","Consumer","South","Italy","658.32","62.37","16","0.0947"
"2018-07-01","Office Supplies","Supplies","Consumer","South","Spain","179.55","39.39","5","0.2194"
"2018-07-01","Office Supplies","Supplies","Corporate","Central","Germany","36.51","5.46","1","0.1495"
"2018-07-01","Office Supplies","Supplies","Corporate","North","United Kingdom","189.42","52.92","7","0.2794"
"2018-07-01","Office Supplies","Supplies","Home Office","Central","Netherlands","16.71","-15.39","2","-0.921"
"2018-07-01","Technology","Accessories","Consumer","Central","Austria","524.46","144.84","6","0.2762"
"2018-07-01","Technology","Accessories","Consumer","North","United Kingdom","197.07","59.1","5","0.2999"
"2018-07-01","Technology","Accessories","Consumer","South","Italy","1482.27","74.7","8","0.0504"
"2018-07-01","Technology","Accessories","Consumer","South","Spain","341.73","34.11","3","0.0998"
"2018-07-01","Technology","Accessories","Corporate","Central","France","217.35","21.69","3","0.0998"
"2018-07-01","Technology","Accessories","Corporate","North","Sweden","68.03","-54.52","5","-0.8015"
"2018-07-01","Technology","Accessories","Corporate","North","United Kingdom","41.88","15.33","1","0.366"
"2018-07-01","Technology","Accessories","Corporate","South","Italy","80.58","9.66","2","0.1199"
"2018-07-01","Technology","Accessories","Home Office","Central","Belgium","324","38.88","8","0.12"
"2018-07-01","Technology","Accessories","Home Office","Central","France","517.95","82.8","5","0.1599"
"2018-07-01","Technology","Accessories","Home Office","Central","Netherlands","83.67","-28.47","2","-0.3403"
"2018-07-01","Technology","Copiers","Consumer","Central","Germany","886.95","79.74","3","0.0899"
"2018-07-01","Technology","Copiers","Consumer","North","Sweden","321.75","-193.05","5","-0.6"
"2018-07-01","Technology","Copiers","Consumer","South","Italy","446.04","53.46","3","0.1199"
"2018-07-01","Technology","Copiers","Consumer","South","Spain","574.47","143.55","3","0.2499"
"2018-07-01","Technology","Copiers","Corporate","Central","France","249.77","17.6","1","0.0705"
"2018-07-01","Technology","Copiers","Corporate","South","Italy","478.56","239.28","4","0.5"
"2018-07-01","Technology","Copiers","Home Office","South","Spain","284.76","14.22","2","0.0499"
"2018-07-01","Technology","Machines","Consumer","Central","France","966.27","-73.86","5","-0.0764"
"2018-07-01","Technology","Machines","Consumer","Central","Switzerland","1101.33","319.14","9","0.2898"
"2018-07-01","Technology","Machines","Consumer","North","United Kingdom","468.6","32.76","4","0.0699"
"2018-07-01","Technology","Machines","Consumer","South","Italy","208.73","-62.71","4","-0.3004"
"2018-07-01","Technology","Machines","Corporate","Central","Germany","761.4","266.49","9","0.35"
"2018-07-01","Technology","Phones","Consumer","Central","France","1824.14","-1303.06","8","-0.7143"
"2018-07-01","Technology","Phones","Consumer","Central","Germany","2616.96","1151.4","4","0.44"
"2018-07-01","Technology","Phones","Consumer","North","United Kingdom","1227.18","232.62","8","0.1896"
"2018-07-01","Technology","Phones","Consumer","South","Portugal","182.62","-65.78","5","-0.3602"
"2018-07-01","Technology","Phones","Consumer","South","Spain","1717.85","-133.63","3","-0.0778"
"2018-07-01","Technology","Phones","Corporate","Central","France","129.13","10.63","2","0.0823"
"2018-07-01","Technology","Phones","Corporate","Central","Netherlands","65.37","-15.69","2","-0.24"
"2018-07-01","Technology","Phones","Corporate","South","Italy","3442.79","-290.89","9","-0.0845"
"2018-07-01","Technology","Phones","Home Office","Central","Netherlands","259.56","-145.44","4","-0.5603"
"2018-07-01","Technology","Phones","Home Office","North","United Kingdom","2334.51","465.3","6","0.1993"
"2018-08-01","Furniture","Bookcases","Consumer","Central","France","2489.51","468.38","12","0.1881"
"2018-08-01","Furniture","Bookcases","Consumer","Central","Germany","1438.96","329.32","11","0.2289"
"2018-08-01","Furniture","Bookcases","Consumer","North","United Kingdom","512.19","46.08","3","0.09"
"2018-08-01","Furniture","Bookcases","Consumer","South","Italy","1216.53","304.08","7","0.25"
"2018-08-01","Furniture","Bookcases","Consumer","South","Spain","2814.87","606.3","14","0.2154"
"2018-08-01","Furniture","Bookcases","Corporate","Central","Belgium","504.09","115.92","3","0.23"
"2018-08-01","Furniture","Bookcases","Corporate","Central","Germany","400.79","26.66","3","0.0665"
"2018-08-01","Furniture","Bookcases","Corporate","North","Ireland","148.44","-100.98","2","-0.6803"
"2018-08-01","Furniture","Bookcases","Corporate","North","United Kingdom","1218.24","419.52","8","0.3444"
"2018-08-01","Furniture","Bookcases","Corporate","South","Italy","740.85","266.7","5","0.36"
"2018-08-01","Furniture","Bookcases","Corporate","South","Spain","124.86","48.69","1","0.39"
"2018-08-01","Furniture","Bookcases","Home Office","Central","France","217.89","77.43","2","0.3554"
"2018-08-01","Furniture","Bookcases","Home Office","Central","Germany","3152.52","686.79","17","0.2179"
"2018-08-01","Furniture","Bookcases","Home Office","Central","Netherlands","490.32","-127.68","8","-0.2604"
"2018-08-01","Furniture","Bookcases","Home Office","Central","Switzerland","289.44","23.1","2","0.0798"
"2018-08-01","Furniture","Bookcases","Home Office","South","Italy","592.68","213.36","4","0.36"
"2018-08-01","Furniture","Chairs","Consumer","Central","France","484.46","27.98","8","0.0578"
"2018-08-01","Furniture","Chairs","Consumer","South","Italy","114.78","-157.92","5","-1"
"2018-08-01","Furniture","Chairs","Consumer","South","Spain","1382.59","-206.57","8","-0.1494"
"2018-08-01","Furniture","Chairs","Corporate","Central","France","1770.8","291.23","16","0.1645"
"2018-08-01","Furniture","Chairs","Corporate","Central","Germany","267.12","-40.08","2","-0.15"
"2018-08-01","Furniture","Chairs","Corporate","North","Ireland","412.7","-313.88","9","-0.7605"
"2018-08-01","Furniture","Chairs","Corporate","North","Norway","1327.2","318.48","8","0.24"
"2018-08-01","Furniture","Chairs","Corporate","North","United Kingdom","274.32","0","2","0"
"2018-08-01","Furniture","Chairs","Corporate","South","Italy","120.86","-114.55","5","-0.9477"
"2018-08-01","Furniture","Chairs","Home Office","Central","Netherlands","72.68","-36.4","3","-0.5009"
"2018-08-01","Furniture","Chairs","Home Office","North","United Kingdom","641.88","25.5","7","0.0397"
"2018-08-01","Furniture","Chairs","Home Office","South","Italy","134.35","-33.59","2","-0.25"
"2018-08-01","Furniture","Furnishings","Consumer","Central","France","1307.28","203.64","12","0.1558"
"2018-08-01","Furniture","Furnishings","Consumer","Central","Netherlands","263.88","-29.7","3","-0.1126"
"2018-08-01","Furniture","Furnishings","Consumer","North","Sweden","42.43","-23.39","2","-0.5512"
"2018-08-01","Furniture","Furnishings","Consumer","North","United Kingdom","148.51","16.87","4","0.1136"
"2018-08-01","Furniture","Furnishings","Consumer","South","Italy","990.99","171.36","12","0.1729"
"2018-08-01","Furniture","Furnishings","Corporate","Central","France","50.52","20.16","2","0.399"
"2018-08-01","Furniture","Furnishings","Corporate","Central","Germany","462.21","119.34","12","0.2582"
"2018-08-01","Furniture","Furnishings","Corporate","North","United Kingdom","706.99","-117.8","25","-0.1666"
"2018-08-01","Furniture","Furnishings","Corporate","South","Spain","191.28","53.52","8","0.2798"
"2018-08-01","Furniture","Furnishings","Home Office","Central","Netherlands","71.42","-14.38","4","-0.2013"
"2018-08-01","Furniture","Furnishings","Home Office","North","United Kingdom","131.85","-79.2","5","-0.6007"
"2018-08-01","Furniture","Tables","Consumer","Central","France","1661.05","-255.59","6","-0.1539"
"2018-08-01","Furniture","Tables","Corporate","Central","France","2303.55","-989.07","7","-0.4294"
"2018-08-01","Furniture","Tables","Home Office","North","United Kingdom","856.68","274.08","2","0.3199"
"2018-08-01","Office Supplies","Appliances","Consumer","Central","France","2029.81","480.34","4","0.2366"
"2018-08-01","Office Supplies","Appliances","Consumer","Central","Germany","812.13","-80.04","7","-0.0986"
"2018-08-01","Office Supplies","Appliances","Consumer","North","Ireland","747.4","-269.14","3","-0.3601"
"2018-08-01","Office Supplies","Appliances","Consumer","North","United Kingdom","1861.02","528.63","9","0.2841"
"2018-08-01","Office Supplies","Appliances","Consumer","South","Spain","911.7","300.57","3","0.3297"
"2018-08-01","Office Supplies","Appliances","Corporate","Central","France","1541.43","445.23","3","0.2888"
"2018-08-01","Office Supplies","Appliances","Corporate","Central","Germany","340.99","-85.25","6","-0.25"
"2018-08-01","Office Supplies","Appliances","Corporate","North","United Kingdom","1549.53","257.97","4","0.1665"
"2018-08-01","Office Supplies","Appliances","Corporate","South","Spain","169.5","50.82","2","0.2998"
"2018-08-01","Office Supplies","Appliances","Home Office","Central","France","1955.12","608.24","4","0.3111"
"2018-08-01","Office Supplies","Appliances","Home Office","South","Italy","1708.74","563.85","3","0.33"
"2018-08-01","Office Supplies","Appliances","Home Office","South","Spain","267.72","7.92","4","0.0296"
"2018-08-01","Office Supplies","Art","Consumer","Central","France","1121.34","368.82","34","0.3289"
"2018-08-01","Office Supplies","Art","Consumer","Central","Germany","1013.79","311.82","42","0.3076"
"2018-08-01","Office Supplies","Art","Consumer","Central","Netherlands","55.26","-38.7","4","-0.7003"
"2018-08-01","Office Supplies","Art","Consumer","North","Ireland","43.52","-7.88","3","-0.181"
"2018-08-01","Office Supplies","Art","Consumer","North","Norway","168.63","31.92","7","0.1893"
"2018-08-01","Office Supplies","Art","Consumer","North","Sweden","17.01","-2.73","2","-0.1605"
"2018-08-01","Office Supplies","Art","Consumer","North","United Kingdom","1163.03","285.92","34","0.2458"
"2018-08-01","Office Supplies","Art","Consumer","South","Italy","483.27","123.42","16","0.2554"
"2018-08-01","Office Supplies","Art","Consumer","South","Spain","105.24","19.98","2","0.1899"
"2018-08-01","Office Supplies","Art","Corporate","Central","Austria","146.82","33.78","3","0.2301"
"2018-08-01","Office Supplies","Art","Corporate","Central","Belgium","107.4","8.58","2","0.0799"
"2018-08-01","Office Supplies","Art","Corporate","Central","France","284.79","1.08","13","0.0038"
"2018-08-01","Office Supplies","Art","Corporate","Central","Germany","284.1","42.6","5","0.1499"
"2018-08-01","Office Supplies","Art","Corporate","North","United Kingdom","221.1","63.15","7","0.2856"
"2018-08-01","Office Supplies","Art","Corporate","South","Italy","285.93","0","8","0"
"2018-08-01","Office Supplies","Art","Corporate","South","Spain","106.98","40.74","6","0.3808"
"2018-08-01","Office Supplies","Art","Home Office","Central","France","788.31","283.11","21","0.3591"
"2018-08-01","Office Supplies","Art","Home Office","Central","Germany","518.34","147.33","14","0.2842"
"2018-08-01","Office Supplies","Art","Home Office","Central","Netherlands","80.86","-43.7","3","-0.5403"
"2018-08-01","Office Supplies","Art","Home Office","North","Denmark","24.96","-8.49","1","-0.3401"
"2018-08-01","Office Supplies","Art","Home Office","North","Norway","101.58","13.2","2","0.1299"
"2018-08-01","Office Supplies","Art","Home Office","South","Spain","10.05","4.92","1","0.4896"
"2018-08-01","Office Supplies","Binders","Consumer","Central","France","1016.37","204.81","38","0.2015"
"2018-08-01","Office Supplies","Binders","Consumer","Central","Germany","113.64","20.73","15","0.1824"
"2018-08-01","Office Supplies","Binders","Consumer","Central","Netherlands","27.33","-20.25","2","-0.7409"
"2018-08-01","Office Supplies","Binders","Consumer","Central","Switzerland","34.38","8.91","3","0.2592"
"2018-08-01","Office Supplies","Binders","Consumer","North","Norway","31.68","2.52","2","0.0795"
"2018-08-01","Office Supplies","Binders","Consumer","North","Sweden","263.34","-194.31","14","-0.7379"
"2018-08-01","Office Supplies","Binders","Consumer","North","United Kingdom","446.18","95.69","22","0.2145"
"2018-08-01","Office Supplies","Binders","Consumer","South","Italy","204.66","70.5","9","0.3445"
"2018-08-01","Office Supplies","Binders","Consumer","South","Spain","503.52","85.32","21","0.1694"
"2018-08-01","Office Supplies","Binders","Corporate","Central","Belgium","4.89","1.17","1","0.2393"
"2018-08-01","Office Supplies","Binders","Corporate","Central","France","605.68","112.12","33","0.1851"
"2018-08-01","Office Supplies","Binders","Corporate","Central","Germany","878.85","242.13","35","0.2755"
"2018-08-01","Office Supplies","Binders","Corporate","Central","Netherlands","26.76","-6.48","4","-0.2422"
"2018-08-01","Office Supplies","Binders","Corporate","North","Norway","41.7","6.12","3","0.1468"
"2018-08-01","Office Supplies","Binders","Corporate","North","Sweden","59.82","-12.06","4","-0.2016"
"2018-08-01","Office Supplies","Binders","Corporate","North","United Kingdom","161.28","40.17","13","0.2491"
"2018-08-01","Office Supplies","Binders","Corporate","South","Italy","22.05","6.75","3","0.3061"
"2018-08-01","Office Supplies","Binders","Corporate","South","Spain","25.8","6.6","4","0.2558"
"2018-08-01","Office Supplies","Binders","Home Office","Central","France","764.34","182.64","41","0.239"
"2018-08-01","Office Supplies","Binders","Home Office","Central","Germany","84.9","23.7","10","0.2792"
"2018-08-01","Office Supplies","Binders","Home Office","Central","Netherlands","18.54","-14.85","3","-0.801"
"2018-08-01","Office Supplies","Binders","Home Office","Central","Switzerland","67.59","19.5","5","0.2885"
"2018-08-01","Office Supplies","Binders","Home Office","North","United Kingdom","365.1","148.62","18","0.4071"
"2018-08-01","Office Supplies","Envelopes","Consumer","Central","Germany","179.25","25.05","5","0.1397"
"2018-08-01","Office Supplies","Envelopes","Consumer","Central","Netherlands","14.4","-1.44","4","-0.1"
"2018-08-01","Office Supplies","Envelopes","Consumer","North","Sweden","21.84","-14.88","4","-0.6813"
"2018-08-01","Office Supplies","Envelopes","Consumer","North","United Kingdom","508.65","102.42","20","0.2014"
"2018-08-01","Office Supplies","Envelopes","Corporate","Central","France","208.44","72.78","10","0.3492"
"2018-08-01","Office Supplies","Envelopes","Corporate","Central","Netherlands","114.3","-39","5","-0.3412"
"2018-08-01","Office Supplies","Envelopes","Corporate","North","Norway","194.64","62.28","4","0.32"
"2018-08-01","Office Supplies","Envelopes","Home Office","Central","France","77.4","33.21","3","0.4291"
"2018-08-01","Office Supplies","Fasteners","Consumer","Central","France","264.81","114.96","16","0.4341"
"2018-08-01","Office Supplies","Fasteners","Consumer","Central","Germany","94.68","14.49","8","0.153"
"2018-08-01","Office Supplies","Fasteners","Consumer","North","Ireland","28.58","-4.12","5","-0.1444"
"2018-08-01","Office Supplies","Fasteners","Consumer","North","United Kingdom","17.58","6.66","2","0.3788"
"2018-08-01","Office Supplies","Fasteners","Consumer","South","Italy","164.61","57.06","12","0.3466"
"2018-08-01","Office Supplies","Fasteners","Consumer","South","Spain","66.42","13.14","6","0.1978"
"2018-08-01","Office Supplies","Fasteners","Corporate","Central","France","55.32","14.37","5","0.2598"
"2018-08-01","Office Supplies","Fasteners","Corporate","Central","Germany","271.32","127.26","14","0.469"
"2018-08-01","Office Supplies","Fasteners","Corporate","Central","Switzerland","50.28","15.48","4","0.3079"
"2018-08-01","Office Supplies","Fasteners","Corporate","South","Spain","11.43","4.89","1","0.4278"
"2018-08-01","Office Supplies","Fasteners","Home Office","Central","France","112.95","-38.52","9","-0.341"
"2018-08-01","Office Supplies","Fasteners","Home Office","Central","Germany","27.6","2.76","2","0.1"
"2018-08-01","Office Supplies","Fasteners","Home Office","Central","Netherlands","20.97","-5.94","3","-0.2833"
"2018-08-01","Office Supplies","Fasteners","Home Office","North","United Kingdom","21.72","8.64","2","0.3978"
"2018-08-01","Office Supplies","Labels","Consumer","Central","France","165.99","41.04","18","0.2472"
"2018-08-01","Office Supplies","Labels","Consumer","Central","Germany","123.27","42.9","13","0.348"
"2018-08-01","Office Supplies","Labels","Consumer","North","Sweden","28.88","-17.95","7","-0.6218"
"2018-08-01","Office Supplies","Labels","Consumer","North","United Kingdom","232.94","30.53","27","0.1311"
"2018-08-01","Office Supplies","Labels","Corporate","Central","France","89.22","37.2","7","0.4169"
"2018-08-01","Office Supplies","Labels","Corporate","Central","Germany","60.15","14.19","6","0.2359"
"2018-08-01","Office Supplies","Labels","Corporate","North","United Kingdom","92.16","24.84","9","0.2695"
"2018-08-01","Office Supplies","Labels","Home Office","Central","France","104.25","18.12","10","0.1738"
"2018-08-01","Office Supplies","Labels","Home Office","Central","Germany","55.94","4.91","7","0.0878"
"2018-08-01","Office Supplies","Labels","Home Office","North","United Kingdom","46.92","9.96","4","0.2123"
"2018-08-01","Office Supplies","Labels","Home Office","South","Italy","34.5","12.3","5","0.3565"
"2018-08-01","Office Supplies","Paper","Consumer","Central","France","225.12","78.48","12","0.3486"
"2018-08-01","Office Supplies","Paper","Consumer","Central","Germany","130.56","27.36","4","0.2096"
"2018-08-01","Office Supplies","Paper","Consumer","South","Italy","131.85","26.25","5","0.1991"
"2018-08-01","Office Supplies","Paper","Consumer","South","Portugal","34.35","-11.1","5","-0.3231"
"2018-08-01","Office Supplies","Paper","Corporate","Central","Germany","261.06","52.86","12","0.2025"
"2018-08-01","Office Supplies","Paper","Corporate","South","Italy","118.5","42.6","5","0.3595"
"2018-08-01","Office Supplies","Paper","Corporate","South","Spain","99.66","6.96","2","0.0698"
"2018-08-01","Office Supplies","Paper","Home Office","Central","Austria","52.53","9.45","1","0.1799"
"2018-08-01","Office Supplies","Paper","Home Office","Central","France","206.28","85.5","8","0.4145"
"2018-08-01","Office Supplies","Paper","Home Office","Central","Switzerland","33.78","13.8","2","0.4085"
"2018-08-01","Office Supplies","Storage","Consumer","Central","France","2099.98","383.83","23","0.1828"
"2018-08-01","Office Supplies","Storage","Consumer","Central","Germany","1870.99","89.68","19","0.0479"
"2018-08-01","Office Supplies","Storage","Consumer","Central","Netherlands","351.68","-344.78","5","-0.9804"
"2018-08-01","Office Supplies","Storage","Consumer","Central","Switzerland","46.65","14.85","5","0.3183"
"2018-08-01","Office Supplies","Storage","Consumer","North","Ireland","295.52","-224.9","11","-0.761"
"2018-08-01","Office Supplies","Storage","Consumer","North","Sweden","143.34","-71.7","8","-0.5002"
"2018-08-01","Office Supplies","Storage","Consumer","North","United Kingdom","1309.56","241.95","19","0.1848"
"2018-08-01","Office Supplies","Storage","Consumer","South","Italy","1235.75","-370.72","16","-0.3"
"2018-08-01","Office Supplies","Storage","Consumer","South","Portugal","79.92","0","3","0"
"2018-08-01","Office Supplies","Storage","Consumer","South","Spain","605.66","226.64","10","0.3742"
"2018-08-01","Office Supplies","Storage","Corporate","Central","France","421.28","79.91","5","0.1897"
"2018-08-01","Office Supplies","Storage","Corporate","Central","Germany","332.5","99.7","2","0.2998"
"2018-08-01","Office Supplies","Storage","Corporate","Central","Netherlands","328.54","-200.3","8","-0.6096"
"2018-08-01","Office Supplies","Storage","Corporate","North","Norway","595.17","291.6","3","0.4899"
"2018-08-01","Office Supplies","Storage","Corporate","North","Sweden","286.62","-275.04","6","-0.9596"
"2018-08-01","Office Supplies","Storage","Corporate","North","United Kingdom","1578.51","303.48","21","0.1923"
"2018-08-01","Office Supplies","Storage","Corporate","South","Spain","506.03","42.62","5","0.0842"
"2018-08-01","Office Supplies","Storage","Home Office","Central","Austria","256.74","110.34","2","0.4298"
"2018-08-01","Office Supplies","Storage","Home Office","Central","France","157.46","59.45","3","0.3776"
"2018-08-01","Office Supplies","Storage","Home Office","Central","Germany","1246.94","347.36","17","0.2786"
"2018-08-01","Office Supplies","Storage","Home Office","Central","Netherlands","619.35","-511.59","8","-0.826"
"2018-08-01","Office Supplies","Storage","Home Office","Central","Switzerland","406.44","125.94","2","0.3099"
"2018-08-01","Office Supplies","Storage","Home Office","North","United Kingdom","340.66","17.32","8","0.0508"
"2018-08-01","Office Supplies","Storage","Home Office","South","Italy","26.75","3.53","2","0.1319"
"2018-08-01","Office Supplies","Storage","Home Office","South","Spain","757.11","208.62","12","0.2755"
"2018-08-01","Office Supplies","Supplies","Consumer","Central","France","191.31","7.56","7","0.0395"
"2018-08-01","Office Supplies","Supplies","Consumer","Central","Germany","387.2","93.29","13","0.2409"
"2018-08-01","Office Supplies","Supplies","Consumer","Central","Netherlands","45.06","-1.86","4","-0.0413"
"2018-08-01","Office Supplies","Supplies","Consumer","North","Sweden","185.76","-141.21","9","-0.7602"
"2018-08-01","Office Supplies","Supplies","Consumer","North","United Kingdom","190.22","50.3","8","0.2644"
"2018-08-01","Office Supplies","Supplies","Consumer","South","Italy","250.38","51.24","9","0.2046"
"2018-08-01","Office Supplies","Supplies","Consumer","South","Spain","329.07","62.37","7","0.1895"
"2018-08-01","Office Supplies","Supplies","Corporate","Central","France","151.62","50.22","10","0.3312"
"2018-08-01","Office Supplies","Supplies","Corporate","Central","Germany","56.76","26.64","2","0.4693"
"2018-08-01","Office Supplies","Supplies","Corporate","North","United Kingdom","329.28","95.34","7","0.2895"
"2018-08-01","Office Supplies","Supplies","Corporate","South","Italy","307.65","65.49","8","0.2129"
"2018-08-01","Office Supplies","Supplies","Home Office","Central","Austria","150","28.5","5","0.19"
"2018-08-01","Office Supplies","Supplies","Home Office","Central","France","255.33","41.82","9","0.1638"
"2018-08-01","Office Supplies","Supplies","Home Office","Central","Germany","75.96","6","4","0.079"
"2018-08-01","Office Supplies","Supplies","Home Office","Central","Switzerland","299.52","149.76","6","0.5"
"2018-08-01","Office Supplies","Supplies","Home Office","North","United Kingdom","232.29","9","9","0.0387"
"2018-08-01","Office Supplies","Supplies","Home Office","South","Spain","143.64","32.1","7","0.2235"
"2018-08-01","Technology","Accessories","Consumer","Central","France","4121.91","712.92","24","0.173"
"2018-08-01","Technology","Accessories","Consumer","Central","Germany","881.91","191.7","6","0.2174"
"2018-08-01","Technology","Accessories","Consumer","Central","Netherlands","65.16","-52.2","3","-0.8011"
"2018-08-01","Technology","Accessories","Consumer","North","Denmark","154.83","-86.04","7","-0.5557"
"2018-08-01","Technology","Accessories","Consumer","North","Ireland","19.66","-2.38","1","-0.1213"
"2018-08-01","Technology","Accessories","Consumer","North","Norway","119.43","46.53","3","0.3896"
"2018-08-01","Technology","Accessories","Consumer","North","Sweden","125.82","-62.91","3","-0.5"
"2018-08-01","Technology","Accessories","Consumer","North","United Kingdom","114.66","46.98","2","0.4097"
"2018-08-01","Technology","Accessories","Consumer","South","Italy","985.68","78.84","4","0.08"
"2018-08-01","Technology","Accessories","Consumer","South","Spain","492.42","187.08","2","0.3799"
"2018-08-01","Technology","Accessories","Corporate","Central","Austria","517.5","20.7","2","0.04"
"2018-08-01","Technology","Accessories","Corporate","Central","Germany","901.57","162.88","15","0.1807"
"2018-08-01","Technology","Accessories","Corporate","Central","Netherlands","67.82","-27.14","3","-0.4001"
"2018-08-01","Technology","Accessories","Corporate","North","United Kingdom","1654.68","426.03","14","0.2575"
"2018-08-01","Technology","Accessories","Corporate","South","Italy","292.11","113.82","7","0.3896"
"2018-08-01","Technology","Accessories","Corporate","South","Spain","163.38","13.02","2","0.0797"
"2018-08-01","Technology","Accessories","Home Office","Central","France","152.43","42.09","2","0.2761"
"2018-08-01","Technology","Accessories","Home Office","Central","Germany","490.26","88.2","2","0.1799"
"2018-08-01","Technology","Accessories","Home Office","North","United Kingdom","46.53","19.98","1","0.4294"
"2018-08-01","Technology","Copiers","Consumer","Central","France","2024.29","357.58","12","0.1766"
"2018-08-01","Technology","Copiers","Consumer","Central","Germany","757.32","371.04","2","0.4899"
"2018-08-01","Technology","Copiers","Consumer","North","United Kingdom","1216.65","608.25","5","0.4999"
"2018-08-01","Technology","Copiers","Consumer","South","Italy","294.3","138.3","2","0.4699"
"2018-08-01","Technology","Copiers","Consumer","South","Spain","2124.72","233.64","6","0.11"
"2018-08-01","Technology","Copiers","Corporate","Central","Belgium","1158.3","231.66","9","0.2"
"2018-08-01","Technology","Copiers","Corporate","Central","France","932.05","176.08","5","0.1889"
"2018-08-01","Technology","Copiers","Corporate","Central","Germany","513.36","66.72","4","0.13"
"2018-08-01","Technology","Copiers","Corporate","North","Norway","1590.9","508.95","5","0.3199"
"2018-08-01","Technology","Copiers","Corporate","North","United Kingdom","1674.78","138.6","5","0.0828"
"2018-08-01","Technology","Copiers","Corporate","South","Spain","727.5","43.65","5","0.06"
"2018-08-01","Technology","Copiers","Home Office","Central","France","1430.17","246.76","8","0.1725"
"2018-08-01","Technology","Copiers","Home Office","Central","Germany","1336.86","147","7","0.11"
"2018-08-01","Technology","Machines","Consumer","Central","France","429.19","-48.17","7","-0.1122"
"2018-08-01","Technology","Machines","Consumer","Central","Germany","1190.49","404.67","7","0.3399"
"2018-08-01","Technology","Machines","Consumer","Central","Netherlands","468.76","-459.4","3","-0.98"
"2018-08-01","Technology","Machines","Consumer","North","United Kingdom","364.65","149.4","5","0.4097"
"2018-08-01","Technology","Machines","Consumer","South","Italy","216.11","-82.87","3","-0.3835"
"2018-08-01","Technology","Machines","Consumer","South","Spain","620.51","118.25","4","0.1906"
"2018-08-01","Technology","Machines","Corporate","Central","Belgium","372.6","29.7","5","0.0797"
"2018-08-01","Technology","Machines","Corporate","Central","France","612.6","-201.45","8","-0.3288"
"2018-08-01","Technology","Machines","Corporate","North","United Kingdom","1863.54","708.12","6","0.38"
"2018-08-01","Technology","Machines","Home Office","Central","Germany","958.5","212.97","8","0.2222"
"2018-08-01","Technology","Machines","Home Office","Central","Switzerland","623.7","37.38","2","0.0599"
"2018-08-01","Technology","Machines","Home Office","North","United Kingdom","351.09","84.24","3","0.2399"
"2018-08-01","Technology","Machines","Home Office","South","Italy","1316.45","-526.72","7","-0.4001"
"2018-08-01","Technology","Phones","Consumer","Central","France","2771.44","-282.71","12","-0.102"
"2018-08-01","Technology","Phones","Consumer","Central","Germany","4131.48","884.79","12","0.2142"
"2018-08-01","Technology","Phones","Consumer","North","Sweden","170.18","-55.84","5","-0.3282"
"2018-08-01","Technology","Phones","Consumer","North","United Kingdom","2733.9","356.46","19","0.1304"
"2018-08-01","Technology","Phones","Consumer","South","Italy","1570.12","-319.61","11","-0.2036"
"2018-08-01","Technology","Phones","Consumer","South","Spain","692.01","185.73","10","0.2684"
"2018-08-01","Technology","Phones","Corporate","Central","France","2168.44","-51.02","4","-0.0235"
"2018-08-01","Technology","Phones","Corporate","Central","Germany","6650.37","747.36","13","0.1124"
"2018-08-01","Technology","Phones","Corporate","North","United Kingdom","249.43","63.73","2","0.2555"
"2018-08-01","Technology","Phones","Corporate","South","Italy","1109.83","-310.22","9","-0.2795"
"2018-08-01","Technology","Phones","Home Office","Central","France","5706.01","892.09","16","0.1563"
"2018-08-01","Technology","Phones","Home Office","Central","Germany","848.4","152.7","5","0.18"
"2018-08-01","Technology","Phones","Home Office","North","United Kingdom","1379.04","279.18","8","0.2024"
"2018-09-01","Furniture","Bookcases","Consumer","Central","France","1143.94","108.16","8","0.0945"
"2018-09-01","Furniture","Bookcases","Consumer","Central","Germany","1225.59","383.61","4","0.313"
"2018-09-01","Furniture","Bookcases","Consumer","Central","Netherlands","1088.46","-372.69","12","-0.3424"
"2018-09-01","Furniture","Bookcases","Consumer","North","United Kingdom","5878.71","1982.37","18","0.3372"
"2018-09-01","Furniture","Bookcases","Consumer","South","Italy","2927.28","146.16","8","0.0499"
"2018-09-01","Furniture","Bookcases","Consumer","South","Spain","394.2","145.8","2","0.3699"
"2018-09-01","Furniture","Bookcases","Corporate","Central","France","4089.28","281.38","12","0.0688"
"2018-09-01","Furniture","Bookcases","Corporate","Central","Germany","1983.02","616.82","5","0.311"
"2018-09-01","Furniture","Bookcases","Corporate","North","United Kingdom","245.94","61.44","2","0.2498"
"2018-09-01","Furniture","Bookcases","Home Office","Central","France","741.85","197.77","2","0.2666"
"2018-09-01","Furniture","Bookcases","Home Office","Central","Germany","3818.74","454.34","11","0.119"
"2018-09-01","Furniture","Bookcases","Home Office","North","United Kingdom","2019.6","706.68","12","0.3499"
"2018-09-01","Furniture","Bookcases","Home Office","South","Italy","1307.97","536.22","3","0.41"
"2018-09-01","Furniture","Chairs","Consumer","Central","Austria","771.06","288.36","6","0.374"
"2018-09-01","Furniture","Chairs","Consumer","Central","France","260.66","38.18","5","0.1465"
"2018-09-01","Furniture","Chairs","Consumer","Central","Germany","956.66","201.86","8","0.211"
"2018-09-01","Furniture","Chairs","Consumer","South","Spain","946.37","223.97","4","0.2367"
"2018-09-01","Furniture","Chairs","Corporate","Central","France","1252.69","-1.37","17","-0.0011"
"2018-09-01","Furniture","Chairs","Corporate","Central","Germany","718.79","303.35","6","0.422"
"2018-09-01","Furniture","Chairs","Corporate","North","Sweden","55.44","-33.3","2","-0.6006"
"2018-09-01","Furniture","Chairs","Home Office","Central","Germany","236.95","78.91","4","0.333"
"2018-09-01","Furniture","Chairs","Home Office","North","Sweden","312.48","-312.48","7","-1"
"2018-09-01","Furniture","Chairs","Home Office","South","Italy","658.16","-399.97","10","-0.6077"
"2018-09-01","Furniture","Furnishings","Consumer","Central","France","202.89","59.94","3","0.2954"
"2018-09-01","Furniture","Furnishings","Consumer","Central","Germany","135.09","28.35","3","0.2099"
"2018-09-01","Furniture","Furnishings","Consumer","North","United Kingdom","140.24","-1.42","4","-0.0101"
"2018-09-01","Furniture","Furnishings","Consumer","South","Italy","659.7","72.54","6","0.11"
"2018-09-01","Furniture","Furnishings","Corporate","Central","France","1075.23","353.67","11","0.3289"
"2018-09-01","Furniture","Furnishings","Corporate","Central","Germany","217.2","71.64","2","0.3298"
"2018-09-01","Furniture","Furnishings","Corporate","North","United Kingdom","13.29","-3.45","1","-0.2593"
"2018-09-01","Furniture","Furnishings","Home Office","Central","Germany","158.22","61.5","4","0.3887"
"2018-09-01","Furniture","Furnishings","Home Office","Central","Netherlands","45.58","9.04","3","0.1983"
"2018-09-01","Furniture","Furnishings","Home Office","North","United Kingdom","385.08","-77.25","11","-0.2006"
"2018-09-01","Furniture","Tables","Consumer","Central","Germany","1117.7","206.3","2","0.1846"
"2018-09-01","Furniture","Tables","Corporate","Central","France","1622.01","-623.94","5","-0.3847"
"2018-09-01","Furniture","Tables","Home Office","Central","Germany","623.32","-191.81","3","-0.3077"
"2018-09-01","Office Supplies","Appliances","Corporate","Central","France","2743.69","174.16","10","0.0635"
"2018-09-01","Office Supplies","Appliances","Corporate","South","Italy","7958.58","3979.08","14","0.5"
"2018-09-01","Office Supplies","Appliances","Home Office","Central","Germany","1007.42","134.3","2","0.1333"
"2018-09-01","Office Supplies","Appliances","Home Office","Central","Netherlands","96.6","-61.86","2","-0.6404"
"2018-09-01","Office Supplies","Appliances","Home Office","North","Ireland","766.95","-352.8","5","-0.46"
"2018-09-01","Office Supplies","Art","Consumer","Central","Austria","439.68","153.84","8","0.3499"
"2018-09-01","Office Supplies","Art","Consumer","Central","France","790.23","144.18","29","0.1825"
"2018-09-01","Office Supplies","Art","Consumer","Central","Germany","929.84","238.06","24","0.256"
"2018-09-01","Office Supplies","Art","Consumer","Central","Netherlands","138.06","-75.57","13","-0.5474"
"2018-09-01","Office Supplies","Art","Consumer","North","Finland","93.48","43.92","2","0.4698"
"2018-09-01","Office Supplies","Art","Consumer","North","United Kingdom","1471.16","224.62","43","0.1527"
"2018-09-01","Office Supplies","Art","Consumer","South","Spain","664.08","74.1","21","0.1116"
"2018-09-01","Office Supplies","Art","Corporate","Central","Austria","107.94","36.66","2","0.3396"
"2018-09-01","Office Supplies","Art","Corporate","Central","France","44.97","8.25","2","0.1835"
"2018-09-01","Office Supplies","Art","Corporate","Central","Germany","438.12","133.56","12","0.3048"
"2018-09-01","Office Supplies","Art","Corporate","Central","Netherlands","80.47","-19.42","5","-0.2414"
"2018-09-01","Office Supplies","Art","Corporate","North","United Kingdom","135.48","44.94","8","0.3317"
"2018-09-01","Office Supplies","Art","Corporate","South","Italy","672.93","185.91","15","0.2763"
"2018-09-01","Office Supplies","Art","Home Office","Central","France","110.76","8.76","4","0.0791"
"2018-09-01","Office Supplies","Art","Home Office","Central","Germany","307.92","40.2","8","0.1306"
"2018-09-01","Office Supplies","Art","Home Office","North","Ireland","44.7","-27.72","2","-0.6201"
"2018-09-01","Office Supplies","Art","Home Office","North","Sweden","21.82","-12.28","3","-0.5629"
"2018-09-01","Office Supplies","Art","Home Office","North","United Kingdom","354.6","82.77","12","0.2334"
"2018-09-01","Office Supplies","Art","Home Office","South","Italy","210.75","70.44","7","0.3342"
"2018-09-01","Office Supplies","Binders","Consumer","Central","Austria","12.9","4.98","2","0.386"
"2018-09-01","Office Supplies","Binders","Consumer","Central","France","299.1","90.75","24","0.3034"
"2018-09-01","Office Supplies","Binders","Consumer","Central","Germany","202.03","39.55","19","0.1957"
"2018-09-01","Office Supplies","Binders","Consumer","Central","Netherlands","40.04","-15.56","8","-0.3885"
"2018-09-01","Office Supplies","Binders","Consumer","North","United Kingdom","301.61","-25.9","18","-0.0859"
"2018-09-01","Office Supplies","Binders","Consumer","South","Italy","98.46","39.36","2","0.3998"
"2018-09-01","Office Supplies","Binders","Consumer","South","Spain","25.14","3.24","2","0.1289"
"2018-09-01","Office Supplies","Binders","Corporate","Central","Austria","37.44","2.97","3","0.0793"
"2018-09-01","Office Supplies","Binders","Corporate","Central","Belgium","43.83","14.4","3","0.3285"
"2018-09-01","Office Supplies","Binders","Corporate","Central","France","808.68","225.6","31","0.279"
"2018-09-01","Office Supplies","Binders","Corporate","Central","Germany","162.72","19.5","10","0.1198"
"2018-09-01","Office Supplies","Binders","Corporate","North","United Kingdom","88.68","28.86","13","0.3254"
"2018-09-01","Office Supplies","Binders","Corporate","South","Italy","179.1","32.13","6","0.1794"
"2018-09-01","Office Supplies","Binders","Corporate","South","Spain","62.58","13.65","7","0.2181"
"2018-09-01","Office Supplies","Binders","Home Office","Central","France","168.12","47.58","6","0.283"
"2018-09-01","Office Supplies","Binders","Home Office","Central","Germany","114.66","22.98","8","0.2004"
"2018-09-01","Office Supplies","Binders","Home Office","Central","Netherlands","11.4","-1.92","4","-0.1684"
"2018-09-01","Office Supplies","Binders","Home Office","North","Sweden","12.06","-1.98","3","-0.1642"
"2018-09-01","Office Supplies","Envelopes","Consumer","Central","Austria","85.92","6.72","4","0.0782"
"2018-09-01","Office Supplies","Envelopes","Consumer","Central","Netherlands","19.2","-18.48","4","-0.9625"
"2018-09-01","Office Supplies","Envelopes","Consumer","North","United Kingdom","530.43","77.46","12","0.146"
"2018-09-01","Office Supplies","Envelopes","Consumer","South","Spain","40.02","9.96","2","0.2489"
"2018-09-01","Office Supplies","Envelopes","Corporate","Central","Germany","205.98","93.42","8","0.4535"
"2018-09-01","Office Supplies","Envelopes","Corporate","Central","Netherlands","9","-9","2","-1"
"2018-09-01","Office Supplies","Envelopes","Corporate","South","Spain","108.36","43.32","4","0.3998"
"2018-09-01","Office Supplies","Envelopes","Home Office","Central","Germany","93.24","27","2","0.2896"
"2018-09-01","Office Supplies","Envelopes","Home Office","North","Ireland","25.08","-1.08","4","-0.0431"
"2018-09-01","Office Supplies","Fasteners","Consumer","Central","France","59.1","3.63","5","0.0614"
"2018-09-01","Office Supplies","Fasteners","Consumer","Central","Germany","39.69","-31.92","7","-0.8042"
"2018-09-01","Office Supplies","Fasteners","Consumer","Central","Netherlands","33.42","-17.22","6","-0.5153"
"2018-09-01","Office Supplies","Fasteners","Consumer","North","United Kingdom","61.8","12.3","5","0.199"
"2018-09-01","Office Supplies","Fasteners","Corporate","Central","France","125.1","10.14","9","0.0811"
"2018-09-01","Office Supplies","Fasteners","Corporate","Central","Germany","97.02","23.1","7","0.2381"
"2018-09-01","Office Supplies","Fasteners","Corporate","South","Italy","51.9","10.8","5","0.2081"
"2018-09-01","Office Supplies","Fasteners","Home Office","Central","Belgium","76.65","29.82","7","0.389"
"2018-09-01","Office Supplies","Fasteners","Home Office","Central","France","112.32","6.72","8","0.0598"
"2018-09-01","Office Supplies","Fasteners","Home Office","Central","Germany","16.68","6.33","1","0.3795"
"2018-09-01","Office Supplies","Labels","Consumer","Central","France","87.96","16.56","8","0.1883"
"2018-09-01","Office Supplies","Labels","Consumer","Central","Germany","117.93","41.7","11","0.3536"
"2018-09-01","Office Supplies","Labels","Consumer","North","United Kingdom","80.4","11.04","13","0.1373"
"2018-09-01","Office Supplies","Labels","Consumer","South","Italy","11.49","2.16","1","0.188"
"2018-09-01","Office Supplies","Labels","Consumer","South","Spain","129.96","35.82","15","0.2756"
"2018-09-01","Office Supplies","Labels","Corporate","Central","Austria","26.88","4.56","2","0.1696"
"2018-09-01","Office Supplies","Labels","Corporate","North","Sweden","4.08","-2.94","1","-0.7206"
"2018-09-01","Office Supplies","Labels","Corporate","North","United Kingdom","139.41","37.17","12","0.2666"
"2018-09-01","Office Supplies","Labels","Home Office","North","Sweden","15.12","-7.68","4","-0.5079"
"2018-09-01","Office Supplies","Labels","Home Office","North","United Kingdom","7.05","-2.55","2","-0.3617"
"2018-09-01","Office Supplies","Paper","Consumer","Central","France","135.84","57","4","0.4196"
"2018-09-01","Office Supplies","Paper","Consumer","Central","Germany","180.72","54.12","4","0.2995"
"2018-09-01","Office Supplies","Paper","Consumer","Central","Netherlands","14.88","-2.1","1","-0.1411"
"2018-09-01","Office Supplies","Paper","Consumer","North","United Kingdom","152.66","12.8","8","0.0839"
"2018-09-01","Office Supplies","Paper","Consumer","South","Italy","391.38","81.78","12","0.209"
"2018-09-01","Office Supplies","Paper","Consumer","South","Spain","99.6","11.94","2","0.1199"
"2018-09-01","Office Supplies","Paper","Corporate","Central","France","171","17.1","6","0.1"
"2018-09-01","Office Supplies","Paper","Corporate","North","United Kingdom","55.92","8.34","2","0.1491"
"2018-09-01","Office Supplies","Paper","Corporate","South","Spain","66.84","12.6","4","0.1885"
"2018-09-01","Office Supplies","Paper","Home Office","Central","Germany","67.2","20.16","4","0.3"
"2018-09-01","Office Supplies","Paper","Home Office","South","Italy","90.45","33.39","6","0.3692"
"2018-09-01","Office Supplies","Storage","Consumer","Central","France","3776.92","566.08","37","0.1499"
"2018-09-01","Office Supplies","Storage","Consumer","Central","Germany","2638.38","522.75","31","0.1981"
"2018-09-01","Office Supplies","Storage","Consumer","Central","Netherlands","26.85","-7.05","5","-0.2626"
"2018-09-01","Office Supplies","Storage","Consumer","North","United Kingdom","1691.31","158.43","19","0.0937"
"2018-09-01","Office Supplies","Storage","Consumer","South","Italy","185.4","-67.08","8","-0.3618"
"2018-09-01","Office Supplies","Storage","Consumer","South","Spain","717.93","217.83","10","0.3034"
"2018-09-01","Office Supplies","Storage","Corporate","Central","France","1140.13","310.93","17","0.2727"
"2018-09-01","Office Supplies","Storage","Corporate","Central","Germany","447.69","51.63","9","0.1153"
"2018-09-01","Office Supplies","Storage","Corporate","Central","Netherlands","418.04","-356.17","11","-0.852"
"2018-09-01","Office Supplies","Storage","Corporate","North","United Kingdom","2610.24","1020.18","28","0.3908"
"2018-09-01","Office Supplies","Storage","Corporate","South","Italy","299.92","-132.92","8","-0.4432"
"2018-09-01","Office Supplies","Storage","Corporate","South","Spain","199.21","39.13","4","0.1964"
"2018-09-01","Office Supplies","Storage","Home Office","Central","Belgium","642","179.7","5","0.2799"
"2018-09-01","Office Supplies","Storage","Home Office","North","Ireland","122.4","-46.56","4","-0.3804"
"2018-09-01","Office Supplies","Storage","Home Office","North","United Kingdom","20.52","5.28","2","0.2573"
"2018-09-01","Office Supplies","Storage","Home Office","South","Italy","705.1","-302.72","15","-0.4293"
"2018-09-01","Office Supplies","Supplies","Consumer","Central","Austria","196.2","69.27","5","0.3531"
"2018-09-01","Office Supplies","Supplies","Consumer","Central","France","177.48","40.8","4","0.2299"
"2018-09-01","Office Supplies","Supplies","Consumer","North","United Kingdom","283.5","72.42","10","0.2554"
"2018-09-01","Office Supplies","Supplies","Consumer","South","Italy","177.45","53.16","5","0.2996"
"2018-09-01","Office Supplies","Supplies","Corporate","Central","Belgium","108.24","25.92","4","0.2395"
"2018-09-01","Office Supplies","Supplies","Corporate","Central","France","127.5","28.56","4","0.224"
"2018-09-01","Office Supplies","Supplies","Corporate","Central","Germany","419.34","195.99","11","0.4674"
"2018-09-01","Office Supplies","Supplies","Corporate","North","United Kingdom","87.96","19.32","2","0.2196"
"2018-09-01","Office Supplies","Supplies","Corporate","South","Spain","81.66","13.02","2","0.1594"
"2018-09-01","Office Supplies","Supplies","Home Office","Central","France","145.17","0","3","0"
"2018-09-01","Office Supplies","Supplies","Home Office","South","Spain","82.8","6.48","6","0.0783"
"2018-09-01","Technology","Accessories","Consumer","Central","Belgium","166.08","53.04","4","0.3194"
"2018-09-01","Technology","Accessories","Consumer","Central","France","118.68","8.28","4","0.0698"
"2018-09-01","Technology","Accessories","Consumer","Central","Germany","247.74","48.69","6","0.1965"
"2018-09-01","Technology","Accessories","Consumer","Central","Netherlands","632.61","-632.61","11","-1"
"2018-09-01","Technology","Accessories","Consumer","North","Finland","173.25","74.43","3","0.4296"
"2018-09-01","Technology","Accessories","Consumer","North","United Kingdom","1550.43","666.72","6","0.43"
"2018-09-01","Technology","Accessories","Consumer","South","Italy","1020.18","166.05","10","0.1628"
"2018-09-01","Technology","Accessories","Corporate","Central","France","887.58","382.83","5","0.4313"
"2018-09-01","Technology","Accessories","Corporate","Central","Germany","1528.35","514.29","12","0.3365"
"2018-09-01","Technology","Accessories","Corporate","Central","Netherlands","73.95","-59.19","2","-0.8004"
"2018-09-01","Technology","Accessories","Corporate","North","United Kingdom","92.7","30.51","3","0.3291"
"2018-09-01","Technology","Accessories","Corporate","South","Spain","293.58","108.57","7","0.3698"
"2018-09-01","Technology","Accessories","Home Office","North","United Kingdom","1715.91","308.7","7","0.1799"
"2018-09-01","Technology","Accessories","Home Office","South","Italy","158.58","20.58","2","0.1298"
"2018-09-01","Technology","Copiers","Consumer","Central","France","2458.96","114.67","12","0.0466"
"2018-09-01","Technology","Copiers","Consumer","Central","Germany","955.62","391.77","3","0.41"
"2018-09-01","Technology","Copiers","Consumer","North","United Kingdom","729.99","364.95","3","0.4999"
"2018-09-01","Technology","Copiers","Consumer","South","Spain","1934.7","325.98","11","0.1685"
"2018-09-01","Technology","Copiers","Corporate","Central","France","487","-22.94","3","-0.0471"
"2018-09-01","Technology","Copiers","Corporate","Central","Germany","2922.57","1153.44","9","0.3947"
"2018-09-01","Technology","Copiers","Corporate","North","United Kingdom","650.7","169.05","5","0.2598"
"2018-09-01","Technology","Copiers","Corporate","South","Italy","371.79","59.4","3","0.1598"
"2018-09-01","Technology","Copiers","Corporate","South","Spain","1457.46","261.78","8","0.1796"
"2018-09-01","Technology","Copiers","Home Office","Central","France","406.98","138.84","2","0.3411"
"2018-09-01","Technology","Copiers","Home Office","Central","Germany","3693.57","1095.06","18","0.2965"
"2018-09-01","Technology","Copiers","Home Office","North","Ireland","583.8","-443.73","7","-0.7601"
"2018-09-01","Technology","Copiers","Home Office","North","United Kingdom","636.36","203.58","2","0.3199"
"2018-09-01","Technology","Copiers","Home Office","South","Italy","1209.45","241.8","5","0.1999"
"2018-09-01","Technology","Machines","Consumer","Central","France","417.23","49.04","3","0.1175"
"2018-09-01","Technology","Machines","Consumer","Central","Netherlands","75.6","-54.45","3","-0.7202"
"2018-09-01","Technology","Machines","Consumer","North","Ireland","776.25","-326.1","5","-0.4201"
"2018-09-01","Technology","Machines","Consumer","North","United Kingdom","2236.77","508.62","13","0.2274"
"2018-09-01","Technology","Machines","Corporate","Central","Germany","2088.24","83.52","8","0.04"
"2018-09-01","Technology","Machines","Corporate","North","United Kingdom","230.88","99.24","2","0.4298"
"2018-09-01","Technology","Machines","Home Office","Central","Germany","927.72","259.74","3","0.28"
"2018-09-01","Technology","Machines","Home Office","South","Italy","351.09","-93.66","5","-0.2668"
"2018-09-01","Technology","Phones","Consumer","Central","France","986.21","-74.14","10","-0.0752"
"2018-09-01","Technology","Phones","Consumer","Central","Germany","336.24","43.68","2","0.1299"
"2018-09-01","Technology","Phones","Consumer","North","United Kingdom","166.83","4.98","1","0.0299"
"2018-09-01","Technology","Phones","Consumer","South","Italy","1344.94","-692.99","8","-0.5153"
"2018-09-01","Technology","Phones","Consumer","South","Spain","502.2","83.64","4","0.1665"
"2018-09-01","Technology","Phones","Corporate","Central","Austria","779.22","31.14","6","0.04"
"2018-09-01","Technology","Phones","Corporate","Central","Germany","594.96","149.34","6","0.251"
"2018-09-01","Technology","Phones","Corporate","North","Norway","840.15","142.8","5","0.17"
"2018-09-01","Technology","Phones","Corporate","North","Sweden","72.99","-7.32","1","-0.1003"
"2018-09-01","Technology","Phones","Corporate","North","United Kingdom","1086.12","66.81","11","0.0615"
"2018-09-01","Technology","Phones","Corporate","South","Italy","100.15","-23.39","1","-0.2335"
"2018-09-01","Technology","Phones","Home Office","Central","France","922.03","81.01","8","0.0879"
"2018-09-01","Technology","Phones","Home Office","North","United Kingdom","327.12","-39.27","1","-0.12"
"2018-10-01","Furniture","Bookcases","Consumer","Central","France","2059.34","463.4","13","0.225"
"2018-10-01","Furniture","Bookcases","Consumer","Central","Germany","50.41","-49.16","1","-0.9751"
"2018-10-01","Furniture","Bookcases","Consumer","Central","Netherlands","83.34","-48.36","1","-0.5803"
"2018-10-01","Furniture","Bookcases","Consumer","North","United Kingdom","73.41","-30.84","1","-0.4201"
"2018-10-01","Furniture","Bookcases","Consumer","South","Italy","490.08","19.56","4","0.0399"
"2018-10-01","Furniture","Bookcases","Corporate","North","United Kingdom","877.02","394.62","2","0.45"
"2018-10-01","Furniture","Bookcases","Corporate","South","Italy","597.36","226.92","4","0.3799"
"2018-10-01","Furniture","Bookcases","Home Office","North","United Kingdom","246.9","34.56","2","0.14"
"2018-10-01","Furniture","Chairs","Consumer","Central","France","845.86","9.4","2","0.0111"
"2018-10-01","Furniture","Chairs","Consumer","North","Sweden","423.9","-17.01","9","-0.0401"
"2018-10-01","Furniture","Chairs","Consumer","North","United Kingdom","40.64","10.36","1","0.2551"
"2018-10-01","Furniture","Chairs","Corporate","North","Finland","173.94","8.67","1","0.0498"
"2018-10-01","Furniture","Chairs","Corporate","North","United Kingdom","325.68","153","4","0.4698"
"2018-10-01","Furniture","Chairs","Home Office","Central","France","269.24","65.78","2","0.2443"
"2018-10-01","Furniture","Chairs","Home Office","South","Spain","417.46","-78.35","3","-0.1877"
"2018-10-01","Furniture","Furnishings","Consumer","Central","Austria","203.82","87.72","4","0.4304"
"2018-10-01","Furniture","Furnishings","Consumer","Central","France","122.94","17.19","3","0.1398"
"2018-10-01","Furniture","Furnishings","Consumer","Central","Netherlands","127.3","28.57","3","0.2244"
"2018-10-01","Furniture","Furnishings","Consumer","North","United Kingdom","31.16","6.62","2","0.2126"
"2018-10-01","Furniture","Tables","Consumer","Central","France","1045.43","-25.57","4","-0.0245"
"2018-10-01","Office Supplies","Appliances","Consumer","Central","Germany","832.84","212.83","3","0.2555"
"2018-10-01","Office Supplies","Appliances","Corporate","North","United Kingdom","1704.87","409.14","3","0.24"
"2018-10-01","Office Supplies","Appliances","Corporate","South","Italy","1072.86","182.34","2","0.17"
"2018-10-01","Office Supplies","Appliances","Home Office","Central","Germany","264.38","-26.5","3","-0.1002"
"2018-10-01","Office Supplies","Appliances","Home Office","North","United Kingdom","2077.32","394.68","4","0.19"
"2018-10-01","Office Supplies","Art","Consumer","Central","France","876.33","292.89","24","0.3342"
"2018-10-01","Office Supplies","Art","Consumer","Central","Germany","136.89","54.45","5","0.3978"
"2018-10-01","Office Supplies","Art","Consumer","Central","Switzerland","12.36","3.45","1","0.2791"
"2018-10-01","Office Supplies","Art","Consumer","North","Norway","322.86","117.72","9","0.3646"
"2018-10-01","Office Supplies","Art","Consumer","North","United Kingdom","66.33","11.88","3","0.1791"
"2018-10-01","Office Supplies","Art","Consumer","South","Spain","410.97","113.31","20","0.2757"
"2018-10-01","Office Supplies","Art","Corporate","Central","France","130.2","50.1","6","0.3848"
"2018-10-01","Office Supplies","Art","Corporate","Central","Germany","160.38","47.43","5","0.2957"
"2018-10-01","Office Supplies","Art","Home Office","Central","France","158.64","36.03","8","0.2271"
"2018-10-01","Office Supplies","Art","Home Office","North","United Kingdom","51.78","19.14","1","0.3696"
"2018-10-01","Office Supplies","Binders","Consumer","Central","Austria","158.58","42.12","4","0.2656"
"2018-10-01","Office Supplies","Binders","Consumer","Central","France","220.38","57.57","22","0.2612"
"2018-10-01","Office Supplies","Binders","Consumer","Central","Germany","39.96","16.38","3","0.4099"
"2018-10-01","Office Supplies","Binders","Consumer","Central","Netherlands","15.9","-15.3","4","-0.9623"
"2018-10-01","Office Supplies","Binders","Consumer","North","United Kingdom","76.2","24.66","9","0.3236"
"2018-10-01","Office Supplies","Binders","Consumer","South","Italy","111.06","21.84","8","0.1967"
"2018-10-01","Office Supplies","Binders","Consumer","South","Spain","132.9","32.64","14","0.2456"
"2018-10-01","Office Supplies","Binders","Corporate","Central","France","26.88","11.28","4","0.4196"
"2018-10-01","Office Supplies","Binders","Corporate","Central","Germany","99.06","17.31","12","0.1747"
"2018-10-01","Office Supplies","Binders","Corporate","South","Italy","7.62","3.42","1","0.4488"
"2018-10-01","Office Supplies","Binders","Home Office","Central","France","43.83","14.4","3","0.3285"
"2018-10-01","Office Supplies","Binders","Home Office","Central","Germany","162.27","34.08","7","0.21"
"2018-10-01","Office Supplies","Binders","Home Office","North","United Kingdom","64.8","-4.32","6","-0.0667"
"2018-10-01","Office Supplies","Binders","Home Office","South","Italy","252.3","4.95","5","0.0196"
"2018-10-01","Office Supplies","Binders","Home Office","South","Spain","317.85","46.74","14","0.1471"
"2018-10-01","Office Supplies","Envelopes","Consumer","Central","France","163.38","64.92","6","0.3974"
"2018-10-01","Office Supplies","Envelopes","Consumer","Central","Germany","209.25","100.44","6","0.48"
"2018-10-01","Office Supplies","Envelopes","Consumer","North","United Kingdom","9.68","-7.58","1","-0.7829"
"2018-10-01","Office Supplies","Envelopes","Corporate","Central","Germany","30.93","9.57","1","0.3094"
"2018-10-01","Office Supplies","Envelopes","Corporate","North","United Kingdom","81.96","32.76","4","0.3997"
"2018-10-01","Office Supplies","Envelopes","Corporate","South","Italy","154.32","43.71","7","0.2832"
"2018-10-01","Office Supplies","Envelopes","Home Office","Central","France","367.11","68.67","15","0.1871"
"2018-10-01","Office Supplies","Envelopes","Home Office","North","United Kingdom","25.08","12","2","0.4785"
"2018-10-01","Office Supplies","Envelopes","Home Office","South","Italy","53.76","20.4","4","0.3795"
"2018-10-01","Office Supplies","Fasteners","Consumer","Central","France","109.41","27.84","10","0.2545"
"2018-10-01","Office Supplies","Fasteners","Consumer","Central","Germany","143.64","67.14","10","0.4674"
"2018-10-01","Office Supplies","Fasteners","Consumer","Central","Netherlands","10.41","-1.89","2","-0.1816"
"2018-10-01","Office Supplies","Fasteners","Consumer","North","United Kingdom","69.3","15.06","6","0.2173"
"2018-10-01","Office Supplies","Fasteners","Corporate","South","Italy","64.56","10.92","4","0.1691"
"2018-10-01","Office Supplies","Fasteners","Home Office","Central","France","93.3","44.7","5","0.4791"
"2018-10-01","Office Supplies","Fasteners","Home Office","Central","Germany","38.76","18.18","2","0.469"
"2018-10-01","Office Supplies","Fasteners","Home Office","North","United Kingdom","56.64","20.88","4","0.3686"
"2018-10-01","Office Supplies","Fasteners","Home Office","South","Italy","26.28","6.54","2","0.2489"
"2018-10-01","Office Supplies","Labels","Consumer","Central","Germany","10.26","-8.22","2","-0.8012"
"2018-10-01","Office Supplies","Labels","Consumer","North","Norway","38.43","13.41","3","0.3489"
"2018-10-01","Office Supplies","Labels","Consumer","North","United Kingdom","74.25","14.04","9","0.1891"
"2018-10-01","Office Supplies","Labels","Consumer","South","Italy","87.63","14.16","8","0.1616"
"2018-10-01","Office Supplies","Labels","Consumer","South","Spain","35.4","16.2","4","0.4576"
"2018-10-01","Office Supplies","Labels","Home Office","South","Italy","46.62","21.84","7","0.4685"
"2018-10-01","Office Supplies","Paper","Consumer","Central","France","139.8","68.4","5","0.4893"
"2018-10-01","Office Supplies","Paper","Consumer","South","Italy","139.38","47.04","5","0.3375"
"2018-10-01","Office Supplies","Paper","Corporate","North","United Kingdom","42.71","16.55","2","0.3876"
"2018-10-01","Office Supplies","Paper","Home Office","Central","France","116.28","19.8","6","0.1703"
"2018-10-01","Office Supplies","Paper","Home Office","North","United Kingdom","29.88","0.84","2","0.0281"
"2018-10-01","Office Supplies","Paper","Home Office","South","Spain","135.72","55.56","4","0.4094"
"2018-10-01","Office Supplies","Storage","Consumer","Central","Austria","1026.96","441.36","8","0.4298"
"2018-10-01","Office Supplies","Storage","Consumer","Central","France","527.26","123.22","16","0.2337"
"2018-10-01","Office Supplies","Storage","Consumer","Central","Germany","841.32","169.56","12","0.2015"
"2018-10-01","Office Supplies","Storage","Consumer","North","Norway","412.8","185.76","2","0.45"
"2018-10-01","Office Supplies","Storage","Consumer","North","Sweden","31.14","-2.58","4","-0.0829"
"2018-10-01","Office Supplies","Storage","Consumer","North","United Kingdom","243.78","-65.82","10","-0.27"
"2018-10-01","Office Supplies","Storage","Consumer","South","Italy","519.43","-24.92","15","-0.048"
"2018-10-01","Office Supplies","Storage","Consumer","South","Spain","462.13","169.33","4","0.3664"
"2018-10-01","Office Supplies","Storage","Corporate","Central","France","129.52","11.44","3","0.0883"
"2018-10-01","Office Supplies","Storage","Corporate","Central","Germany","412.05","86.76","10","0.2106"
"2018-10-01","Office Supplies","Storage","Home Office","North","United Kingdom","518.27","121.13","8","0.2337"
"2018-10-01","Office Supplies","Storage","Home Office","South","Spain","104.98","39.64","2","0.3776"
"2018-10-01","Office Supplies","Supplies","Consumer","Central","France","246.6","88.65","5","0.3595"
"2018-10-01","Office Supplies","Supplies","Consumer","Central","Germany","42.84","21.42","3","0.5"
"2018-10-01","Office Supplies","Supplies","Consumer","Central","Switzerland","340.41","20.37","7","0.0598"
"2018-10-01","Office Supplies","Supplies","Consumer","North","Denmark","88.68","-37.32","4","-0.4208"
"2018-10-01","Office Supplies","Supplies","Corporate","Central","Germany","458.7","83.28","11","0.1816"
"2018-10-01","Office Supplies","Supplies","Corporate","North","United Kingdom","141.48","9.84","4","0.0696"
"2018-10-01","Office Supplies","Supplies","Home Office","North","United Kingdom","184.38","4.11","6","0.0223"
"2018-10-01","Office Supplies","Supplies","Home Office","South","Spain","49.5","20.25","3","0.4091"
"2018-10-01","Technology","Accessories","Consumer","Central","France","254.88","109.53","3","0.4297"
"2018-10-01","Technology","Accessories","Consumer","Central","Germany","336.6","158.13","3","0.4698"
"2018-10-01","Technology","Accessories","Corporate","Central","France","703.74","146.58","10","0.2083"
"2018-10-01","Technology","Accessories","Corporate","Central","Germany","84.3","27.78","2","0.3295"
"2018-10-01","Technology","Copiers","Consumer","Central","Austria","1318.65","567","5","0.43"
"2018-10-01","Technology","Copiers","Consumer","Central","France","3292.25","202.97","15","0.0617"
"2018-10-01","Technology","Copiers","Consumer","Central","Germany","3742.62","422.76","14","0.113"
"2018-10-01","Technology","Copiers","Consumer","South","Spain","639.96","287.94","2","0.4499"
"2018-10-01","Technology","Copiers","Corporate","North","United Kingdom","1189.3","233.95","9","0.1967"
"2018-10-01","Technology","Copiers","Home Office","Central","Austria","319.98","143.97","1","0.4499"
"2018-10-01","Technology","Copiers","Home Office","Central","Germany","1192.56","59.52","4","0.0499"
"2018-10-01","Technology","Copiers","Home Office","North","United Kingdom","898.38","116.76","7","0.13"
"2018-10-01","Technology","Copiers","Home Office","South","Italy","574.47","143.55","3","0.2499"
"2018-10-01","Technology","Machines","Consumer","Central","Austria","509.76","234.36","6","0.4597"
"2018-10-01","Technology","Machines","Consumer","Central","France","1470.36","76.53","7","0.052"
"2018-10-01","Technology","Machines","Consumer","Central","Germany","1671.21","74.76","9","0.0447"
"2018-10-01","Technology","Machines","Consumer","North","Norway","338.4","118.44","4","0.35"
"2018-10-01","Technology","Machines","Consumer","North","United Kingdom","1166.58","241.29","6","0.2068"
"2018-10-01","Technology","Machines","Consumer","South","Spain","280.12","9.32","1","0.0333"
"2018-10-01","Technology","Machines","Corporate","Central","France","2489.82","298.68","11","0.12"
"2018-10-01","Technology","Machines","Corporate","Central","Germany","1269.84","545.82","11","0.4298"
"2018-10-01","Technology","Machines","Corporate","South","Italy","1241.91","-740.34","9","-0.5961"
"2018-10-01","Technology","Machines","Home Office","North","United Kingdom","1786.4","412.76","12","0.2311"
"2018-10-01","Technology","Phones","Consumer","Central","Austria","1057.5","375.72","7","0.3553"
"2018-10-01","Technology","Phones","Consumer","Central","France","824.47","145.45","8","0.1764"
"2018-10-01","Technology","Phones","Consumer","Central","Germany","611.86","72.68","6","0.1188"
"2018-10-01","Technology","Phones","Consumer","Central","Switzerland","415.71","137.16","3","0.3299"
"2018-10-01","Technology","Phones","Consumer","North","United Kingdom","2888.76","341.4","6","0.1182"
"2018-10-01","Technology","Phones","Consumer","South","Italy","350.64","-46.8","8","-0.1335"
"2018-10-01","Technology","Phones","Consumer","South","Portugal","143.22","-128.94","2","-0.9003"
"2018-10-01","Technology","Phones","Corporate","Central","Germany","130.44","30","2","0.23"
"2018-10-01","Technology","Phones","Corporate","North","United Kingdom","223.83","58.14","3","0.2598"
"2018-10-01","Technology","Phones","Corporate","South","Italy","545.09","-73","11","-0.1339"
"2018-10-01","Technology","Phones","Home Office","Central","Germany","554.85","92.4","5","0.1665"
"2018-10-01","Technology","Phones","Home Office","North","United Kingdom","955.5","276.99","7","0.2899"
"2018-11-01","Furniture","Bookcases","Consumer","Central","France","1045.95","283.74","7","0.2713"
"2018-11-01","Furniture","Bookcases","Consumer","Central","Netherlands","2413.15","-1790.72","17","-0.7421"
"2018-11-01","Furniture","Bookcases","Consumer","North","Norway","872.13","252.84","7","0.2899"
"2018-11-01","Furniture","Bookcases","Consumer","North","United Kingdom","674.24","217.22","6","0.3222"
"2018-11-01","Furniture","Bookcases","Consumer","South","Italy","430.11","94.59","3","0.2199"
"2018-11-01","Furniture","Bookcases","Consumer","South","Spain","786.96","184.32","4","0.2342"
"2018-11-01","Furniture","Bookcases","Corporate","Central","Belgium","143.37","31.53","1","0.2199"
"2018-11-01","Furniture","Bookcases","Corporate","Central","France","2044.2","520.32","14","0.2545"
"2018-11-01","Furniture","Bookcases","Corporate","Central","Germany","3503.22","79.05","16","0.0226"
"2018-11-01","Furniture","Bookcases","Corporate","North","United Kingdom","723.72","253.26","2","0.3499"
"2018-11-01","Furniture","Bookcases","Corporate","South","Italy","1610.52","146.19","4","0.0908"
"2018-11-01","Furniture","Bookcases","Corporate","South","Spain","565.8","271.56","4","0.48"
"2018-11-01","Furniture","Bookcases","Home Office","Central","Germany","705.35","101.87","4","0.1444"
"2018-11-01","Furniture","Bookcases","Home Office","North","United Kingdom","626.7","300.75","5","0.4799"
"2018-11-01","Furniture","Chairs","Consumer","Central","Austria","3221.4","1127.49","7","0.35"
"2018-11-01","Furniture","Chairs","Consumer","Central","France","6161.67","106.35","21","0.0173"
"2018-11-01","Furniture","Chairs","Consumer","Central","Germany","1324.05","211.44","12","0.1597"
"2018-11-01","Furniture","Chairs","Consumer","North","United Kingdom","668.22","106.89","7","0.16"
"2018-11-01","Furniture","Chairs","Consumer","South","Spain","388.87","-82.64","3","-0.2125"
"2018-11-01","Furniture","Chairs","Corporate","Central","Belgium","496.53","178.74","3","0.36"
"2018-11-01","Furniture","Chairs","Corporate","Central","France","618.3","178.5","5","0.2887"
"2018-11-01","Furniture","Chairs","Corporate","Central","Germany","473.15","41.99","4","0.0887"
"2018-11-01","Furniture","Chairs","Corporate","North","Denmark","97.89","-45.03","2","-0.46"
"2018-11-01","Furniture","Chairs","Corporate","North","Sweden","184.86","-25.92","6","-0.1402"
"2018-11-01","Furniture","Chairs","Corporate","North","United Kingdom","683.79","136.29","12","0.1993"
"2018-11-01","Furniture","Chairs","Home Office","Central","Germany","112.16","14.9","2","0.1328"
"2018-11-01","Furniture","Furnishings","Consumer","Central","France","736.68","311.01","17","0.4222"
"2018-11-01","Furniture","Furnishings","Consumer","Central","Germany","340.6","118.78","10","0.3487"
"2018-11-01","Furniture","Furnishings","Consumer","Central","Netherlands","120.89","-16.63","3","-0.1376"
"2018-11-01","Furniture","Furnishings","Consumer","North","Denmark","50.4","-27.75","5","-0.5506"
"2018-11-01","Furniture","Furnishings","Consumer","North","United Kingdom","569.88","-140.52","9","-0.2466"
"2018-11-01","Furniture","Furnishings","Consumer","South","Spain","102.78","29.76","2","0.2896"
"2018-11-01","Furniture","Furnishings","Corporate","Central","France","114.87","16.08","1","0.14"
"2018-11-01","Furniture","Furnishings","Corporate","Central","Germany","290.85","17.4","5","0.0598"
"2018-11-01","Furniture","Furnishings","Corporate","South","Italy","549.75","60.45","5","0.11"
"2018-11-01","Furniture","Furnishings","Corporate","South","Spain","432.6","47.52","4","0.1098"
"2018-11-01","Furniture","Furnishings","Home Office","Central","Germany","50.22","15.54","1","0.3094"
"2018-11-01","Furniture","Furnishings","Home Office","South","Spain","103.2","49.5","2","0.4797"
"2018-11-01","Furniture","Tables","Corporate","South","Italy","529.32","-391.8","4","-0.7402"
"2018-11-01","Office Supplies","Appliances","Consumer","Central","France","3150.82","-35.09","7","-0.0111"
"2018-11-01","Office Supplies","Appliances","Consumer","North","United Kingdom","355.44","96.96","6","0.2728"
"2018-11-01","Office Supplies","Appliances","Consumer","South","Spain","558.42","0","2","0"
"2018-11-01","Office Supplies","Appliances","Corporate","Central","France","225.83","-5.02","3","-0.0222"
"2018-11-01","Office Supplies","Appliances","Corporate","Central","Germany","268.92","110.52","3","0.411"
"2018-11-01","Office Supplies","Appliances","Corporate","North","Sweden","115.06","-39.2","3","-0.3406"
"2018-11-01","Office Supplies","Appliances","Corporate","North","United Kingdom","933.21","27.99","3","0.03"
"2018-11-01","Office Supplies","Appliances","Corporate","South","Spain","115.02","4.56","2","0.0396"
"2018-11-01","Office Supplies","Appliances","Home Office","Central","Germany","1397.17","155.17","3","0.1111"
"2018-11-01","Office Supplies","Art","Consumer","Central","Austria","228.45","36.45","5","0.1596"
"2018-11-01","Office Supplies","Art","Consumer","Central","Belgium","69.75","13.23","3","0.1897"
"2018-11-01","Office Supplies","Art","Consumer","Central","France","1367.34","423.3","42","0.3096"
"2018-11-01","Office Supplies","Art","Consumer","Central","Germany","1039.25","168.26","30","0.1619"
"2018-11-01","Office Supplies","Art","Consumer","Central","Netherlands","237.18","-36.63","16","-0.1544"
"2018-11-01","Office Supplies","Art","Consumer","North","Denmark","119","-82.4","5","-0.6924"
"2018-11-01","Office Supplies","Art","Consumer","North","Ireland","26.37","-4.77","2","-0.1809"
"2018-11-01","Office Supplies","Art","Consumer","North","United Kingdom","481.38","100.74","16","0.2093"
"2018-11-01","Office Supplies","Art","Consumer","South","Italy","475.65","134.94","13","0.2837"
"2018-11-01","Office Supplies","Art","Consumer","South","Spain","533.67","86.04","24","0.1612"
"2018-11-01","Office Supplies","Art","Corporate","Central","France","1065.84","300.21","34","0.2817"
"2018-11-01","Office Supplies","Art","Corporate","Central","Germany","636.97","156.82","17","0.2462"
"2018-11-01","Office Supplies","Art","Corporate","North","United Kingdom","99.12","18.6","4","0.1877"
"2018-11-01","Office Supplies","Art","Corporate","South","Italy","390.27","101.22","16","0.2594"
"2018-11-01","Office Supplies","Art","Home Office","Central","France","73.86","28.29","3","0.383"
"2018-11-01","Office Supplies","Art","Home Office","Central","Germany","126.75","34.2","5","0.2698"
"2018-11-01","Office Supplies","Art","Home Office","Central","Netherlands","76.56","-42.96","8","-0.5611"
"2018-11-01","Office Supplies","Art","Home Office","North","Norway","27.96","1.11","1","0.0397"
"2018-11-01","Office Supplies","Art","Home Office","North","United Kingdom","52.2","13.56","2","0.2598"
"2018-11-01","Office Supplies","Art","Home Office","South","Italy","414.72","62.16","8","0.1499"
"2018-11-01","Office Supplies","Binders","Consumer","Central","Austria","28.02","10.32","2","0.3683"
"2018-11-01","Office Supplies","Binders","Consumer","Central","France","610.05","189.6","40","0.3108"
"2018-11-01","Office Supplies","Binders","Consumer","Central","Germany","645.58","244.69","23","0.379"
"2018-11-01","Office Supplies","Binders","Consumer","Central","Netherlands","138.96","-37.44","12","-0.2694"
"2018-11-01","Office Supplies","Binders","Consumer","South","Italy","228.15","65.19","8","0.2857"
"2018-11-01","Office Supplies","Binders","Consumer","South","Spain","168.39","28.74","11","0.1707"
"2018-11-01","Office Supplies","Binders","Corporate","Central","Belgium","151.02","9","3","0.0596"
"2018-11-01","Office Supplies","Binders","Corporate","Central","France","869.46","207.63","45","0.2388"
"2018-11-01","Office Supplies","Binders","Corporate","Central","Germany","475","10.45","23","0.022"
"2018-11-01","Office Supplies","Binders","Corporate","North","Denmark","32.55","-12.45","5","-0.3825"
"2018-11-01","Office Supplies","Binders","Corporate","North","Norway","33.3","9.3","2","0.2793"
"2018-11-01","Office Supplies","Binders","Corporate","North","United Kingdom","18.54","8.1","2","0.4369"
"2018-11-01","Office Supplies","Binders","Corporate","South","Italy","129.54","44.52","4","0.3437"
"2018-11-01","Office Supplies","Binders","Corporate","South","Portugal","25.2","-2.1","5","-0.0833"
"2018-11-01","Office Supplies","Binders","Corporate","South","Spain","338.91","94.71","11","0.2795"
"2018-11-01","Office Supplies","Binders","Home Office","Central","France","86.4","4.32","6","0.05"
"2018-11-01","Office Supplies","Binders","Home Office","Central","Germany","356.16","163.8","7","0.4599"
"2018-11-01","Office Supplies","Binders","Home Office","North","United Kingdom","144.9","17.37","3","0.1199"
"2018-11-01","Office Supplies","Envelopes","Consumer","Central","Austria","298.38","40.32","10","0.1351"
"2018-11-01","Office Supplies","Envelopes","Consumer","Central","France","9.9","3.96","1","0.4"
"2018-11-01","Office Supplies","Envelopes","Consumer","South","Italy","97.32","31.14","2","0.32"
"2018-11-01","Office Supplies","Envelopes","Consumer","South","Spain","103.2","44.28","4","0.4291"
"2018-11-01","Office Supplies","Envelopes","Corporate","Central","Germany","54.33","17.37","2","0.3197"
"2018-11-01","Office Supplies","Envelopes","Corporate","North","Sweden","86.62","-83.18","5","-0.9602"
"2018-11-01","Office Supplies","Envelopes","Corporate","North","United Kingdom","111.51","24.48","3","0.2195"
"2018-11-01","Office Supplies","Envelopes","Corporate","South","Italy","596.07","197.49","18","0.3313"
"2018-11-01","Office Supplies","Envelopes","Corporate","South","Spain","127.59","35.52","4","0.2784"
"2018-11-01","Office Supplies","Envelopes","Home Office","Central","Germany","184.8","42.45","5","0.2297"
"2018-11-01","Office Supplies","Envelopes","Home Office","Central","Netherlands","71.72","-46.1","7","-0.6428"
"2018-11-01","Office Supplies","Fasteners","Consumer","Central","Austria","79.08","39.48","4","0.4992"
"2018-11-01","Office Supplies","Fasteners","Consumer","Central","France","154.62","6.63","15","0.0429"
"2018-11-01","Office Supplies","Fasteners","Consumer","Central","Germany","58.97","18.29","6","0.3101"
"2018-11-01","Office Supplies","Fasteners","Consumer","North","Norway","41.94","7.92","3","0.1888"
"2018-11-01","Office Supplies","Fasteners","Corporate","Central","Belgium","96","48","5","0.5"
"2018-11-01","Office Supplies","Fasteners","Corporate","Central","France","115.2","45.9","10","0.3984"
"2018-11-01","Office Supplies","Fasteners","Corporate","Central","Germany","162.93","62.52","14","0.3837"
"2018-11-01","Office Supplies","Fasteners","Corporate","North","United Kingdom","24.75","10.62","3","0.4291"
"2018-11-01","Office Supplies","Fasteners","Corporate","South","Italy","33","14.16","4","0.4291"
"2018-11-01","Office Supplies","Fasteners","Corporate","South","Spain","24.72","4.92","2","0.199"
"2018-11-01","Office Supplies","Fasteners","Home Office","Central","Netherlands","41.48","-14.18","5","-0.3418"
"2018-11-01","Office Supplies","Fasteners","Home Office","North","United Kingdom","13.11","4.44","1","0.3387"
"2018-11-01","Office Supplies","Labels","Consumer","Central","France","46.2","14.25","5","0.3084"
"2018-11-01","Office Supplies","Labels","Consumer","Central","Germany","12.85","2.11","2","0.1643"
"2018-11-01","Office Supplies","Labels","Consumer","Central","Netherlands","42.3","-15.3","12","-0.3617"
"2018-11-01","Office Supplies","Labels","Consumer","North","Ireland","13.29","-8.55","2","-0.6433"
"2018-11-01","Office Supplies","Labels","Consumer","North","Sweden","13.2","-13.2","2","-1"
"2018-11-01","Office Supplies","Labels","Consumer","North","United Kingdom","38.85","0","5","0"
"2018-11-01","Office Supplies","Labels","Consumer","South","Italy","127.98","24.12","14","0.1885"
"2018-11-01","Office Supplies","Labels","Consumer","South","Spain","123.39","26.46","11","0.2144"
"2018-11-01","Office Supplies","Labels","Corporate","North","United Kingdom","16.5","3.12","2","0.1891"
"2018-11-01","Office Supplies","Labels","Corporate","South","Italy","22.68","3.6","2","0.1587"
"2018-11-01","Office Supplies","Labels","Home Office","Central","Germany","34.02","5.04","3","0.1481"
"2018-11-01","Office Supplies","Labels","Home Office","North","Norway","70.38","32.22","6","0.4578"
"2018-11-01","Office Supplies","Labels","Home Office","North","United Kingdom","19.5","-6.66","4","-0.3415"
"2018-11-01","Office Supplies","Paper","Consumer","Central","Austria","36.24","7.2","2","0.1987"
"2018-11-01","Office Supplies","Paper","Consumer","Central","France","235.95","78.78","7","0.3339"
"2018-11-01","Office Supplies","Paper","Consumer","Central","Germany","220.49","81.29","5","0.3687"
"2018-11-01","Office Supplies","Paper","Consumer","Central","Netherlands","158.13","-63.42","7","-0.4011"
"2018-11-01","Office Supplies","Paper","Consumer","North","United Kingdom","200.12","61.36","7","0.3066"
"2018-11-01","Office Supplies","Paper","Consumer","South","Italy","201.69","88.56","9","0.4391"
"2018-11-01","Office Supplies","Paper","Consumer","South","Spain","158.22","31.5","6","0.1991"
"2018-11-01","Office Supplies","Paper","Corporate","Central","France","140.22","11.28","9","0.0804"
"2018-11-01","Office Supplies","Paper","Corporate","Central","Germany","97.92","20.52","3","0.2096"
"2018-11-01","Office Supplies","Paper","Corporate","South","Spain","91.08","43.32","4","0.4756"
"2018-11-01","Office Supplies","Paper","Home Office","Central","France","119.28","35.76","4","0.2998"
"2018-11-01","Office Supplies","Paper","Home Office","Central","Germany","84.9","32.25","5","0.3799"
"2018-11-01","Office Supplies","Storage","Consumer","Central","Austria","1654.92","196.56","9","0.1188"
"2018-11-01","Office Supplies","Storage","Consumer","Central","Belgium","293.58","88.02","6","0.2998"
"2018-11-01","Office Supplies","Storage","Consumer","Central","France","862","12.88","10","0.0149"
"2018-11-01","Office Supplies","Storage","Consumer","Central","Germany","1919.46","169.77","28","0.0884"
"2018-11-01","Office Supplies","Storage","Consumer","Central","Netherlands","539.49","-264.93","8","-0.4911"
"2018-11-01","Office Supplies","Storage","Consumer","North","Denmark","151.88","-3.08","5","-0.0202"
"2018-11-01","Office Supplies","Storage","Consumer","North","United Kingdom","633.57","128.49","14","0.2028"
"2018-11-01","Office Supplies","Storage","Consumer","South","Italy","169.22","-73.09","13","-0.4319"
"2018-11-01","Office Supplies","Storage","Consumer","South","Spain","3144.34","403.09","28","0.1282"
"2018-11-01","Office Supplies","Storage","Corporate","Central","Belgium","409.14","85.86","3","0.2099"
"2018-11-01","Office Supplies","Storage","Corporate","Central","France","834.84","-4.44","19","-0.0053"
"2018-11-01","Office Supplies","Storage","Corporate","Central","Germany","478.09","-1.04","9","-0.0022"
"2018-11-01","Office Supplies","Storage","Corporate","North","Norway","424.2","161.16","2","0.3799"
"2018-11-01","Office Supplies","Storage","Corporate","North","United Kingdom","146.34","59.28","2","0.4051"
"2018-11-01","Office Supplies","Storage","Corporate","South","Italy","1115.71","-350.6","13","-0.3142"
"2018-11-01","Office Supplies","Storage","Corporate","South","Portugal","274.68","-274.68","4","-1"
"2018-11-01","Office Supplies","Storage","Corporate","South","Spain","499.45","14.89","11","0.0298"
"2018-11-01","Office Supplies","Storage","Home Office","Central","Austria","396.9","178.56","2","0.4499"
"2018-11-01","Office Supplies","Storage","Home Office","Central","France","1067.26","395.26","8","0.3703"
"2018-11-01","Office Supplies","Storage","Home Office","Central","Germany","1561.9","137.56","18","0.0881"
"2018-11-01","Office Supplies","Storage","Home Office","North","United Kingdom","86.8","-45.22","3","-0.521"
"2018-11-01","Office Supplies","Supplies","Consumer","Central","Austria","19.23","1.14","1","0.0593"
"2018-11-01","Office Supplies","Supplies","Consumer","Central","France","405.84","63.6","20","0.1567"
"2018-11-01","Office Supplies","Supplies","Consumer","North","Ireland","23.38","-3.28","1","-0.1405"
"2018-11-01","Office Supplies","Supplies","Consumer","North","United Kingdom","216","30.24","9","0.14"
"2018-11-01","Office Supplies","Supplies","Consumer","South","Spain","412.14","130.26","13","0.3161"
"2018-11-01","Office Supplies","Supplies","Corporate","Central","Belgium","111.45","34.5","5","0.3096"
"2018-11-01","Office Supplies","Supplies","Corporate","Central","France","527.85","82.92","20","0.1571"
"2018-11-01","Office Supplies","Supplies","Corporate","Central","Germany","136.5","5.4","5","0.0396"
"2018-11-01","Office Supplies","Supplies","Corporate","North","Denmark","74.88","0","3","0"
"2018-11-01","Office Supplies","Supplies","Corporate","North","United Kingdom","74.34","8.91","3","0.1199"
"2018-11-01","Office Supplies","Supplies","Home Office","South","Spain","174.57","50.37","5","0.2885"
"2018-11-01","Technology","Accessories","Consumer","Central","France","365.52","122.55","11","0.3353"
"2018-11-01","Technology","Accessories","Consumer","Central","Germany","437.28","108.78","6","0.2488"
"2018-11-01","Technology","Accessories","Consumer","Central","Netherlands","107.55","-30.15","5","-0.2803"
"2018-11-01","Technology","Accessories","Consumer","South","Spain","539.7","113.1","11","0.2096"
"2018-11-01","Technology","Accessories","Corporate","Central","Belgium","424.8","182.55","5","0.4297"
"2018-11-01","Technology","Accessories","Corporate","Central","France","1254.6","218.13","12","0.1739"
"2018-11-01","Technology","Accessories","Corporate","Central","Germany","186.84","29.88","4","0.1599"
"2018-11-01","Technology","Accessories","Corporate","South","Portugal","174.46","-69.8","3","-0.4001"
"2018-11-01","Technology","Accessories","Home Office","Central","Germany","165.96","-112.92","4","-0.6804"
"2018-11-01","Technology","Accessories","Home Office","South","Spain","58.98","7.62","2","0.1292"
"2018-11-01","Technology","Copiers","Consumer","Central","Austria","1846.11","793.8","7","0.43"
"2018-11-01","Technology","Copiers","Consumer","Central","France","1379.19","-19.95","8","-0.0145"
"2018-11-01","Technology","Copiers","Consumer","Central","Germany","1214.88","352.23","4","0.2899"
"2018-11-01","Technology","Copiers","Consumer","Central","Netherlands","508.71","-210.27","4","-0.4133"
"2018-11-01","Technology","Copiers","Consumer","North","United Kingdom","1107.18","309.42","6","0.2795"
"2018-11-01","Technology","Copiers","Consumer","South","Italy","743.4","89.1","5","0.1199"
"2018-11-01","Technology","Copiers","Consumer","South","Spain","2056.95","431.76","7","0.2099"
"2018-11-01","Technology","Copiers","Corporate","Central","France","1288.26","287.1","8","0.2229"
"2018-11-01","Technology","Copiers","Corporate","Central","Germany","1142","-59.92","4","-0.0525"
"2018-11-01","Technology","Copiers","Corporate","North","Sweden","662.78","-212.18","5","-0.3201"
"2018-11-01","Technology","Copiers","Corporate","South","Spain","497.64","79.56","4","0.1599"
"2018-11-01","Technology","Copiers","Home Office","Central","Germany","2478.84","272.58","7","0.11"
"2018-11-01","Technology","Copiers","Home Office","North","Norway","599.16","0","2","0"
"2018-11-01","Technology","Machines","Consumer","Central","France","1241.95","303.85","7","0.2447"
"2018-11-01","Technology","Machines","Consumer","Central","Germany","315.31","42.01","2","0.1332"
"2018-11-01","Technology","Machines","Consumer","Central","Netherlands","80.16","-56.16","4","-0.7006"
"2018-11-01","Technology","Machines","Consumer","North","Denmark","50.7","-48.72","2","-0.9609"
"2018-11-01","Technology","Machines","Consumer","South","Italy","209.09","-20.95","2","-0.1002"
"2018-11-01","Technology","Machines","Consumer","South","Spain","291.92","12.92","4","0.0443"
"2018-11-01","Technology","Machines","Corporate","Central","France","4927.47","614.82","27","0.1248"
"2018-11-01","Technology","Machines","Corporate","North","Sweden","671.25","-308.85","5","-0.4601"
"2018-11-01","Technology","Machines","Home Office","Central","France","313.73","-40.6","3","-0.1294"
"2018-11-01","Technology","Machines","Home Office","Central","Germany","1282.06","-839.27","11","-0.6546"
"2018-11-01","Technology","Phones","Consumer","Central","France","296.92","52.36","2","0.1763"
"2018-11-01","Technology","Phones","Consumer","Central","Germany","1464.51","406.71","12","0.2777"
"2018-11-01","Technology","Phones","Consumer","Central","Netherlands","592.23","-382.41","7","-0.6457"
"2018-11-01","Technology","Phones","Consumer","North","United Kingdom","1795.38","507.84","5","0.2829"
"2018-11-01","Technology","Phones","Consumer","South","Italy","147.89","-91.21","2","-0.6168"
"2018-11-01","Technology","Phones","Consumer","South","Spain","3138.97","360.31","7","0.1148"
"2018-11-01","Technology","Phones","Corporate","Central","France","575.97","77.19","5","0.134"
"2018-11-01","Technology","Phones","Corporate","North","Norway","391.32","90","6","0.23"
"2018-11-01","Technology","Phones","Corporate","South","Italy","1658.54","-471.76","5","-0.2844"
"2018-11-01","Technology","Phones","Corporate","South","Spain","1623.4","568","13","0.3499"
"2018-11-01","Technology","Phones","Home Office","Central","Germany","212.91","26.58","3","0.1248"
"2018-11-01","Technology","Phones","Home Office","North","United Kingdom","1032.75","258.84","6","0.2506"
"2018-12-01","Furniture","Bookcases","Consumer","Central","France","2299.75","-7.37","7","-0.0032"
"2018-12-01","Furniture","Bookcases","Consumer","Central","Germany","1314.43","377.83","4","0.2874"
"2018-12-01","Furniture","Bookcases","Consumer","North","United Kingdom","283.8","45.36","2","0.1598"
"2018-12-01","Furniture","Bookcases","Consumer","South","Italy","3046.86","896.76","11","0.2943"
"2018-12-01","Furniture","Bookcases","Consumer","South","Portugal","182.3","-11.02","3","-0.0605"
"2018-12-01","Furniture","Bookcases","Consumer","South","Spain","2188.05","1050.15","5","0.4799"
"2018-12-01","Furniture","Bookcases","Corporate","Central","France","1096.36","128.68","6","0.1174"
"2018-12-01","Furniture","Bookcases","Corporate","Central","Germany","223.4","89.36","2","0.4"
"2018-12-01","Furniture","Bookcases","Corporate","North","Sweden","313.35","-12.6","5","-0.0402"
"2018-12-01","Furniture","Bookcases","Corporate","North","United Kingdom","245.16","90.66","2","0.3698"
"2018-12-01","Furniture","Bookcases","Corporate","South","Spain","1542.42","171","6","0.1109"
"2018-12-01","Furniture","Bookcases","Home Office","North","United Kingdom","2379.62","740.18","6","0.311"
"2018-12-01","Furniture","Chairs","Consumer","Central","France","4192.98","-1257.96","23","-0.3"
"2018-12-01","Furniture","Chairs","Consumer","Central","Netherlands","516","-392.16","8","-0.76"
"2018-12-01","Furniture","Chairs","Consumer","North","Sweden","482.56","-260.18","12","-0.5392"
"2018-12-01","Furniture","Chairs","Consumer","North","United Kingdom","459.51","142.89","3","0.311"
"2018-12-01","Furniture","Chairs","Consumer","South","Italy","352.37","-238.63","11","-0.6772"
"2018-12-01","Furniture","Chairs","Corporate","Central","Germany","119.23","1.3","1","0.0109"
"2018-12-01","Furniture","Chairs","Corporate","Central","Netherlands","127.74","-46.02","4","-0.3603"
"2018-12-01","Furniture","Chairs","Corporate","South","Italy","23.68","-30.2","1","-1"
"2018-12-01","Furniture","Chairs","Corporate","South","Portugal","45.15","-15.39","2","-0.3409"
"2018-12-01","Furniture","Chairs","Home Office","Central","France","691.17","113.19","6","0.1638"
"2018-12-01","Furniture","Chairs","Home Office","Central","Germany","126.93","9.84","3","0.0775"
"2018-12-01","Furniture","Chairs","Home Office","North","United Kingdom","68.31","26.64","1","0.39"
"2018-12-01","Furniture","Furnishings","Consumer","Central","France","1636.59","300.84","28","0.1838"
"2018-12-01","Furniture","Furnishings","Consumer","Central","Germany","601.73","177.32","22","0.2947"
"2018-12-01","Furniture","Furnishings","Consumer","Central","Netherlands","140.78","28.01","7","0.199"
"2018-12-01","Furniture","Furnishings","Consumer","North","Sweden","20","-22.03","1","-1"
"2018-12-01","Furniture","Furnishings","Consumer","North","United Kingdom","47.34","-113.76","5","-1"
"2018-12-01","Furniture","Furnishings","Consumer","South","Italy","213.84","53.46","2","0.25"
"2018-12-01","Furniture","Furnishings","Corporate","Central","Belgium","158.94","1.53","3","0.0096"
"2018-12-01","Furniture","Furnishings","Corporate","Central","Netherlands","78.29","-5.89","2","-0.0753"
"2018-12-01","Furniture","Furnishings","Corporate","North","Sweden","67.28","-85.81","9","-1"
"2018-12-01","Furniture","Furnishings","Corporate","North","United Kingdom","34.25","-10.3","1","-0.3007"
"2018-12-01","Furniture","Furnishings","Corporate","South","Spain","79.11","21.33","3","0.2696"
"2018-12-01","Furniture","Furnishings","Home Office","Central","France","232.62","104.64","2","0.4498"
"2018-12-01","Furniture","Furnishings","Home Office","Central","Germany","84.84","12.72","2","0.1499"
"2018-12-01","Furniture","Furnishings","Home Office","North","United Kingdom","403.26","-66.93","12","-0.166"
"2018-12-01","Furniture","Tables","Consumer","Central","France","2049.16","175.03","6","0.0854"
"2018-12-01","Furniture","Tables","Consumer","Central","Germany","2055.77","-425.74","5","-0.2071"
"2018-12-01","Office Supplies","Appliances","Consumer","Central","Belgium","1135.8","90.84","2","0.08"
"2018-12-01","Office Supplies","Appliances","Consumer","Central","France","2077.27","413.95","6","0.1993"
"2018-12-01","Office Supplies","Appliances","Consumer","Central","Germany","252.58","-11.24","1","-0.0445"
"2018-12-01","Office Supplies","Appliances","Consumer","Central","Netherlands","67.74","-62.34","2","-0.9203"
"2018-12-01","Office Supplies","Appliances","Consumer","North","Sweden","1582.11","-443.07","6","-0.2801"
"2018-12-01","Office Supplies","Appliances","Consumer","South","Spain","183.87","64.35","3","0.35"
"2018-12-01","Office Supplies","Appliances","Corporate","Central","France","2812.59","173.79","18","0.0618"
"2018-12-01","Office Supplies","Appliances","Corporate","North","Denmark","527.01","-189.75","2","-0.3601"
"2018-12-01","Office Supplies","Appliances","Corporate","South","Spain","152.28","44.16","2","0.29"
"2018-12-01","Office Supplies","Appliances","Home Office","Central","France","1703.56","-100.34","10","-0.0589"
"2018-12-01","Office Supplies","Art","Consumer","Central","France","1428.39","328.47","42","0.23"
"2018-12-01","Office Supplies","Art","Consumer","Central","Germany","1032.09","147.99","34","0.1434"
"2018-12-01","Office Supplies","Art","Consumer","North","Sweden","56.22","-33.33","3","-0.5928"
"2018-12-01","Office Supplies","Art","Consumer","North","United Kingdom","392.09","93.2","12","0.2377"
"2018-12-01","Office Supplies","Art","Consumer","South","Italy","537.48","148.74","17","0.2767"
"2018-12-01","Office Supplies","Art","Consumer","South","Portugal","25.26","-10.62","1","-0.4204"
"2018-12-01","Office Supplies","Art","Consumer","South","Spain","189.03","64.38","11","0.3406"
"2018-12-01","Office Supplies","Art","Corporate","Central","France","640.1","61.81","34","0.0966"
"2018-12-01","Office Supplies","Art","Corporate","Central","Germany","474","110.52","12","0.2332"
"2018-12-01","Office Supplies","Art","Corporate","Central","Netherlands","73.88","-73.88","5","-1"
"2018-12-01","Office Supplies","Art","Corporate","Central","Switzerland","151.56","43.92","3","0.2898"
"2018-12-01","Office Supplies","Art","Corporate","North","Sweden","38.96","-16.84","5","-0.4324"
"2018-12-01","Office Supplies","Art","Corporate","North","United Kingdom","105.33","13.05","2","0.1239"
"2018-12-01","Office Supplies","Art","Corporate","South","Italy","219.6","39.48","4","0.1798"
"2018-12-01","Office Supplies","Art","Corporate","South","Portugal","69.9","-64.35","5","-0.9206"
"2018-12-01","Office Supplies","Art","Corporate","South","Spain","106.86","23.46","5","0.2195"
"2018-12-01","Office Supplies","Art","Home Office","Central","France","38.28","8.4","2","0.2194"
"2018-12-01","Office Supplies","Art","Home Office","Central","Germany","159.6","67.53","6","0.4231"
"2018-12-01","Office Supplies","Art","Home Office","Central","Netherlands","30.27","-9.69","2","-0.3201"
"2018-12-01","Office Supplies","Art","Home Office","North","Ireland","74.2","-50.54","3","-0.681"
"2018-12-01","Office Supplies","Art","Home Office","North","United Kingdom","306.81","85.83","8","0.2797"
"2018-12-01","Office Supplies","Art","Home Office","South","Italy","19.14","4.2","1","0.2194"
"2018-12-01","Office Supplies","Binders","Consumer","Central","Belgium","158.1","64.8","5","0.4099"
"2018-12-01","Office Supplies","Binders","Consumer","Central","France","1782.81","404.49","73","0.2269"
"2018-12-01","Office Supplies","Binders","Consumer","Central","Germany","396.75","100.5","21","0.2533"
"2018-12-01","Office Supplies","Binders","Consumer","Central","Netherlands","76.41","-72.09","9","-0.9435"
"2018-12-01","Office Supplies","Binders","Consumer","North","Sweden","57.06","-45.42","4","-0.796"
"2018-12-01","Office Supplies","Binders","Consumer","North","United Kingdom","405.66","158.46","10","0.3906"
"2018-12-01","Office Supplies","Binders","Consumer","South","Portugal","50.34","-15.12","8","-0.3004"
"2018-12-01","Office Supplies","Binders","Corporate","Central","Austria","6.66","0.57","1","0.0856"
"2018-12-01","Office Supplies","Binders","Corporate","Central","Belgium","144.57","55.47","5","0.3837"
"2018-12-01","Office Supplies","Binders","Corporate","Central","France","395.43","157.92","19","0.3994"
"2018-12-01","Office Supplies","Binders","Corporate","Central","Germany","596","152.57","19","0.256"
"2018-12-01","Office Supplies","Binders","Corporate","Central","Netherlands","119.38","-88.04","8","-0.7374"
"2018-12-01","Office Supplies","Binders","Corporate","North","Sweden","313.95","-238.68","13","-0.7602"
"2018-12-01","Office Supplies","Binders","Corporate","North","United Kingdom","298.83","99.54","13","0.3331"
"2018-12-01","Office Supplies","Binders","Corporate","South","Italy","45.45","6.3","3","0.1386"
"2018-12-01","Office Supplies","Binders","Corporate","South","Spain","37.08","16.65","3","0.449"
"2018-12-01","Office Supplies","Binders","Home Office","Central","France","370.35","74.01","15","0.1998"
"2018-12-01","Office Supplies","Binders","Home Office","Central","Germany","75.81","9.96","8","0.1314"
"2018-12-01","Office Supplies","Binders","Home Office","Central","Netherlands","22.86","-6.42","4","-0.2808"
"2018-12-01","Office Supplies","Binders","Home Office","North","Ireland","55.74","-0.06","4","-0.0011"
"2018-12-01","Office Supplies","Binders","Home Office","North","United Kingdom","194.83","0.61","12","0.0031"
"2018-12-01","Office Supplies","Binders","Home Office","South","Spain","157.77","37.8","3","0.2396"
"2018-12-01","Office Supplies","Envelopes","Consumer","Central","France","307.77","104.31","9","0.3389"
"2018-12-01","Office Supplies","Envelopes","Consumer","Central","Germany","24.93","1.98","3","0.0794"
"2018-12-01","Office Supplies","Envelopes","Consumer","Central","Netherlands","20.16","-4.86","3","-0.2411"
"2018-12-01","Office Supplies","Envelopes","Consumer","North","United Kingdom","264.51","93.18","12","0.3523"
"2018-12-01","Office Supplies","Envelopes","Consumer","South","Spain","197.28","19.68","4","0.0998"
"2018-12-01","Office Supplies","Envelopes","Corporate","Central","France","180.21","50.07","12","0.2778"
"2018-12-01","Office Supplies","Envelopes","Corporate","Central","Germany","225.9","60.84","6","0.2693"
"2018-12-01","Office Supplies","Envelopes","Corporate","North","United Kingdom","203.06","41.06","6","0.2022"
"2018-12-01","Office Supplies","Envelopes","Home Office","Central","France","89.88","19.77","5","0.22"
"2018-12-01","Office Supplies","Envelopes","Home Office","Central","Netherlands","42.09","-26.13","2","-0.6208"
"2018-12-01","Office Supplies","Envelopes","Home Office","North","United Kingdom","184.9","36.94","4","0.1998"
"2018-12-01","Office Supplies","Fasteners","Consumer","Central","France","154.11","67.59","10","0.4386"
"2018-12-01","Office Supplies","Fasteners","Consumer","Central","Germany","50.06","1.25","5","0.0249"
"2018-12-01","Office Supplies","Fasteners","Consumer","North","Sweden","33.83","-12.98","5","-0.3836"
"2018-12-01","Office Supplies","Fasteners","Consumer","North","United Kingdom","82.89","21.87","6","0.2638"
"2018-12-01","Office Supplies","Fasteners","Consumer","South","Portugal","32.94","-9.9","6","-0.3005"
"2018-12-01","Office Supplies","Fasteners","Corporate","Central","France","109.8","37.59","10","0.3423"
"2018-12-01","Office Supplies","Fasteners","Corporate","Central","Germany","108.96","52.08","8","0.478"
"2018-12-01","Office Supplies","Fasteners","Home Office","Central","France","32.52","16.26","2","0.5"
"2018-12-01","Office Supplies","Fasteners","Home Office","North","United Kingdom","27.18","0","2","0"
"2018-12-01","Office Supplies","Labels","Consumer","Central","France","187.83","38.88","21","0.207"
"2018-12-01","Office Supplies","Labels","Consumer","Central","Germany","94.5","13.86","14","0.1467"
"2018-12-01","Office Supplies","Labels","Consumer","North","Ireland","11.34","-7.74","2","-0.6825"
"2018-12-01","Office Supplies","Labels","Consumer","South","Italy","27.84","6.12","4","0.2198"
"2018-12-01","Office Supplies","Labels","Consumer","South","Spain","86.22","25.26","10","0.293"
"2018-12-01","Office Supplies","Labels","Corporate","Central","France","44.82","1.14","5","0.0254"
"2018-12-01","Office Supplies","Labels","Corporate","Central","Germany","34.02","5.4","3","0.1587"
"2018-12-01","Office Supplies","Labels","Corporate","Central","Netherlands","81.24","-33.06","21","-0.4069"
"2018-12-01","Office Supplies","Labels","Corporate","North","United Kingdom","96.96","9.57","13","0.0987"
"2018-12-01","Office Supplies","Labels","Home Office","Central","France","89.04","44.52","7","0.5"
"2018-12-01","Office Supplies","Labels","Home Office","Central","Germany","71.04","0.48","8","0.0068"
"2018-12-01","Office Supplies","Labels","Home Office","South","Italy","74.16","25.92","8","0.3495"
"2018-12-01","Office Supplies","Paper","Consumer","Central","Austria","23.82","6.18","1","0.2594"
"2018-12-01","Office Supplies","Paper","Consumer","Central","France","832.59","222.51","23","0.2673"
"2018-12-01","Office Supplies","Paper","Consumer","Central","Germany","53.76","8.04","4","0.1496"
"2018-12-01","Office Supplies","Paper","Consumer","North","Sweden","23.73","-2.43","2","-0.1024"
"2018-12-01","Office Supplies","Paper","Consumer","North","United Kingdom","417.99","85.02","16","0.2034"
"2018-12-01","Office Supplies","Paper","Consumer","South","Spain","94.92","42.6","4","0.4488"
"2018-12-01","Office Supplies","Paper","Corporate","Central","France","88.14","34.05","3","0.3863"
"2018-12-01","Office Supplies","Paper","Corporate","Central","Germany","48.3","5.31","1","0.1099"
"2018-12-01","Office Supplies","Paper","Corporate","North","United Kingdom","94.2","27.3","2","0.2898"
"2018-12-01","Office Supplies","Paper","Corporate","South","Italy","175.11","81.54","9","0.4657"
"2018-12-01","Office Supplies","Paper","Home Office","Central","France","90.45","28.8","5","0.3184"
"2018-12-01","Office Supplies","Paper","Home Office","North","Ireland","37.08","-4.5","3","-0.1214"
"2018-12-01","Office Supplies","Paper","Home Office","South","Italy","397.08","130.14","17","0.3277"
"2018-12-01","Office Supplies","Paper","Home Office","South","Spain","90.36","27.06","2","0.2995"
"2018-12-01","Office Supplies","Storage","Consumer","Central","France","2387.39","596.09","44","0.2497"
"2018-12-01","Office Supplies","Storage","Consumer","Central","Germany","33.75","13.47","2","0.3991"
"2018-12-01","Office Supplies","Storage","Consumer","Central","Netherlands","664.47","-331.83","12","-0.4994"
"2018-12-01","Office Supplies","Storage","Consumer","North","Ireland","152.46","-128.4","6","-0.8422"
"2018-12-01","Office Supplies","Storage","Consumer","North","United Kingdom","1249.32","220.2","32","0.1763"
"2018-12-01","Office Supplies","Storage","Consumer","South","Italy","860.4","-280.26","13","-0.3257"
"2018-12-01","Office Supplies","Storage","Consumer","South","Spain","917.03","166.55","8","0.1816"
"2018-12-01","Office Supplies","Storage","Corporate","Central","Belgium","78.75","6.3","7","0.08"
"2018-12-01","Office Supplies","Storage","Corporate","Central","France","1907.44","495.22","43","0.2596"
"2018-12-01","Office Supplies","Storage","Corporate","Central","Netherlands","1021.72","-137.3","14","-0.1344"
"2018-12-01","Office Supplies","Storage","Corporate","North","United Kingdom","973.56","161.16","6","0.1655"
"2018-12-01","Office Supplies","Storage","Corporate","South","Italy","245.48","-77.8","3","-0.3169"
"2018-12-01","Office Supplies","Storage","Corporate","South","Spain","91.26","15.51","5","0.17"
"2018-12-01","Office Supplies","Storage","Home Office","Central","France","151.15","15.19","5","0.1005"
"2018-12-01","Office Supplies","Storage","Home Office","Central","Netherlands","26.19","-24.66","3","-0.9416"
"2018-12-01","Office Supplies","Storage","Home Office","North","United Kingdom","1399.62","115.59","12","0.0826"
"2018-12-01","Office Supplies","Storage","Home Office","South","Italy","241.49","-124.81","3","-0.5168"
"2018-12-01","Office Supplies","Storage","Home Office","South","Spain","204.88","70.48","4","0.344"
"2018-12-01","Office Supplies","Supplies","Consumer","Central","Austria","82.5","33.75","5","0.4091"
"2018-12-01","Office Supplies","Supplies","Consumer","Central","France","413.16","137.64","12","0.3331"
"2018-12-01","Office Supplies","Supplies","Consumer","Central","Germany","532.77","60.63","17","0.1138"
"2018-12-01","Office Supplies","Supplies","Consumer","North","Sweden","36.66","-22.74","4","-0.6203"
"2018-12-01","Office Supplies","Supplies","Consumer","North","United Kingdom","427.41","38.34","9","0.0897"
"2018-12-01","Office Supplies","Supplies","Consumer","South","Italy","48.63","2.91","1","0.0598"
"2018-12-01","Office Supplies","Supplies","Consumer","South","Portugal","20.7","-17.46","3","-0.8435"
"2018-12-01","Office Supplies","Supplies","Corporate","Central","France","658.23","65.1","25","0.0989"
"2018-12-01","Office Supplies","Supplies","Corporate","Central","Netherlands","18.9","-0.78","1","-0.0413"
"2018-12-01","Office Supplies","Supplies","Corporate","Central","Switzerland","30.36","0.6","2","0.0198"
"2018-12-01","Office Supplies","Supplies","Home Office","Central","France","378.18","55.8","12","0.1475"
"2018-12-01","Office Supplies","Supplies","Home Office","North","United Kingdom","47.82","10.5","2","0.2196"
"2018-12-01","Office Supplies","Supplies","Home Office","South","Italy","471.39","65.49","16","0.1389"
"2018-12-01","Technology","Accessories","Consumer","Central","France","1810.95","315.45","23","0.1742"
"2018-12-01","Technology","Accessories","Consumer","Central","Germany","1105.14","118.8","5","0.1075"
"2018-12-01","Technology","Accessories","Consumer","North","Sweden","20.97","-5.46","1","-0.2604"
"2018-12-01","Technology","Accessories","Consumer","South","Italy","106.32","34.02","2","0.32"
"2018-12-01","Technology","Accessories","Corporate","Central","France","2907.54","368.52","15","0.1267"
"2018-12-01","Technology","Accessories","Corporate","Central","Germany","138.3","2.76","2","0.02"
"2018-12-01","Technology","Accessories","Corporate","North","United Kingdom","214.02","29.88","3","0.1396"
"2018-12-01","Technology","Accessories","Corporate","South","Portugal","121.9","-66.02","9","-0.5415"
"2018-12-01","Technology","Accessories","Home Office","Central","Germany","870.63","155.91","9","0.1791"
"2018-12-01","Technology","Copiers","Consumer","Central","France","416.72","93.14","2","0.2235"
"2018-12-01","Technology","Copiers","Consumer","Central","Germany","768","184.26","4","0.2399"
"2018-12-01","Technology","Copiers","Consumer","Central","Switzerland","1054.68","263.64","4","0.25"
"2018-12-01","Technology","Copiers","Consumer","North","United Kingdom","1433.43","-669.69","8","-0.4672"
"2018-12-01","Technology","Copiers","Consumer","South","Portugal","321.75","-193.05","5","-0.6"
"2018-12-01","Technology","Copiers","Consumer","South","Spain","678.03","45.48","5","0.0671"
"2018-12-01","Technology","Copiers","Corporate","Central","Belgium","2544.75","760.14","9","0.2987"
"2018-12-01","Technology","Copiers","Corporate","Central","France","1170.65","-56.08","4","-0.0479"
"2018-12-01","Technology","Copiers","Corporate","Central","Netherlands","378.81","-98.55","2","-0.2602"
"2018-12-01","Technology","Copiers","Corporate","Central","Switzerland","1913.4","899.1","10","0.4699"
"2018-12-01","Technology","Copiers","Corporate","North","United Kingdom","1599.9","719.85","5","0.4499"
"2018-12-01","Technology","Copiers","Corporate","South","Italy","290.7","93","2","0.3199"
"2018-12-01","Technology","Copiers","Corporate","South","Spain","285.48","128.46","2","0.45"
"2018-12-01","Technology","Copiers","Home Office","Central","France","1581.91","-106.43","11","-0.0673"
"2018-12-01","Technology","Copiers","Home Office","Central","Germany","585.63","103.98","5","0.1776"
"2018-12-01","Technology","Copiers","Home Office","North","Ireland","373.23","-253.89","6","-0.6803"
"2018-12-01","Technology","Copiers","Home Office","North","United Kingdom","1279.32","-639.72","8","-0.5"
"2018-12-01","Technology","Copiers","Home Office","South","Spain","530.22","180.24","2","0.3399"
"2018-12-01","Technology","Machines","Consumer","Central","France","1799.82","-15.45","14","-0.0086"
"2018-12-01","Technology","Machines","Consumer","Central","Germany","838.74","66.81","4","0.0797"
"2018-12-01","Technology","Machines","Consumer","North","Sweden","385.32","-90.33","4","-0.2344"
"2018-12-01","Technology","Machines","Consumer","North","United Kingdom","993.26","253.46","7","0.2552"
"2018-12-01","Technology","Machines","Consumer","South","Italy","98.39","-11.53","2","-0.1172"
"2018-12-01","Technology","Machines","Consumer","South","Spain","327.56","-14.62","3","-0.0446"
"2018-12-01","Technology","Machines","Corporate","Central","France","1342.32","75.24","6","0.0561"
"2018-12-01","Technology","Machines","Corporate","Central","Netherlands","418.68","-176.4","8","-0.4213"
"2018-12-01","Technology","Machines","Corporate","North","Sweden","42.48","-3.42","1","-0.0805"
"2018-12-01","Technology","Machines","Corporate","North","United Kingdom","261.03","10.44","1","0.04"
"2018-12-01","Technology","Machines","Corporate","South","Spain","131.27","45.17","2","0.3441"
"2018-12-01","Technology","Machines","Home Office","Central","Netherlands","107.5","-19.4","3","-0.1804"
"2018-12-01","Technology","Phones","Consumer","Central","France","3483.22","735.16","21","0.2111"
"2018-12-01","Technology","Phones","Consumer","Central","Germany","1733.28","521.34","9","0.3008"
"2018-12-01","Technology","Phones","Consumer","Central","Netherlands","68.3","-30.08","1","-0.4404"
"2018-12-01","Technology","Phones","Consumer","South","Italy","250.99","4.12","3","0.0164"
"2018-12-01","Technology","Phones","Consumer","South","Spain","663.17","66.8","11","0.1007"
"2018-12-01","Technology","Phones","Corporate","Central","France","1133.35","-2.3","10","-0.002"
"2018-12-01","Technology","Phones","Corporate","Central","Switzerland","292.44","35.04","4","0.1198"
"2018-12-01","Technology","Phones","Corporate","North","United Kingdom","1346.28","351.84","11","0.2613"
"2018-12-01","Technology","Phones","Home Office","Central","France","445.33","54.13","6","0.1216"
"2018-12-01","Technology","Phones","Home Office","Central","Germany","4417.35","1197.87","21","0.2712"
"2018-12-01","Technology","Phones","Home Office","South","Italy","117.4","-5.9","3","-0.0503"
"2018-12-01","Technology","Phones","Home Office","South","Spain","4627.37","1439.45","8","0.3111"
